n,clave,huella,empresa,fuente,token,id_externo,titulo,ubicacion,url,publicada,descubierta,cerrada,prefiltro,motivo,tipo_rol,puntaje,desglose,banderas,estado,notificada
1,greenhouse:sezzle:7903264003,sezzle:accountant,Sezzle,greenhouse,sezzle,7903264003,Accountant,"Colombia, Remote",https://job-boards.greenhouse.io/sezzle/jobs/7903264003,2026-08-19T14:39:54-04:00,2026-09-21T16:33:41-05:00,,no,titulo fuera de perfil,desarrollo,,,,nueva,
2,greenhouse:sezzle:7905542003,sezzle:accountant,Sezzle,greenhouse,sezzle,7905542003,Accountant,"Chile, Remote",https://job-boards.greenhouse.io/sezzle/jobs/7905542003,2026-08-19T14:57:46-04:00,2026-09-21T16:33:41-05:00,,no,titulo fuera de perfil,desarrollo,,,,nueva,
3,greenhouse:sezzle:7903949003,sezzle:accountant,Sezzle,greenhouse,sezzle,7903949003,Accountant,"Mexico, Remote",https://job-boards.greenhouse.io/sezzle/jobs/7903949003,2026-08-19T14:39:56-04:00,2026-09-21T16:33:41-05:00,,no,titulo fuera de perfil,desarrollo,,,,nueva,
4,greenhouse:sezzle:7903948003,sezzle:accountant,Sezzle,greenhouse,sezzle,7903948003,Accountant,"Brazil, Remote",https://job-boards.greenhouse.io/sezzle/jobs/7903948003,2026-08-19T14:39:56-04:00,2026-09-21T16:33:41-05:00,,no,titulo fuera de perfil,desarrollo,,,,nueva,
5,greenhouse:sezzle:7903933003,sezzle:accountant,Sezzle,greenhouse,sezzle,7903933003,Accountant,"Argentina, Remote",https://job-boards.greenhouse.io/sezzle/jobs/7903933003,2026-08-19T14:39:55-04:00,2026-09-21T16:33:41-05:00,,no,titulo fuera de perfil,desarrollo,,,,nueva,
6,greenhouse:sezzle:7903920003,sezzle:accountant,Sezzle,greenhouse,sezzle,7903920003,Accountant,Latin America,https://job-boards.greenhouse.io/sezzle/jobs/7903920003,2026-08-19T14:39:54-04:00,2026-09-21T16:33:41-05:00,,no,titulo fuera de perfil,desarrollo,,,,nueva,
7,greenhouse:sezzle:7980309003,sezzle:aiengineeringintern,Sezzle,greenhouse,sezzle,7980309003,A.I. Engineering Intern,Latin America,https://job-boards.greenhouse.io/sezzle/jobs/7980309003,2026-08-28T09:51:09-04:00,2026-09-21T16:33:41-05:00,,si,ubicacion compatible,desarrollo,4.5,"stack 3.4 (bruto 8.5) | seniority 4 (intern, desarrollo) | contexto 8",,nueva,
8,greenhouse:sezzle:7979992003,sezzle:aiengineeringintern,Sezzle,greenhouse,sezzle,7979992003,A.I. Engineering Intern,"Chile, Remote",https://job-boards.greenhouse.io/sezzle/jobs/7979992003,2026-08-28T09:51:04-04:00,2026-09-21T16:33:41-05:00,,no,ubicacion fuera de Colombia/LATAM/remoto global,desarrollo,,,,nueva,
9,greenhouse:sezzle:7980003003,sezzle:aiengineeringintern,Sezzle,greenhouse,sezzle,7980003003,A.I. Engineering Intern,"Mexico, Remote",https://job-boards.greenhouse.io/sezzle/jobs/7980003003,2026-08-28T09:51:06-04:00,2026-09-21T16:33:41-05:00,,no,ubicacion fuera de Colombia/LATAM/remoto global,desarrollo,,,,nueva,
10,greenhouse:sezzle:7980015003,sezzle:aiengineeringintern,Sezzle,greenhouse,sezzle,7980015003,A.I. Engineering Intern,"Brazil, Remote",https://job-boards.greenhouse.io/sezzle/jobs/7980015003,2026-08-28T09:51:07-04:00,2026-09-21T16:33:41-05:00,,no,ubicacion fuera de Colombia/LATAM/remoto global,desarrollo,,,,nueva,
11,greenhouse:sezzle:7906563003,sezzle:aiengineeringintern,Sezzle,greenhouse,sezzle,7906563003,AI Engineering Intern,Peru,https://job-boards.greenhouse.io/sezzle/jobs/7906563003,2026-08-19T16:27:34-04:00,2026-09-21T16:33:41-05:00,,no,ubicacion fuera de Colombia/LATAM/remoto global,desarrollo,,,,nueva,
12,greenhouse:sezzle:7750230003,sezzle:aiengineeringinterncolombia,Sezzle,greenhouse,sezzle,7750230003,A.I. Engineering Intern (Colombia),"Bogota, Colombia",https://job-boards.greenhouse.io/sezzle/jobs/7750230003,2026-05-27T17:21:06-04:00,2026-09-21T16:33:41-05:00,,si,ubicacion compatible,desarrollo,4.5,"stack 3.4 (bruto 8.5) | seniority 4 (intern, desarrollo) | contexto 8",,nueva,
13,greenhouse:sezzle:7855067003,sezzle:amlcomplianceanalyst,Sezzle,greenhouse,sezzle,7855067003,AML Compliance Analyst,"Bogota, Colombia",https://job-boards.greenhouse.io/sezzle/jobs/7855067003,2026-08-11T13:31:09-04:00,2026-09-21T16:33:41-05:00,,no,titulo fuera de perfil,desarrollo,,,,nueva,
14,greenhouse:sezzle:7855069003,sezzle:amlcomplianceanalyst,Sezzle,greenhouse,sezzle,7855069003,AML Compliance Analyst,"Mexico, Remote",https://job-boards.greenhouse.io/sezzle/jobs/7855069003,2026-08-11T13:32:52-04:00,2026-09-21T16:33:41-05:00,,no,titulo fuera de perfil,desarrollo,,,,nueva,
15,greenhouse:sezzle:7625551003,sezzle:chargebackoperationsanalyst,Sezzle,greenhouse,sezzle,7625551003,Chargeback Operations Analyst,"Mexico, Remote",https://job-boards.greenhouse.io/sezzle/jobs/7625551003,2026-02-09T16:22:29-05:00,2026-09-21T16:33:41-05:00,,no,titulo fuera de perfil,automatizacion,,,,nueva,
16,greenhouse:sezzle:7625553003,sezzle:chargebackoperationsanalyst,Sezzle,greenhouse,sezzle,7625553003,Chargeback Operations Analyst,"Colombia, Remote",https://job-boards.greenhouse.io/sezzle/jobs/7625553003,2026-02-09T16:22:30-05:00,2026-09-21T16:33:41-05:00,,no,titulo fuera de perfil,automatizacion,,,,nueva,
17,greenhouse:sezzle:7116327003,sezzle:chargebackoperationsinterncolombia,Sezzle,greenhouse,sezzle,7116327003,Chargeback Operations Intern (Colombia),"Colombia, Remote",https://job-boards.greenhouse.io/sezzle/jobs/7116327003,2025-09-12T17:35:54-04:00,2026-09-21T16:33:41-05:00,,no,titulo fuera de perfil,automatizacion,,,,nueva,
18,greenhouse:sezzle:7979879003,sezzle:complianceanalyst,Sezzle,greenhouse,sezzle,7979879003,Compliance Analyst,"Mexico, Remote",https://job-boards.greenhouse.io/sezzle/jobs/7979879003,2026-08-27T17:55:44-04:00,2026-09-21T16:33:41-05:00,,no,titulo fuera de perfil,desarrollo,,,,nueva,
19,greenhouse:sezzle:7979878003,sezzle:complianceanalyst,Sezzle,greenhouse,sezzle,7979878003,Compliance Analyst,"Bogota, Colombia",https://job-boards.greenhouse.io/sezzle/jobs/7979878003,2026-08-27T17:54:32-04:00,2026-09-21T16:33:41-05:00,,no,titulo fuera de perfil,desarrollo,,,,nueva,
20,greenhouse:sezzle:7995774003,sezzle:complianceintern,Sezzle,greenhouse,sezzle,7995774003,Compliance Intern,"Mexico, Remote",https://job-boards.greenhouse.io/sezzle/jobs/7995774003,2026-09-15T10:58:38-04:00,2026-09-21T16:33:41-05:00,,no,titulo fuera de perfil,desarrollo,,,,nueva,
21,greenhouse:sezzle:7995696003,sezzle:complianceintern,Sezzle,greenhouse,sezzle,7995696003,Compliance Intern,"Bogota, Colombia",https://job-boards.greenhouse.io/sezzle/jobs/7995696003,2026-09-15T10:51:12-04:00,2026-09-21T16:33:41-05:00,,no,titulo fuera de perfil,desarrollo,,,,nueva,
22,greenhouse:sezzle:7790299003,sezzle:customerserviceagent,Sezzle,greenhouse,sezzle,7790299003,Customer Service Agent,"Bogota, Colombia",https://job-boards.greenhouse.io/sezzle/jobs/7790299003,2026-06-30T12:52:26-04:00,2026-09-21T16:33:41-05:00,,no,titulo fuera de perfil,desarrollo,,,,nueva,
23,greenhouse:sezzle:7560122003,sezzle:customerserviceagentenglishfrench,Sezzle,greenhouse,sezzle,7560122003,Customer Service Agent ( English/ French),"Bogota, Colombia",https://job-boards.greenhouse.io/sezzle/jobs/7560122003,2025-12-18T17:09:30-05:00,2026-09-21T16:33:41-05:00,,no,titulo fuera de perfil,desarrollo,,,,nueva,
24,greenhouse:sezzle:7691331003,sezzle:customerserviceagentenglishfrenchcanada,Sezzle,greenhouse,sezzle,7691331003,Customer Service Agent ( English/ French) (Canada),"Canada, Remote",https://job-boards.greenhouse.io/sezzle/jobs/7691331003,2026-04-08T16:53:07-04:00,2026-09-21T16:33:41-05:00,,no,titulo fuera de perfil,desarrollo,,,,nueva,
25,greenhouse:sezzle:7694238003,sezzle:datainfrastructureengineerintern,Sezzle,greenhouse,sezzle,7694238003,Data Infrastructure Engineer Intern,"Colombia, Remote",https://job-boards.greenhouse.io/sezzle/jobs/7694238003,2026-04-09T13:46:26-04:00,2026-09-21T16:33:41-05:00,,si,ubicacion compatible,desarrollo,4.9,"stack 4.2 (bruto 10.5) | seniority 4 (intern, desarrollo) | contexto 8",,nueva,
26,greenhouse:sezzle:7906562003,sezzle:datainfrastructureengineerintern,Sezzle,greenhouse,sezzle,7906562003,Data Infrastructure Engineer Intern,Peru,https://job-boards.greenhouse.io/sezzle/jobs/7906562003,2026-08-19T16:24:07-04:00,2026-09-21T16:33:41-05:00,,no,ubicacion fuera de Colombia/LATAM/remoto global,desarrollo,,,,nueva,
27,greenhouse:sezzle:7984528003,sezzle:directorlitigationandregulatory,Sezzle,greenhouse,sezzle,7984528003,"Director, Litigation and Regulatory","United States, Remote",https://job-boards.greenhouse.io/sezzle/jobs/7984528003,2026-09-02T16:50:10-04:00,2026-09-21T16:33:41-05:00,,no,titulo fuera de perfil,desarrollo,,,,nueva,
28,greenhouse:sezzle:7793171003,sezzle:directorofregulatoryreporting,Sezzle,greenhouse,sezzle,7793171003,Director of Regulatory Reporting,"United States, Remote",https://job-boards.greenhouse.io/sezzle/jobs/7793171003,2026-07-02T17:13:08-04:00,2026-09-21T16:33:41-05:00,,no,titulo fuera de perfil,desarrollo,,,,nueva,
29,greenhouse:sezzle:7806055003,sezzle:executiverecruiter,Sezzle,greenhouse,sezzle,7806055003,Executive Recruiter,"Mexico, Remote",https://job-boards.greenhouse.io/sezzle/jobs/7806055003,2026-07-15T12:37:45-04:00,2026-09-21T16:33:41-05:00,,no,titulo fuera de perfil,desarrollo,,,,nueva,
30,greenhouse:sezzle:7645397003,sezzle:executiverecruiter,Sezzle,greenhouse,sezzle,7645397003,Executive Recruiter,"Brazil, Remote",https://job-boards.greenhouse.io/sezzle/jobs/7645397003,2026-02-25T19:54:54-05:00,2026-09-21T16:33:41-05:00,,no,titulo fuera de perfil,desarrollo,,,,nueva,
31,greenhouse:sezzle:7632729003,sezzle:executiverecruiter,Sezzle,greenhouse,sezzle,7632729003,Executive Recruiter,"Bogota, Colombia",https://job-boards.greenhouse.io/sezzle/jobs/7632729003,2026-02-15T15:27:59-05:00,2026-09-21T16:33:41-05:00,,no,titulo fuera de perfil,desarrollo,,,,nueva,
32,greenhouse:sezzle:7632730003,sezzle:executiverecruiter,Sezzle,greenhouse,sezzle,7632730003,Executive Recruiter,Latin America,https://job-boards.greenhouse.io/sezzle/jobs/7632730003,2026-07-14T13:27:35-04:00,2026-09-21T16:33:41-05:00,,no,titulo fuera de perfil,desarrollo,,,,nueva,
33,greenhouse:sezzle:7794738003,sezzle:financialanalyst,Sezzle,greenhouse,sezzle,7794738003,Financial Analyst,"United States, Remote",https://job-boards.greenhouse.io/sezzle/jobs/7794738003,2026-07-03T14:33:44-04:00,2026-09-21T16:33:41-05:00,,no,titulo fuera de perfil,desarrollo,,,,nueva,
34,greenhouse:sezzle:7984979003,sezzle:frauddataanalyst,Sezzle,greenhouse,sezzle,7984979003,Fraud Data Analyst,"Brazil, Remote",https://job-boards.greenhouse.io/sezzle/jobs/7984979003,2026-09-03T10:40:59-04:00,2026-09-21T16:33:41-05:00,,no,ubicacion fuera de Colombia/LATAM/remoto global,desarrollo,,,,nueva,
35,greenhouse:sezzle:7985454003,sezzle:frauddataanalyst,Sezzle,greenhouse,sezzle,7985454003,Fraud Data Analyst,"Chile, Remote",https://job-boards.greenhouse.io/sezzle/jobs/7985454003,2026-09-03T10:43:09-04:00,2026-09-21T16:33:41-05:00,,no,ubicacion fuera de Colombia/LATAM/remoto global,desarrollo,,,,nueva,
36,greenhouse:sezzle:7985449003,sezzle:frauddataanalyst,Sezzle,greenhouse,sezzle,7985449003,Fraud Data Analyst,"Argentina, Remote",https://job-boards.greenhouse.io/sezzle/jobs/7985449003,2026-09-03T10:41:39-04:00,2026-09-21T16:33:41-05:00,,no,ubicacion fuera de Colombia/LATAM/remoto global,desarrollo,,,,nueva,
37,greenhouse:sezzle:7984978003,sezzle:frauddataanalyst,Sezzle,greenhouse,sezzle,7984978003,Fraud Data Analyst,"Mexico, Remote",https://job-boards.greenhouse.io/sezzle/jobs/7984978003,2026-09-03T10:40:58-04:00,2026-09-21T16:33:41-05:00,,no,ubicacion fuera de Colombia/LATAM/remoto global,desarrollo,,,,nueva,
38,greenhouse:sezzle:7984977003,sezzle:frauddataanalyst,Sezzle,greenhouse,sezzle,7984977003,Fraud Data Analyst,"Bogota, Colombia",https://job-boards.greenhouse.io/sezzle/jobs/7984977003,2026-09-03T10:40:56-04:00,2026-09-21T16:33:41-05:00,,si,ubicacion compatible,desarrollo,0,"stack 1.2 (bruto 3) | seniority 6 (sin_marca, desarrollo) | contexto 10",KNOCKOUT: stack 1.2 bajo el piso de 2.0,nueva,
39,greenhouse:sezzle:7984970003,sezzle:frauddataanalyst,Sezzle,greenhouse,sezzle,7984970003,Fraud Data Analyst,Latin America,https://job-boards.greenhouse.io/sezzle/jobs/7984970003,2026-09-03T10:40:54-04:00,2026-09-21T16:33:41-05:00,,si,ubicacion compatible,desarrollo,0,"stack 1.2 (bruto 3) | seniority 6 (sin_marca, desarrollo) | contexto 10",KNOCKOUT: stack 1.2 bajo el piso de 2.0,nueva,
40,greenhouse:sezzle:7116700003,sezzle:fraudoperationsintern,Sezzle,greenhouse,sezzle,7116700003,Fraud Operations Intern,"Colombia, Remote",https://job-boards.greenhouse.io/sezzle/jobs/7116700003,2025-09-12T17:53:12-04:00,2026-09-21T16:33:41-05:00,,no,titulo fuera de perfil,automatizacion,,,,nueva,
41,greenhouse:sezzle:7739982003,sezzle:graphicdesignvideoeditingintern,Sezzle,greenhouse,sezzle,7739982003,Graphic Design - Video Editing Intern,"Bogota, Colombia",https://job-boards.greenhouse.io/sezzle/jobs/7739982003,2026-05-19T10:55:56-04:00,2026-09-21T16:33:41-05:00,,no,titulo fuera de perfil,desarrollo,,,,nueva,
42,greenhouse:sezzle:6229823003,sezzle:humanresourcesinterncolombia,Sezzle,greenhouse,sezzle,6229823003,Human Resources Intern (Colombia),"Colombia, Remote",https://job-boards.greenhouse.io/sezzle/jobs/6229823003,2024-10-03T10:58:22-04:00,2026-09-21T16:33:41-05:00,,no,titulo fuera de perfil,desarrollo,,,,nueva,
43,greenhouse:sezzle:7796342003,sezzle:itoperationsanalyst,Sezzle,greenhouse,sezzle,7796342003,IT Operations Analyst,"Mexico, Remote",https://job-boards.greenhouse.io/sezzle/jobs/7796342003,2026-07-06T16:48:21-04:00,2026-09-21T16:33:41-05:00,,no,titulo fuera de perfil,automatizacion,,,,nueva,
44,greenhouse:sezzle:7796444003,sezzle:itoperationsanalyst,Sezzle,greenhouse,sezzle,7796444003,IT Operations Analyst,Latin America,https://job-boards.greenhouse.io/sezzle/jobs/7796444003,2026-07-06T17:36:27-04:00,2026-09-21T16:33:41-05:00,,no,titulo fuera de perfil,automatizacion,,,,nueva,
45,greenhouse:sezzle:7796349003,sezzle:itoperationsanalyst,Sezzle,greenhouse,sezzle,7796349003,IT Operations Analyst,"Brazil, Remote",https://job-boards.greenhouse.io/sezzle/jobs/7796349003,2026-07-06T16:58:07-04:00,2026-09-21T16:33:41-05:00,,no,titulo fuera de perfil,automatizacion,,,,nueva,
46,greenhouse:sezzle:7796431003,sezzle:itoperationsanalyst,Sezzle,greenhouse,sezzle,7796431003,IT Operations Analyst,"Argentina, Remote",https://job-boards.greenhouse.io/sezzle/jobs/7796431003,2026-07-06T17:31:50-04:00,2026-09-21T16:33:41-05:00,,no,titulo fuera de perfil,automatizacion,,,,nueva,
47,greenhouse:sezzle:6066974003,sezzle:itoperationsanalystcolombia,Sezzle,greenhouse,sezzle,6066974003,IT Operations Analyst (Colombia),"Bogota, Colombia",https://job-boards.greenhouse.io/sezzle/jobs/6066974003,2024-07-24T16:31:54-04:00,2026-09-21T16:33:41-05:00,,no,titulo fuera de perfil,automatizacion,,,,nueva,
48,greenhouse:sezzle:7504352003,sezzle:itoperationsintern,Sezzle,greenhouse,sezzle,7504352003,IT Operations Intern,"Bogota, Colombia",https://job-boards.greenhouse.io/sezzle/jobs/7504352003,2025-10-21T14:44:58-04:00,2026-09-21T16:33:41-05:00,,no,titulo fuera de perfil,automatizacion,,,,nueva,
49,greenhouse:sezzle:7907182003,sezzle:itoperationsintern,Sezzle,greenhouse,sezzle,7907182003,IT Operations Intern,Peru,https://job-boards.greenhouse.io/sezzle/jobs/7907182003,2026-08-19T17:46:57-04:00,2026-09-21T16:33:41-05:00,,no,titulo fuera de perfil,automatizacion,,,,nueva,
50,greenhouse:sezzle:6110231003,sezzle:juniorsoftwareengineerargentina,Sezzle,greenhouse,sezzle,6110231003,Junior Software Engineer (Argentina),"Argentina, Remote",https://job-boards.greenhouse.io/sezzle/jobs/6110231003,2024-09-05T13:18:39-04:00,2026-09-21T16:33:41-05:00,,no,ubicacion fuera de Colombia/LATAM/remoto global,desarrollo,,,,nueva,
51,greenhouse:sezzle:7541127003,sezzle:juniorsoftwareengineerbrazil,Sezzle,greenhouse,sezzle,7541127003,Junior Software Engineer (Brazil),"Brazil, Remote",https://job-boards.greenhouse.io/sezzle/jobs/7541127003,2025-11-26T17:26:54-05:00,2026-09-21T16:33:41-05:00,,no,ubicacion fuera de Colombia/LATAM/remoto global,desarrollo,,,,nueva,
52,greenhouse:sezzle:6110233003,sezzle:juniorsoftwareengineerchile,Sezzle,greenhouse,sezzle,6110233003,Junior Software Engineer (Chile),"Chile, Remote",https://job-boards.greenhouse.io/sezzle/jobs/6110233003,2024-09-05T13:20:00-04:00,2026-09-21T16:33:41-05:00,,no,ubicacion fuera de Colombia/LATAM/remoto global,desarrollo,,,,nueva,
53,greenhouse:sezzle:6110238003,sezzle:juniorsoftwareengineercolombia,Sezzle,greenhouse,sezzle,6110238003,Junior Software Engineer (Colombia),"Colombia, Remote",https://job-boards.greenhouse.io/sezzle/jobs/6110238003,2024-09-05T13:22:43-04:00,2026-09-21T16:33:41-05:00,,si,ubicacion compatible,desarrollo,6.2,"stack 3.8 (bruto 9.5) | seniority 9 (junior, desarrollo) | contexto 8",,nueva,
54,greenhouse:sezzle:5761145003,sezzle:juniorsoftwareengineerlatam,Sezzle,greenhouse,sezzle,5761145003,Junior Software Engineer (LATAM),Latin America,https://job-boards.greenhouse.io/sezzle/jobs/5761145003,2023-10-02T10:36:06-04:00,2026-09-21T16:33:41-05:00,,si,ubicacion compatible,desarrollo,6.2,"stack 3.8 (bruto 9.5) | seniority 9 (junior, desarrollo) | contexto 8",,nueva,
55,greenhouse:sezzle:7598109003,sezzle:juniorsoftwareengineermexico,Sezzle,greenhouse,sezzle,7598109003,Junior Software Engineer (Mexico),"Mexico, Remote",https://job-boards.greenhouse.io/sezzle/jobs/7598109003,2026-01-20T13:15:14-05:00,2026-09-21T16:33:41-05:00,,no,ubicacion fuera de Colombia/LATAM/remoto global,desarrollo,,,,nueva,
56,greenhouse:sezzle:6275706003,sezzle:juniorsoftwareengineerturkey,Sezzle,greenhouse,sezzle,6275706003,Junior Software Engineer (Turkey),"Türkiye, Remote",https://job-boards.greenhouse.io/sezzle/jobs/6275706003,2024-11-18T17:29:35-05:00,2026-09-21T16:33:41-05:00,,no,ubicacion fuera de Colombia/LATAM/remoto global,desarrollo,,,,nueva,
57,greenhouse:sezzle:6668069003,sezzle:juniorsoftwareengineerwithaccountingexperience,Sezzle,greenhouse,sezzle,6668069003,Junior Software Engineer with Accounting Experience,"Türkiye, Remote",https://job-boards.greenhouse.io/sezzle/jobs/6668069003,2025-07-31T17:59:52-04:00,2026-09-21T16:33:41-05:00,,no,ubicacion fuera de Colombia/LATAM/remoto global,desarrollo,,,,nueva,
58,greenhouse:sezzle:6668066003,sezzle:juniorsoftwareengineerwithaccountingexperienceargentina,Sezzle,greenhouse,sezzle,6668066003,Junior Software Engineer with Accounting Experience (Argentina),"Argentina, Remote",https://job-boards.greenhouse.io/sezzle/jobs/6668066003,2025-10-23T17:01:42-04:00,2026-09-21T16:33:41-05:00,,no,ubicacion fuera de Colombia/LATAM/remoto global,desarrollo,,,,nueva,
59,greenhouse:sezzle:7541130003,sezzle:juniorsoftwareengineerwithaccountingexperiencebrazil,Sezzle,greenhouse,sezzle,7541130003,Junior Software Engineer with Accounting Experience (Brazil),"Brazil, Remote",https://job-boards.greenhouse.io/sezzle/jobs/7541130003,2025-11-26T17:31:03-05:00,2026-09-21T16:33:41-05:00,,no,ubicacion fuera de Colombia/LATAM/remoto global,desarrollo,,,,nueva,
60,greenhouse:sezzle:6668067003,sezzle:juniorsoftwareengineerwithaccountingexperiencechile,Sezzle,greenhouse,sezzle,6668067003,Junior Software Engineer with Accounting Experience (Chile),"Chile, Remote",https://job-boards.greenhouse.io/sezzle/jobs/6668067003,2025-10-23T17:01:43-04:00,2026-09-21T16:33:41-05:00,,no,ubicacion fuera de Colombia/LATAM/remoto global,desarrollo,,,,nueva,
61,greenhouse:sezzle:6668068003,sezzle:juniorsoftwareengineerwithaccountingexperiencelatam,Sezzle,greenhouse,sezzle,6668068003,Junior Software Engineer with Accounting Experience (LATAM),"Colombia, Remote",https://job-boards.greenhouse.io/sezzle/jobs/6668068003,2025-10-23T17:01:45-04:00,2026-09-21T16:33:41-05:00,,si,ubicacion compatible,desarrollo,6.8,"stack 5.0 (bruto 12.5) | seniority 9 (junior, desarrollo) | contexto 8",,nueva,
62,greenhouse:sezzle:6668065003,sezzle:juniorsoftwareengineerwithaccountingexperiencelatam,Sezzle,greenhouse,sezzle,6668065003,Junior Software Engineer with Accounting Experience (LATAM),Latin America,https://job-boards.greenhouse.io/sezzle/jobs/6668065003,2025-07-31T17:53:57-04:00,2026-09-21T16:33:41-05:00,,si,ubicacion compatible,desarrollo,6.8,"stack 5.0 (bruto 12.5) | seniority 9 (junior, desarrollo) | contexto 8",,nueva,
63,greenhouse:sezzle:7598107003,sezzle:juniorsoftwareengineerwithaccountingexperiencemexico,Sezzle,greenhouse,sezzle,7598107003,Junior Software Engineer with Accounting Experience (Mexico),"Mexico, Remote",https://job-boards.greenhouse.io/sezzle/jobs/7598107003,2026-01-20T13:09:31-05:00,2026-09-21T16:33:41-05:00,,no,ubicacion fuera de Colombia/LATAM/remoto global,desarrollo,,,,nueva,
64,greenhouse:sezzle:7996052003,sezzle:legalintern,Sezzle,greenhouse,sezzle,7996052003,Legal Intern,"Bogota, Colombia",https://job-boards.greenhouse.io/sezzle/jobs/7996052003,2026-09-16T11:24:13-04:00,2026-09-21T16:33:41-05:00,,no,titulo fuera de perfil,desarrollo,,,,nueva,
65,greenhouse:sezzle:7793170003,sezzle:managerregulatoryreporting,Sezzle,greenhouse,sezzle,7793170003,"Manager, Regulatory Reporting","United States, Remote",https://job-boards.greenhouse.io/sezzle/jobs/7793170003,2026-07-02T17:12:19-04:00,2026-09-21T16:33:41-05:00,,no,titulo fuera de perfil,desarrollo,,,,nueva,
66,greenhouse:sezzle:6549663003,sezzle:marketingandcommunicationsinterncolombia,Sezzle,greenhouse,sezzle,6549663003,Marketing and Communications Intern (Colombia),"Bogota, Colombia",https://job-boards.greenhouse.io/sezzle/jobs/6549663003,2025-04-22T12:08:17-04:00,2026-09-21T16:33:41-05:00,,no,titulo fuera de perfil,desarrollo,,,,nueva,
67,greenhouse:sezzle:7977733003,sezzle:marketinggrowthanalyticsoperationsintern,Sezzle,greenhouse,sezzle,7977733003,Marketing Growth Analytics & Operations Intern,"Mexico, Remote",https://job-boards.greenhouse.io/sezzle/jobs/7977733003,2026-08-25T20:26:46-04:00,2026-09-21T16:33:41-05:00,,no,titulo fuera de perfil,automatizacion,,,,nueva,
68,greenhouse:sezzle:7977732003,sezzle:marketinggrowthanalyticsoperationsintern,Sezzle,greenhouse,sezzle,7977732003,Marketing Growth Analytics & Operations Intern,"Argentina, Remote",https://job-boards.greenhouse.io/sezzle/jobs/7977732003,2026-08-25T20:25:02-04:00,2026-09-21T16:33:41-05:00,,no,titulo fuera de perfil,automatizacion,,,,nueva,
69,greenhouse:sezzle:7977726003,sezzle:marketinggrowthanalyticsoperationsintern,Sezzle,greenhouse,sezzle,7977726003,Marketing Growth Analytics & Operations Intern,"Bogota, Colombia",https://job-boards.greenhouse.io/sezzle/jobs/7977726003,2026-08-25T20:22:37-04:00,2026-09-21T16:33:41-05:00,,no,titulo fuera de perfil,automatizacion,,,,nueva,
70,greenhouse:sezzle:7977735003,sezzle:marketinggrowthanalyticsoperationsintern,Sezzle,greenhouse,sezzle,7977735003,Marketing Growth Analytics & Operations Intern,Peru,https://job-boards.greenhouse.io/sezzle/jobs/7977735003,2026-08-25T20:27:23-04:00,2026-09-21T16:33:41-05:00,,no,titulo fuera de perfil,automatizacion,,,,nueva,
71,greenhouse:sezzle:7977740003,sezzle:marketinggrowthcommunicationsintern,Sezzle,greenhouse,sezzle,7977740003,Marketing Growth & Communications Intern,"Mexico, Remote",https://job-boards.greenhouse.io/sezzle/jobs/7977740003,2026-08-25T20:33:06-04:00,2026-09-21T16:33:41-05:00,,no,titulo fuera de perfil,desarrollo,,,,nueva,
72,greenhouse:sezzle:7977728003,sezzle:marketinggrowthcommunicationsintern,Sezzle,greenhouse,sezzle,7977728003,Marketing Growth & Communications Intern,"Bogota, Colombia",https://job-boards.greenhouse.io/sezzle/jobs/7977728003,2026-08-25T20:29:29-04:00,2026-09-21T16:33:41-05:00,,no,titulo fuera de perfil,desarrollo,,,,nueva,
73,greenhouse:sezzle:7977741003,sezzle:marketinggrowthcommunicationsintern,Sezzle,greenhouse,sezzle,7977741003,Marketing Growth & Communications Intern,Peru,https://job-boards.greenhouse.io/sezzle/jobs/7977741003,2026-08-25T20:33:08-04:00,2026-09-21T16:33:41-05:00,,no,titulo fuera de perfil,desarrollo,,,,nueva,
74,greenhouse:sezzle:7977739003,sezzle:marketinggrowthcommunicationsintern,Sezzle,greenhouse,sezzle,7977739003,Marketing Growth & Communications Intern,"Argentina, Remote",https://job-boards.greenhouse.io/sezzle/jobs/7977739003,2026-08-25T20:30:38-04:00,2026-09-21T16:33:41-05:00,,no,titulo fuera de perfil,desarrollo,,,,nueva,
75,greenhouse:sezzle:6110227003,sezzle:mobileengineerargentinaalllevels,Sezzle,greenhouse,sezzle,6110227003,"Mobile Engineer (Argentina, All Levels)","Argentina, Remote",https://job-boards.greenhouse.io/sezzle/jobs/6110227003,2024-09-05T13:17:16-04:00,2026-09-21T16:33:41-05:00,,no,ubicacion fuera de Colombia/LATAM/remoto global,desarrollo,,,,nueva,
76,greenhouse:sezzle:7541139003,sezzle:mobileengineerbrazilalllevels,Sezzle,greenhouse,sezzle,7541139003,"Mobile Engineer (Brazil, All Levels)","Brazil, Remote",https://job-boards.greenhouse.io/sezzle/jobs/7541139003,2025-11-26T17:43:10-05:00,2026-09-21T16:33:41-05:00,,no,ubicacion fuera de Colombia/LATAM/remoto global,desarrollo,,,,nueva,
77,greenhouse:sezzle:6110229003,sezzle:mobileengineerchilealllevels,Sezzle,greenhouse,sezzle,6110229003,"Mobile Engineer (Chile, All Levels)","Chile, Remote",https://job-boards.greenhouse.io/sezzle/jobs/6110229003,2024-09-05T13:17:58-04:00,2026-09-21T16:33:41-05:00,,no,ubicacion fuera de Colombia/LATAM/remoto global,desarrollo,,,,nueva,
78,greenhouse:sezzle:6110239003,sezzle:mobileengineercolombiaalllevels,Sezzle,greenhouse,sezzle,6110239003,"Mobile Engineer (Colombia, All Levels)","Colombia, Remote",https://job-boards.greenhouse.io/sezzle/jobs/6110239003,2024-09-05T13:23:15-04:00,2026-09-21T16:33:41-05:00,,si,ubicacion compatible,desarrollo,5.5,"stack 4.2 (bruto 10.5) | seniority 6 (sin_marca, desarrollo) | contexto 8",,nueva,
79,greenhouse:sezzle:6037486003,sezzle:mobileengineerlatamalllevels,Sezzle,greenhouse,sezzle,6037486003,"Mobile Engineer (LATAM, All Levels)",Latin America,https://job-boards.greenhouse.io/sezzle/jobs/6037486003,2024-06-27T09:12:00-04:00,2026-09-21T16:33:41-05:00,,si,ubicacion compatible,desarrollo,5.5,"stack 4.2 (bruto 10.5) | seniority 6 (sin_marca, desarrollo) | contexto 8",,nueva,
80,greenhouse:sezzle:7541142003,sezzle:mobileengineermexicoalllevels,Sezzle,greenhouse,sezzle,7541142003,"Mobile Engineer (Mexico, All Levels)","Mexico, Remote",https://job-boards.greenhouse.io/sezzle/jobs/7541142003,2025-11-26T17:44:16-05:00,2026-09-21T16:33:41-05:00,,no,ubicacion fuera de Colombia/LATAM/remoto global,desarrollo,,,,nueva,
81,greenhouse:sezzle:7541145003,sezzle:mobileengineerturkeyalllevels,Sezzle,greenhouse,sezzle,7541145003,"Mobile Engineer (Turkey, All Levels)","Türkiye, Remote",https://job-boards.greenhouse.io/sezzle/jobs/7541145003,2025-11-26T17:48:03-05:00,2026-09-21T16:33:41-05:00,,no,ubicacion fuera de Colombia/LATAM/remoto global,desarrollo,,,,nueva,
82,greenhouse:sezzle:7638791003,sezzle:multimediadesignintern,Sezzle,greenhouse,sezzle,7638791003,Multi Media Design Intern,"Bogota, Colombia",https://job-boards.greenhouse.io/sezzle/jobs/7638791003,2026-02-23T18:21:45-05:00,2026-09-21T16:33:41-05:00,,no,titulo fuera de perfil,desarrollo,,,,nueva,
83,greenhouse:sezzle:7712191003,sezzle:payrollcompensationbenefitsintern,Sezzle,greenhouse,sezzle,7712191003,"Payroll, Compensation & Benefits Intern","Bogota, Colombia",https://job-boards.greenhouse.io/sezzle/jobs/7712191003,2026-04-24T09:26:45-04:00,2026-09-21T16:33:41-05:00,,no,titulo fuera de perfil,desarrollo,,,,nueva,
84,greenhouse:sezzle:7998737003,sezzle:practicanteenproductmanagement,Sezzle,greenhouse,sezzle,7998737003,Practicante en Product Management,"Colombia, Remote",https://job-boards.greenhouse.io/sezzle/jobs/7998737003,2026-09-17T16:42:14-04:00,2026-09-21T16:33:41-05:00,,no,titulo fuera de perfil,desarrollo,,,,nueva,
85,greenhouse:sezzle:7993260003,sezzle:principalinfrastructureengineer,Sezzle,greenhouse,sezzle,7993260003,Principal Infrastructure Engineer,"Türkiye, Remote",https://job-boards.greenhouse.io/sezzle/jobs/7993260003,2026-09-11T18:01:29-04:00,2026-09-21T16:33:41-05:00,,no,ubicacion fuera de Colombia/LATAM/remoto global,desarrollo,,,,nueva,
86,greenhouse:sezzle:7993261003,sezzle:principalinfrastructureengineer,Sezzle,greenhouse,sezzle,7993261003,Principal Infrastructure Engineer,"Argentina, Remote",https://job-boards.greenhouse.io/sezzle/jobs/7993261003,2026-09-11T18:01:32-04:00,2026-09-21T16:33:41-05:00,,no,ubicacion fuera de Colombia/LATAM/remoto global,desarrollo,,,,nueva,
87,greenhouse:sezzle:7993258003,sezzle:principalinfrastructureengineer,Sezzle,greenhouse,sezzle,7993258003,Principal Infrastructure Engineer,"Brazil, Remote",https://job-boards.greenhouse.io/sezzle/jobs/7993258003,2026-09-11T18:01:27-04:00,2026-09-21T16:33:41-05:00,,no,ubicacion fuera de Colombia/LATAM/remoto global,desarrollo,,,,nueva,
88,greenhouse:sezzle:7993257003,sezzle:principalinfrastructureengineer,Sezzle,greenhouse,sezzle,7993257003,Principal Infrastructure Engineer,"Bogota, Colombia",https://job-boards.greenhouse.io/sezzle/jobs/7993257003,2026-09-11T18:01:26-04:00,2026-09-21T16:33:41-05:00,,si,ubicacion compatible,desarrollo,0,"stack 2.8 (bruto 7) | seniority 0 (top, desarrollo) | contexto 10",KNOCKOUT: seniority 'top' fuera de alcance en rol de desarrollo || BRECHA: piden 12+ anos de experiencia,nueva,
89,greenhouse:sezzle:7993237003,sezzle:principalinfrastructureengineer,Sezzle,greenhouse,sezzle,7993237003,Principal Infrastructure Engineer,Latin America,https://job-boards.greenhouse.io/sezzle/jobs/7993237003,2026-09-11T18:01:23-04:00,2026-09-21T16:33:41-05:00,,si,ubicacion compatible,desarrollo,0,"stack 2.8 (bruto 7) | seniority 0 (top, desarrollo) | contexto 10",KNOCKOUT: seniority 'top' fuera de alcance en rol de desarrollo || BRECHA: piden 12+ anos de experiencia,nueva,
90,greenhouse:sezzle:7994196003,sezzle:principalinfrastructureengineer,Sezzle,greenhouse,sezzle,7994196003,Principal Infrastructure Engineer,Spain,https://job-boards.greenhouse.io/sezzle/jobs/7994196003,2026-09-14T10:47:48-04:00,2026-09-21T16:33:41-05:00,,no,ubicacion fuera de Colombia/LATAM/remoto global,desarrollo,,,,nueva,
91,greenhouse:sezzle:7994204003,sezzle:principalinfrastructureengineer,Sezzle,greenhouse,sezzle,7994204003,Principal Infrastructure Engineer,"France, Remote",https://job-boards.greenhouse.io/sezzle/jobs/7994204003,2026-09-14T17:46:18-04:00,2026-09-21T16:33:41-05:00,,no,ubicacion fuera de Colombia/LATAM/remoto global,desarrollo,,,,nueva,
92,greenhouse:sezzle:7994136003,sezzle:principalinfrastructureengineer,Sezzle,greenhouse,sezzle,7994136003,Principal Infrastructure Engineer,"Netherlands, Remote",https://job-boards.greenhouse.io/sezzle/jobs/7994136003,2026-09-14T09:57:57-04:00,2026-09-21T16:33:41-05:00,,no,ubicacion fuera de Colombia/LATAM/remoto global,desarrollo,,,,nueva,
93,greenhouse:sezzle:7994135003,sezzle:principalinfrastructureengineer,Sezzle,greenhouse,sezzle,7994135003,Principal Infrastructure Engineer,"Germany, Remote",https://job-boards.greenhouse.io/sezzle/jobs/7994135003,2026-09-14T09:56:26-04:00,2026-09-21T16:33:41-05:00,,no,ubicacion fuera de Colombia/LATAM/remoto global,desarrollo,,,,nueva,
94,greenhouse:sezzle:7993778003,sezzle:principalinfrastructureengineer,Sezzle,greenhouse,sezzle,7993778003,Principal Infrastructure Engineer,"Poland, Remote",https://job-boards.greenhouse.io/sezzle/jobs/7993778003,2026-09-13T15:41:27-04:00,2026-09-21T16:33:41-05:00,,no,ubicacion fuera de Colombia/LATAM/remoto global,desarrollo,,,,nueva,
95,greenhouse:sezzle:7993262003,sezzle:principalinfrastructureengineer,Sezzle,greenhouse,sezzle,7993262003,Principal Infrastructure Engineer,"Mexico, Remote",https://job-boards.greenhouse.io/sezzle/jobs/7993262003,2026-09-11T18:01:36-04:00,2026-09-21T16:33:41-05:00,,no,ubicacion fuera de Colombia/LATAM/remoto global,desarrollo,,,,nueva,
96,greenhouse:sezzle:7820897003,sezzle:principalsoftwareengineeridentityaccessmanagement,Sezzle,greenhouse,sezzle,7820897003,Principal Software Engineer - Identity & Access Management,"Mexico, Remote",https://job-boards.greenhouse.io/sezzle/jobs/7820897003,2026-07-30T09:15:14-04:00,2026-09-21T16:33:41-05:00,,no,ubicacion fuera de Colombia/LATAM/remoto global,desarrollo,,,,nueva,
97,greenhouse:sezzle:7824621003,sezzle:principalsoftwareengineeridentityaccessmanagement,Sezzle,greenhouse,sezzle,7824621003,Principal Software Engineer - Identity & Access Management,Spain,https://job-boards.greenhouse.io/sezzle/jobs/7824621003,2026-08-03T15:28:13-04:00,2026-09-21T16:33:41-05:00,,no,ubicacion fuera de Colombia/LATAM/remoto global,desarrollo,,,,nueva,
98,greenhouse:sezzle:7820900003,sezzle:principalsoftwareengineeridentityaccessmanagement,Sezzle,greenhouse,sezzle,7820900003,Principal Software Engineer - Identity & Access Management,"India, Remote",https://job-boards.greenhouse.io/sezzle/jobs/7820900003,2026-07-30T09:15:17-04:00,2026-09-21T16:33:41-05:00,,no,ubicacion fuera de Colombia/LATAM/remoto global,desarrollo,,,,nueva,
99,greenhouse:sezzle:7820899003,sezzle:principalsoftwareengineeridentityaccessmanagement,Sezzle,greenhouse,sezzle,7820899003,Principal Software Engineer - Identity & Access Management,"Türkiye, Remote",https://job-boards.greenhouse.io/sezzle/jobs/7820899003,2026-07-30T09:15:16-04:00,2026-09-21T16:33:41-05:00,,no,ubicacion fuera de Colombia/LATAM/remoto global,desarrollo,,,,nueva,
100,greenhouse:sezzle:7820898003,sezzle:principalsoftwareengineeridentityaccessmanagement,Sezzle,greenhouse,sezzle,7820898003,Principal Software Engineer - Identity & Access Management,"Brazil, Remote",https://job-boards.greenhouse.io/sezzle/jobs/7820898003,2026-07-30T09:15:15-04:00,2026-09-21T16:33:41-05:00,,no,ubicacion fuera de Colombia/LATAM/remoto global,desarrollo,,,,nueva,
101,greenhouse:sezzle:7820896003,sezzle:principalsoftwareengineeridentityaccessmanagement,Sezzle,greenhouse,sezzle,7820896003,Principal Software Engineer - Identity & Access Management,"Chile, Remote",https://job-boards.greenhouse.io/sezzle/jobs/7820896003,2026-07-30T09:15:13-04:00,2026-09-21T16:33:41-05:00,,no,ubicacion fuera de Colombia/LATAM/remoto global,desarrollo,,,,nueva,
102,greenhouse:sezzle:7820895003,sezzle:principalsoftwareengineeridentityaccessmanagement,Sezzle,greenhouse,sezzle,7820895003,Principal Software Engineer - Identity & Access Management,"Colombia, Remote",https://job-boards.greenhouse.io/sezzle/jobs/7820895003,2026-07-30T09:15:12-04:00,2026-09-21T16:33:41-05:00,,si,ubicacion compatible,desarrollo,0,"stack 5.6 (bruto 14) | seniority 0 (top, desarrollo) | contexto 10",KNOCKOUT: seniority 'top' fuera de alcance en rol de desarrollo || BRECHA: piden 12+ anos de experiencia,nueva,
103,greenhouse:sezzle:7820894003,sezzle:principalsoftwareengineeridentityaccessmanagement,Sezzle,greenhouse,sezzle,7820894003,Principal Software Engineer - Identity & Access Management,"Argentina, Remote",https://job-boards.greenhouse.io/sezzle/jobs/7820894003,2026-07-30T09:15:11-04:00,2026-09-21T16:33:41-05:00,,no,ubicacion fuera de Colombia/LATAM/remoto global,desarrollo,,,,nueva,
104,greenhouse:sezzle:7820893003,sezzle:principalsoftwareengineeridentityaccessmanagement,Sezzle,greenhouse,sezzle,7820893003,Principal Software Engineer - Identity & Access Management,Latin America,https://job-boards.greenhouse.io/sezzle/jobs/7820893003,2026-07-30T09:15:11-04:00,2026-09-21T16:33:41-05:00,,si,ubicacion compatible,desarrollo,0,"stack 5.6 (bruto 14) | seniority 0 (top, desarrollo) | contexto 10",KNOCKOUT: seniority 'top' fuera de alcance en rol de desarrollo || BRECHA: piden 12+ anos de experiencia,nueva,
105,greenhouse:sezzle:7742208003,sezzle:privacymanager,Sezzle,greenhouse,sezzle,7742208003,Privacy Manager,"United States, Remote",https://job-boards.greenhouse.io/sezzle/jobs/7742208003,2026-05-21T12:47:07-04:00,2026-09-21T16:33:41-05:00,,no,titulo fuera de perfil,desarrollo,,,,nueva,
106,greenhouse:sezzle:8000825003,sezzle:productdataintern,Sezzle,greenhouse,sezzle,8000825003,Product Data Intern,Peru,https://job-boards.greenhouse.io/sezzle/jobs/8000825003,2026-09-21T10:07:00-04:00,2026-09-21T16:33:41-05:00,,no,ubicacion fuera de Colombia/LATAM/remoto global,desarrollo,,,,nueva,
107,greenhouse:sezzle:6685976003,sezzle:productdataintern,Sezzle,greenhouse,sezzle,6685976003,Product Data Intern,"Colombia, Remote",https://job-boards.greenhouse.io/sezzle/jobs/6685976003,2025-09-12T17:59:14-04:00,2026-09-21T16:33:41-05:00,,si,ubicacion compatible,desarrollo,0,"stack 1.6 (bruto 4) | seniority 4 (intern, desarrollo) | contexto 8",KNOCKOUT: stack 1.6 bajo el piso de 2.0 || RIESGO: exigen ingles alto,nueva,
108,greenhouse:sezzle:7559727003,sezzle:productdesignintern,Sezzle,greenhouse,sezzle,7559727003,Product Design Intern,"Colombia, Remote",https://job-boards.greenhouse.io/sezzle/jobs/7559727003,2025-12-11T11:45:52-05:00,2026-09-21T16:33:41-05:00,,no,titulo fuera de perfil,desarrollo,,,,nueva,
109,greenhouse:sezzle:7979213003,sezzle:productdesignintern,Sezzle,greenhouse,sezzle,7979213003,Product Design Intern,"Brazil, Remote",https://job-boards.greenhouse.io/sezzle/jobs/7979213003,2026-08-27T09:57:28-04:00,2026-09-21T16:33:41-05:00,,no,titulo fuera de perfil,desarrollo,,,,nueva,
110,greenhouse:sezzle:6599073003,sezzle:productintern,Sezzle,greenhouse,sezzle,6599073003,Product Intern,"Canada, Remote",https://job-boards.greenhouse.io/sezzle/jobs/6599073003,2025-06-04T13:03:23-04:00,2026-09-21T16:33:41-05:00,,no,titulo fuera de perfil,desarrollo,,,,nueva,
111,greenhouse:sezzle:7537957003,sezzle:productmanagementintern,Sezzle,greenhouse,sezzle,7537957003,Product Management Intern,"Colombia, Remote",https://job-boards.greenhouse.io/sezzle/jobs/7537957003,2025-11-24T13:17:14-05:00,2026-09-21T16:33:41-05:00,,no,titulo fuera de perfil,desarrollo,,,,nueva,
112,greenhouse:sezzle:7998740003,sezzle:productmanagementintern,Sezzle,greenhouse,sezzle,7998740003,Product Management Intern,Peru,https://job-boards.greenhouse.io/sezzle/jobs/7998740003,2026-09-17T16:44:24-04:00,2026-09-21T16:33:41-05:00,,no,titulo fuera de perfil,desarrollo,,,,nueva,
113,greenhouse:sezzle:7994389003,sezzle:productmarketingassociaterewards,Sezzle,greenhouse,sezzle,7994389003,"Product Marketing Associate, Rewards","Argentina, Remote",https://job-boards.greenhouse.io/sezzle/jobs/7994389003,2026-09-14T12:32:40-04:00,2026-09-21T16:33:41-05:00,,no,titulo fuera de perfil,desarrollo,,,,nueva,
114,greenhouse:sezzle:7994383003,sezzle:productmarketingassociaterewards,Sezzle,greenhouse,sezzle,7994383003,"Product Marketing Associate, Rewards",Latin America,https://job-boards.greenhouse.io/sezzle/jobs/7994383003,2026-09-14T12:32:41-04:00,2026-09-21T16:33:41-05:00,,no,titulo fuera de perfil,desarrollo,,,,nueva,
115,greenhouse:sezzle:7985984003,sezzle:productmarketingassociaterewards,Sezzle,greenhouse,sezzle,7985984003,"Product Marketing Associate, Rewards","Colombia, Remote",https://job-boards.greenhouse.io/sezzle/jobs/7985984003,2026-09-04T11:20:42-04:00,2026-09-21T16:33:41-05:00,,no,titulo fuera de perfil,desarrollo,,,,nueva,
116,greenhouse:sezzle:7994464003,sezzle:productmarketingassociaterewards,Sezzle,greenhouse,sezzle,7994464003,"Product Marketing Associate, Rewards","Chile, Remote",https://job-boards.greenhouse.io/sezzle/jobs/7994464003,2026-09-14T12:38:37-04:00,2026-09-21T16:33:41-05:00,,no,titulo fuera de perfil,desarrollo,,,,nueva,
117,greenhouse:sezzle:7994403003,sezzle:productmarketingassociaterewards,Sezzle,greenhouse,sezzle,7994403003,"Product Marketing Associate, Rewards","Mexico, Remote",https://job-boards.greenhouse.io/sezzle/jobs/7994403003,2026-09-14T12:37:16-04:00,2026-09-21T16:33:41-05:00,,no,titulo fuera de perfil,desarrollo,,,,nueva,
118,greenhouse:sezzle:7994402003,sezzle:productmarketingassociaterewards,Sezzle,greenhouse,sezzle,7994402003,"Product Marketing Associate, Rewards","Brazil, Remote",https://job-boards.greenhouse.io/sezzle/jobs/7994402003,2026-09-14T12:35:55-04:00,2026-09-21T16:33:41-05:00,,no,titulo fuera de perfil,desarrollo,,,,nueva,
119,greenhouse:sezzle:7778953003,sezzle:regulatoryfinancialreportingmanager,Sezzle,greenhouse,sezzle,7778953003,Regulatory Financial Reporting Manager,"United States, Remote",https://job-boards.greenhouse.io/sezzle/jobs/7778953003,2026-06-19T12:56:26-04:00,2026-09-21T16:33:41-05:00,,no,titulo fuera de perfil,desarrollo,,,,nueva,
120,greenhouse:sezzle:7797680003,sezzle:salesdirectorgovernmentpayments,Sezzle,greenhouse,sezzle,7797680003,"Sales Director, Government Payments","Minneapolis, United States",https://job-boards.greenhouse.io/sezzle/jobs/7797680003,2026-07-07T13:51:40-04:00,2026-09-21T16:33:41-05:00,,no,titulo fuera de perfil,desarrollo,,,,nueva,
121,greenhouse:sezzle:7906517003,sezzle:securityinfrastructureengineerintern,Sezzle,greenhouse,sezzle,7906517003,Security Infrastructure Engineer Intern,Peru,https://job-boards.greenhouse.io/sezzle/jobs/7906517003,2026-08-19T16:22:11-04:00,2026-09-21T16:33:41-05:00,,no,ubicacion fuera de Colombia/LATAM/remoto global,desarrollo,,,,nueva,
122,greenhouse:sezzle:7694916003,sezzle:securityinfrastructureengineerintern,Sezzle,greenhouse,sezzle,7694916003,Security Infrastructure Engineer Intern,"Colombia, Remote",https://job-boards.greenhouse.io/sezzle/jobs/7694916003,2026-04-09T11:20:31-04:00,2026-09-21T16:33:41-05:00,,si,ubicacion compatible,desarrollo,4.4,"stack 3.2 (bruto 8) | seniority 4 (intern, desarrollo) | contexto 8",,nueva,
123,greenhouse:sezzle:7725284003,sezzle:seniordatabasereliabilityengineer,Sezzle,greenhouse,sezzle,7725284003,Senior Database Reliability Engineer,"Brazil, Remote",https://job-boards.greenhouse.io/sezzle/jobs/7725284003,2026-05-05T18:51:41-04:00,2026-09-21T16:33:41-05:00,,no,ubicacion fuera de Colombia/LATAM/remoto global,desarrollo,,,,nueva,
124,greenhouse:sezzle:7725283003,sezzle:seniordatabasereliabilityengineer,Sezzle,greenhouse,sezzle,7725283003,Senior Database Reliability Engineer,"Mexico, Remote",https://job-boards.greenhouse.io/sezzle/jobs/7725283003,2026-05-05T18:51:40-04:00,2026-09-21T16:33:41-05:00,,no,ubicacion fuera de Colombia/LATAM/remoto global,desarrollo,,,,nueva,
125,greenhouse:sezzle:7725286003,sezzle:seniordatabasereliabilityengineer,Sezzle,greenhouse,sezzle,7725286003,Senior Database Reliability Engineer,"India, Remote",https://job-boards.greenhouse.io/sezzle/jobs/7725286003,2026-08-24T09:43:32-04:00,2026-09-21T16:33:41-05:00,,no,ubicacion fuera de Colombia/LATAM/remoto global,desarrollo,,,,nueva,
126,greenhouse:sezzle:7725282003,sezzle:seniordatabasereliabilityengineer,Sezzle,greenhouse,sezzle,7725282003,Senior Database Reliability Engineer,"Chile, Remote",https://job-boards.greenhouse.io/sezzle/jobs/7725282003,2026-05-05T18:51:38-04:00,2026-09-21T16:33:41-05:00,,no,ubicacion fuera de Colombia/LATAM/remoto global,desarrollo,,,,nueva,
127,greenhouse:sezzle:7725281003,sezzle:seniordatabasereliabilityengineer,Sezzle,greenhouse,sezzle,7725281003,Senior Database Reliability Engineer,Latin America,https://job-boards.greenhouse.io/sezzle/jobs/7725281003,2026-05-05T18:51:37-04:00,2026-09-21T16:33:41-05:00,,si,ubicacion compatible,desarrollo,5,"stack 4.2 (bruto 10.5) | seniority 3 (senior, desarrollo) | contexto 10",BRECHA: titulo 'senior' en rol de desarrollo || BRECHA: piden 6+ anos de experiencia,nueva,
128,greenhouse:sezzle:7725280003,sezzle:seniordatabasereliabilityengineer,Sezzle,greenhouse,sezzle,7725280003,Senior Database Reliability Engineer,"Argentina, Remote",https://job-boards.greenhouse.io/sezzle/jobs/7725280003,2026-05-05T18:51:36-04:00,2026-09-21T16:33:41-05:00,,no,ubicacion fuera de Colombia/LATAM/remoto global,desarrollo,,,,nueva,
129,greenhouse:sezzle:7725279003,sezzle:seniordatabasereliabilityengineer,Sezzle,greenhouse,sezzle,7725279003,Senior Database Reliability Engineer,"Bogota, Colombia",https://job-boards.greenhouse.io/sezzle/jobs/7725279003,2026-05-05T18:51:35-04:00,2026-09-21T16:33:41-05:00,,si,ubicacion compatible,desarrollo,5,"stack 4.2 (bruto 10.5) | seniority 3 (senior, desarrollo) | contexto 10",BRECHA: titulo 'senior' en rol de desarrollo || BRECHA: piden 6+ anos de experiencia,nueva,
130,greenhouse:sezzle:7725285003,sezzle:seniordatabasereliabilityengineer,Sezzle,greenhouse,sezzle,7725285003,Senior Database Reliability Engineer,"Türkiye, Remote",https://job-boards.greenhouse.io/sezzle/jobs/7725285003,2026-08-24T09:43:30-04:00,2026-09-21T16:33:41-05:00,,no,ubicacion fuera de Colombia/LATAM/remoto global,desarrollo,,,,nueva,
131,greenhouse:sezzle:7735740003,sezzle:senioritoperationsanalystturkiye,Sezzle,greenhouse,sezzle,7735740003,Senior IT Operations Analyst (Türkiye),"Türkiye, Remote",https://job-boards.greenhouse.io/sezzle/jobs/7735740003,2026-05-15T20:00:16-04:00,2026-09-21T16:33:41-05:00,,no,titulo fuera de perfil,automatizacion,,,,nueva,
132,greenhouse:sezzle:7779214003,sezzle:seniorpaymentsengineeracquiringpaymentprocessing,Sezzle,greenhouse,sezzle,7779214003,Senior Payments Engineer — Acquiring & Payment Processing,"Bogota, Colombia",https://job-boards.greenhouse.io/sezzle/jobs/7779214003,2026-06-22T10:21:55-04:00,2026-09-21T16:33:41-05:00,,si,ubicacion compatible,desarrollo,5.8,"stack 5.8 (bruto 14.5) | seniority 3 (senior, desarrollo) | contexto 10",BRECHA: titulo 'senior' en rol de desarrollo || BRECHA: piden 7+ anos de experiencia,nueva,
133,greenhouse:sezzle:7779204003,sezzle:seniorpaymentsengineeracquiringpaymentprocessing,Sezzle,greenhouse,sezzle,7779204003,Senior Payments Engineer — Acquiring & Payment Processing,Latin America,https://job-boards.greenhouse.io/sezzle/jobs/7779204003,2026-06-22T10:21:53-04:00,2026-09-21T16:33:41-05:00,,si,ubicacion compatible,desarrollo,5.8,"stack 5.8 (bruto 14.5) | seniority 3 (senior, desarrollo) | contexto 10",BRECHA: titulo 'senior' en rol de desarrollo || BRECHA: piden 7+ anos de experiencia,nueva,
134,greenhouse:sezzle:7779217003,sezzle:seniorpaymentsengineeracquiringpaymentprocessing,Sezzle,greenhouse,sezzle,7779217003,Senior Payments Engineer — Acquiring & Payment Processing,"Mexico, Remote",https://job-boards.greenhouse.io/sezzle/jobs/7779217003,2026-06-22T10:21:56-04:00,2026-09-21T16:33:41-05:00,,no,ubicacion fuera de Colombia/LATAM/remoto global,desarrollo,,,,nueva,
135,greenhouse:sezzle:7779216003,sezzle:seniorpaymentsengineeracquiringpaymentprocessing,Sezzle,greenhouse,sezzle,7779216003,Senior Payments Engineer — Acquiring & Payment Processing,"Chile, Remote",https://job-boards.greenhouse.io/sezzle/jobs/7779216003,2026-06-22T10:21:56-04:00,2026-09-21T16:33:41-05:00,,no,ubicacion fuera de Colombia/LATAM/remoto global,desarrollo,,,,nueva,
136,greenhouse:sezzle:7779222003,sezzle:seniorpaymentsengineeracquiringpaymentprocessing,Sezzle,greenhouse,sezzle,7779222003,Senior Payments Engineer — Acquiring & Payment Processing,"India, Remote",https://job-boards.greenhouse.io/sezzle/jobs/7779222003,2026-06-22T10:22:01-04:00,2026-09-21T16:33:41-05:00,,no,ubicacion fuera de Colombia/LATAM/remoto global,desarrollo,,,,nueva,
137,greenhouse:sezzle:7779219003,sezzle:seniorpaymentsengineeracquiringpaymentprocessing,Sezzle,greenhouse,sezzle,7779219003,Senior Payments Engineer — Acquiring & Payment Processing,"Brazil, Remote",https://job-boards.greenhouse.io/sezzle/jobs/7779219003,2026-06-22T10:21:58-04:00,2026-09-21T16:33:41-05:00,,no,ubicacion fuera de Colombia/LATAM/remoto global,desarrollo,,,,nueva,
138,greenhouse:sezzle:7779221003,sezzle:seniorpaymentsengineeracquiringpaymentprocessing,Sezzle,greenhouse,sezzle,7779221003,Senior Payments Engineer — Acquiring & Payment Processing,"Türkiye, Remote",https://job-boards.greenhouse.io/sezzle/jobs/7779221003,2026-06-22T10:22:00-04:00,2026-09-21T16:33:41-05:00,,no,ubicacion fuera de Colombia/LATAM/remoto global,desarrollo,,,,nueva,
139,greenhouse:sezzle:7779220003,sezzle:seniorpaymentsengineeracquiringpaymentprocessing,Sezzle,greenhouse,sezzle,7779220003,Senior Payments Engineer — Acquiring & Payment Processing,"Argentina, Remote",https://job-boards.greenhouse.io/sezzle/jobs/7779220003,2026-06-22T10:21:59-04:00,2026-09-21T16:33:41-05:00,,no,ubicacion fuera de Colombia/LATAM/remoto global,desarrollo,,,,nueva,
140,greenhouse:sezzle:7694889003,sezzle:seniorsecurityinfrastructureengineer,Sezzle,greenhouse,sezzle,7694889003,Senior Security Infrastructure Engineer,"Türkiye, Remote",https://job-boards.greenhouse.io/sezzle/jobs/7694889003,2026-04-09T10:55:40-04:00,2026-09-21T16:33:41-05:00,,no,ubicacion fuera de Colombia/LATAM/remoto global,desarrollo,,,,nueva,
141,greenhouse:sezzle:7694890003,sezzle:seniorsecurityinfrastructureengineer,Sezzle,greenhouse,sezzle,7694890003,Senior Security Infrastructure Engineer,"India, Remote",https://job-boards.greenhouse.io/sezzle/jobs/7694890003,2026-04-09T10:57:14-04:00,2026-09-21T16:33:41-05:00,,no,ubicacion fuera de Colombia/LATAM/remoto global,desarrollo,,,,nueva,
142,greenhouse:sezzle:7612267003,sezzle:seniorsitereliabilityengineer,Sezzle,greenhouse,sezzle,7612267003,Senior Site Reliability Engineer,"Brazil, Remote",https://job-boards.greenhouse.io/sezzle/jobs/7612267003,2026-01-30T14:08:06-05:00,2026-09-21T16:33:41-05:00,,no,ubicacion fuera de Colombia/LATAM/remoto global,desarrollo,,,,nueva,
143,greenhouse:sezzle:7611783003,sezzle:seniorsitereliabilityengineer,Sezzle,greenhouse,sezzle,7611783003,Senior Site Reliability Engineer,"Bogota, Colombia",https://job-boards.greenhouse.io/sezzle/jobs/7611783003,2026-01-30T12:58:43-05:00,2026-09-21T16:33:41-05:00,,si,ubicacion compatible,desarrollo,5.6,"stack 5.4 (bruto 13.5) | seniority 3 (senior, desarrollo) | contexto 10",BRECHA: titulo 'senior' en rol de desarrollo || BRECHA: piden 12+ anos de experiencia,nueva,
144,greenhouse:sezzle:7612006003,sezzle:seniorsitereliabilityengineer,Sezzle,greenhouse,sezzle,7612006003,Senior Site Reliability Engineer,"Argentina, Remote",https://job-boards.greenhouse.io/sezzle/jobs/7612006003,2026-01-30T13:15:50-05:00,2026-09-21T16:33:41-05:00,,no,ubicacion fuera de Colombia/LATAM/remoto global,desarrollo,,,,nueva,
145,greenhouse:sezzle:7692823003,sezzle:seniorsitereliabilityengineer,Sezzle,greenhouse,sezzle,7692823003,Senior Site Reliability Engineer,"India, Remote",https://job-boards.greenhouse.io/sezzle/jobs/7692823003,2026-04-07T17:45:47-04:00,2026-09-21T16:33:41-05:00,,no,ubicacion fuera de Colombia/LATAM/remoto global,desarrollo,,,,nueva,
146,greenhouse:sezzle:7612047003,sezzle:seniorsitereliabilityengineer,Sezzle,greenhouse,sezzle,7612047003,Senior Site Reliability Engineer,"Chile, Remote",https://job-boards.greenhouse.io/sezzle/jobs/7612047003,2026-01-30T13:29:09-05:00,2026-09-21T16:33:41-05:00,,no,ubicacion fuera de Colombia/LATAM/remoto global,desarrollo,,,,nueva,
147,greenhouse:sezzle:7612268003,sezzle:seniorsitereliabilityengineer,Sezzle,greenhouse,sezzle,7612268003,Senior Site Reliability Engineer,"Türkiye, Remote",https://job-boards.greenhouse.io/sezzle/jobs/7612268003,2026-01-30T14:09:52-05:00,2026-09-21T16:33:41-05:00,,no,ubicacion fuera de Colombia/LATAM/remoto global,desarrollo,,,,nueva,
148,greenhouse:sezzle:7612263003,sezzle:seniorsitereliabilityengineer,Sezzle,greenhouse,sezzle,7612263003,Senior Site Reliability Engineer,"Mexico, Remote",https://job-boards.greenhouse.io/sezzle/jobs/7612263003,2026-01-30T14:05:33-05:00,2026-09-21T16:33:41-05:00,,no,ubicacion fuera de Colombia/LATAM/remoto global,desarrollo,,,,nueva,
149,greenhouse:sezzle:7541148003,sezzle:seniorsoftwareengineerargentina,Sezzle,greenhouse,sezzle,7541148003,Senior Software Engineer (Argentina),"Argentina, Remote",https://job-boards.greenhouse.io/sezzle/jobs/7541148003,2025-11-26T17:51:22-05:00,2026-09-21T16:33:41-05:00,,no,ubicacion fuera de Colombia/LATAM/remoto global,desarrollo,,,,nueva,
150,greenhouse:sezzle:6110212003,sezzle:seniorsoftwareengineerbrazil,Sezzle,greenhouse,sezzle,6110212003,Senior Software Engineer (Brazil),"Brazil, Remote",https://job-boards.greenhouse.io/sezzle/jobs/6110212003,2024-09-05T13:12:02-04:00,2026-09-21T16:33:41-05:00,,no,ubicacion fuera de Colombia/LATAM/remoto global,desarrollo,,,,nueva,
151,greenhouse:sezzle:6110211003,sezzle:seniorsoftwareengineerchile,Sezzle,greenhouse,sezzle,6110211003,Senior Software Engineer (Chile),"Chile, Remote",https://job-boards.greenhouse.io/sezzle/jobs/6110211003,2024-09-05T13:11:35-04:00,2026-09-21T16:33:41-05:00,,no,ubicacion fuera de Colombia/LATAM/remoto global,desarrollo,,,,nueva,
152,greenhouse:sezzle:6110245003,sezzle:seniorsoftwareengineercolombia,Sezzle,greenhouse,sezzle,6110245003,Senior Software Engineer (Colombia),"Colombia, Remote",https://job-boards.greenhouse.io/sezzle/jobs/6110245003,2024-09-05T13:26:24-04:00,2026-09-21T16:33:41-05:00,,si,ubicacion compatible,desarrollo,5,"stack 5.0 (bruto 12.5) | seniority 3 (senior, desarrollo) | contexto 8",BRECHA: titulo 'senior' en rol de desarrollo || BRECHA: piden 7+ anos de experiencia,nueva,
153,greenhouse:sezzle:7775223003,sezzle:seniorsoftwareengineerindia,Sezzle,greenhouse,sezzle,7775223003,Senior Software Engineer (India),"India, Remote",https://job-boards.greenhouse.io/sezzle/jobs/7775223003,2026-06-16T13:43:17-04:00,2026-09-21T16:33:41-05:00,,no,ubicacion fuera de Colombia/LATAM/remoto global,desarrollo,,,,nueva,
154,greenhouse:sezzle:5761148003,sezzle:seniorsoftwareengineerlatam,Sezzle,greenhouse,sezzle,5761148003,Senior Software Engineer (LATAM),Latin America,https://job-boards.greenhouse.io/sezzle/jobs/5761148003,2023-10-02T10:33:55-04:00,2026-09-21T16:33:41-05:00,,si,ubicacion compatible,desarrollo,5,"stack 5.0 (bruto 12.5) | seniority 3 (senior, desarrollo) | contexto 8",BRECHA: titulo 'senior' en rol de desarrollo || BRECHA: piden 7+ anos de experiencia,nueva,
155,greenhouse:sezzle:6570434003,sezzle:seniorsoftwareengineermexico,Sezzle,greenhouse,sezzle,6570434003,Senior Software Engineer (Mexico),"Mexico, Remote",https://job-boards.greenhouse.io/sezzle/jobs/6570434003,2025-05-08T16:21:52-04:00,2026-09-21T16:33:41-05:00,,no,ubicacion fuera de Colombia/LATAM/remoto global,desarrollo,,,,nueva,
156,greenhouse:sezzle:7566124003,sezzle:seniorsoftwareengineerpoland,Sezzle,greenhouse,sezzle,7566124003,Senior Software Engineer (Poland),"Poland, Remote",https://job-boards.greenhouse.io/sezzle/jobs/7566124003,2025-12-17T11:43:07-05:00,2026-09-21T16:33:41-05:00,,no,ubicacion fuera de Colombia/LATAM/remoto global,desarrollo,,,,nueva,
157,greenhouse:sezzle:6275711003,sezzle:seniorsoftwareengineerturkey,Sezzle,greenhouse,sezzle,6275711003,Senior Software Engineer (Turkey),"Türkiye, Remote",https://job-boards.greenhouse.io/sezzle/jobs/6275711003,2024-11-18T17:36:10-05:00,2026-09-21T16:33:41-05:00,,no,ubicacion fuera de Colombia/LATAM/remoto global,desarrollo,,,,nueva,
158,greenhouse:sezzle:7527790003,sezzle:seniorsoftwareengineerwithaccountingexperience,Sezzle,greenhouse,sezzle,7527790003,Senior Software Engineer with Accounting Experience,"Türkiye, Remote",https://job-boards.greenhouse.io/sezzle/jobs/7527790003,2025-11-13T16:46:40-05:00,2026-09-21T16:33:41-05:00,,no,ubicacion fuera de Colombia/LATAM/remoto global,desarrollo,,,,nueva,
159,greenhouse:sezzle:7542375003,sezzle:seniorsoftwareengineerwithaccountingexperienceargentina,Sezzle,greenhouse,sezzle,7542375003,Senior Software Engineer with Accounting Experience (Argentina),"Argentina, Remote",https://job-boards.greenhouse.io/sezzle/jobs/7542375003,2025-11-28T13:22:30-05:00,2026-09-21T16:33:41-05:00,,no,ubicacion fuera de Colombia/LATAM/remoto global,desarrollo,,,,nueva,
160,greenhouse:sezzle:7527786003,sezzle:seniorsoftwareengineerwithaccountingexperiencebrazil,Sezzle,greenhouse,sezzle,7527786003,Senior Software Engineer with Accounting Experience (Brazil),"Brazil, Remote",https://job-boards.greenhouse.io/sezzle/jobs/7527786003,2025-11-28T13:10:38-05:00,2026-09-21T16:33:41-05:00,,no,ubicacion fuera de Colombia/LATAM/remoto global,desarrollo,,,,nueva,
161,greenhouse:sezzle:7542374003,sezzle:seniorsoftwareengineerwithaccountingexperiencechile,Sezzle,greenhouse,sezzle,7542374003,Senior Software Engineer with Accounting Experience (Chile),"Chile, Remote",https://job-boards.greenhouse.io/sezzle/jobs/7542374003,2025-11-28T13:17:59-05:00,2026-09-21T16:33:41-05:00,,no,ubicacion fuera de Colombia/LATAM/remoto global,desarrollo,,,,nueva,
162,greenhouse:sezzle:7542373003,sezzle:seniorsoftwareengineerwithaccountingexperiencecolombia,Sezzle,greenhouse,sezzle,7542373003,Senior Software Engineer with Accounting Experience (Colombia),"Bogota, Colombia",https://job-boards.greenhouse.io/sezzle/jobs/7542373003,2025-11-28T13:15:26-05:00,2026-09-21T16:33:41-05:00,,si,ubicacion compatible,desarrollo,6,"stack 6.2 (bruto 15.5) | seniority 3 (senior, desarrollo) | contexto 10",BRECHA: titulo 'senior' en rol de desarrollo || BRECHA: piden 7+ anos de experiencia,nueva,
163,greenhouse:sezzle:7527782003,sezzle:seniorsoftwareengineerwithaccountingexperiencelatam,Sezzle,greenhouse,sezzle,7527782003,Senior Software Engineer with Accounting Experience (LATAM),"Mexico, Remote",https://job-boards.greenhouse.io/sezzle/jobs/7527782003,2025-11-28T13:10:37-05:00,2026-09-21T16:33:41-05:00,,no,ubicacion fuera de Colombia/LATAM/remoto global,desarrollo,,,,nueva,
164,greenhouse:sezzle:7527765003,sezzle:seniorsoftwareengineerwithaccountingexperiencelatam,Sezzle,greenhouse,sezzle,7527765003,Senior Software Engineer with Accounting Experience (LATAM),Latin America,https://job-boards.greenhouse.io/sezzle/jobs/7527765003,2025-11-13T16:46:41-05:00,2026-09-21T16:33:41-05:00,,si,ubicacion compatible,desarrollo,6,"stack 6.2 (bruto 15.5) | seniority 3 (senior, desarrollo) | contexto 10",BRECHA: titulo 'senior' en rol de desarrollo || BRECHA: piden 7+ anos de experiencia,nueva,
165,greenhouse:sezzle:7861209003,sezzle:seniortechnicalproductmanagerbankingplatform,Sezzle,greenhouse,sezzle,7861209003,"Senior Technical Product Manager, Banking Platform",Latin America,https://job-boards.greenhouse.io/sezzle/jobs/7861209003,2026-08-12T18:08:24-04:00,2026-09-21T16:33:41-05:00,,si,ubicacion compatible,desarrollo,0,"stack 2.8 (bruto 7) | seniority 0 (lead, desarrollo) | contexto 10",KNOCKOUT: seniority 'lead' fuera de alcance en rol de desarrollo || BRECHA: piden 5+ anos de experiencia,nueva,
166,greenhouse:sezzle:7861155003,sezzle:seniortechnicalproductmanagerbankingplatform,Sezzle,greenhouse,sezzle,7861155003,"Senior Technical Product Manager, Banking Platform","Bogota, Colombia",https://job-boards.greenhouse.io/sezzle/jobs/7861155003,2026-08-12T18:07:28-04:00,2026-09-21T16:33:41-05:00,,si,ubicacion compatible,desarrollo,0,"stack 2.8 (bruto 7) | seniority 0 (lead, desarrollo) | contexto 10",KNOCKOUT: seniority 'lead' fuera de alcance en rol de desarrollo || BRECHA: piden 5+ anos de experiencia,nueva,
167,greenhouse:sezzle:7861210003,sezzle:seniortechnicalproductmanagerbankingplatform,Sezzle,greenhouse,sezzle,7861210003,"Senior Technical Product Manager, Banking Platform","Argentina, Remote",https://job-boards.greenhouse.io/sezzle/jobs/7861210003,2026-08-12T18:09:10-04:00,2026-09-21T16:33:41-05:00,,no,ubicacion fuera de Colombia/LATAM/remoto global,desarrollo,,,,nueva,
168,greenhouse:sezzle:7861216003,sezzle:seniortechnicalproductmanagerbankingplatform,Sezzle,greenhouse,sezzle,7861216003,"Senior Technical Product Manager, Banking Platform","Chile, Remote",https://job-boards.greenhouse.io/sezzle/jobs/7861216003,2026-08-12T18:13:08-04:00,2026-09-21T16:33:41-05:00,,no,ubicacion fuera de Colombia/LATAM/remoto global,desarrollo,,,,nueva,
169,greenhouse:sezzle:7861214003,sezzle:seniortechnicalproductmanagerbankingplatform,Sezzle,greenhouse,sezzle,7861214003,"Senior Technical Product Manager, Banking Platform","Mexico, Remote",https://job-boards.greenhouse.io/sezzle/jobs/7861214003,2026-08-12T18:12:13-04:00,2026-09-21T16:33:41-05:00,,no,ubicacion fuera de Colombia/LATAM/remoto global,desarrollo,,,,nueva,
170,greenhouse:sezzle:7861213003,sezzle:seniortechnicalproductmanagerbankingplatform,Sezzle,greenhouse,sezzle,7861213003,"Senior Technical Product Manager, Banking Platform","Brazil, Remote",https://job-boards.greenhouse.io/sezzle/jobs/7861213003,2026-08-12T18:10:52-04:00,2026-09-21T16:33:41-05:00,,no,ubicacion fuera de Colombia/LATAM/remoto global,desarrollo,,,,nueva,
171,greenhouse:sezzle:6502999003,sezzle:softwareengineeriiargentina,Sezzle,greenhouse,sezzle,6502999003,Software Engineer II (Argentina),"Argentina, Remote",https://job-boards.greenhouse.io/sezzle/jobs/6502999003,2025-11-18T17:50:31-05:00,2026-09-21T16:33:41-05:00,,no,ubicacion fuera de Colombia/LATAM/remoto global,desarrollo,,,,nueva,
172,greenhouse:sezzle:7542378003,sezzle:softwareengineeriibrazil,Sezzle,greenhouse,sezzle,7542378003,Software Engineer II (Brazil),"Brazil, Remote",https://job-boards.greenhouse.io/sezzle/jobs/7542378003,2025-11-28T13:25:11-05:00,2026-09-21T16:33:41-05:00,,no,ubicacion fuera de Colombia/LATAM/remoto global,desarrollo,,,,nueva,
173,greenhouse:sezzle:6502998003,sezzle:softwareengineeriichile,Sezzle,greenhouse,sezzle,6502998003,Software Engineer II (Chile),"Chile, Remote",https://job-boards.greenhouse.io/sezzle/jobs/6502998003,2025-11-18T17:50:32-05:00,2026-09-21T16:33:41-05:00,,no,ubicacion fuera de Colombia/LATAM/remoto global,desarrollo,,,,nueva,
174,greenhouse:sezzle:6503000003,sezzle:softwareengineeriicolombia,Sezzle,greenhouse,sezzle,6503000003,Software Engineer II (Colombia),"Colombia, Remote",https://job-boards.greenhouse.io/sezzle/jobs/6503000003,2025-11-18T17:50:30-05:00,2026-09-21T16:33:41-05:00,,si,ubicacion compatible,desarrollo,6.5,"stack 3.8 (bruto 9.5) | seniority 10 (mid, desarrollo) | contexto 8",BRECHA: piden 3+ anos de experiencia,nueva,
175,greenhouse:sezzle:6502997003,sezzle:softwareengineeriilatam,Sezzle,greenhouse,sezzle,6502997003,Software Engineer II (LATAM),Latin America,https://job-boards.greenhouse.io/sezzle/jobs/6502997003,2025-03-07T16:27:54-05:00,2026-09-21T16:33:41-05:00,,si,ubicacion compatible,desarrollo,6.5,"stack 3.8 (bruto 9.5) | seniority 10 (mid, desarrollo) | contexto 8",BRECHA: piden 3+ anos de experiencia,nueva,
176,greenhouse:sezzle:7543842003,sezzle:softwareengineeriimexico,Sezzle,greenhouse,sezzle,7543842003,Software Engineer II (Mexico),"Mexico, Remote",https://job-boards.greenhouse.io/sezzle/jobs/7543842003,2025-12-01T11:28:53-05:00,2026-09-21T16:33:41-05:00,,no,ubicacion fuera de Colombia/LATAM/remoto global,desarrollo,,,,nueva,
177,greenhouse:sezzle:7566106003,sezzle:softwareengineeriipoland,Sezzle,greenhouse,sezzle,7566106003,Software Engineer II (Poland),"Poland, Remote",https://job-boards.greenhouse.io/sezzle/jobs/7566106003,2025-12-17T11:44:32-05:00,2026-09-21T16:33:41-05:00,,no,ubicacion fuera de Colombia/LATAM/remoto global,desarrollo,,,,nueva,
178,greenhouse:sezzle:6503001003,sezzle:softwareengineeriiturkey,Sezzle,greenhouse,sezzle,6503001003,Software Engineer II (Turkey),"Türkiye, Remote",https://job-boards.greenhouse.io/sezzle/jobs/6503001003,2025-11-18T17:50:27-05:00,2026-09-21T16:33:41-05:00,,no,ubicacion fuera de Colombia/LATAM/remoto global,desarrollo,,,,nueva,
179,greenhouse:sezzle:7586467003,sezzle:softwareengineeriivenezuela,Sezzle,greenhouse,sezzle,7586467003,Software Engineer II (Venezuela),"Venezuela, Remote",https://job-boards.greenhouse.io/sezzle/jobs/7586467003,2026-01-12T09:58:56-05:00,2026-09-21T16:33:41-05:00,,no,ubicacion fuera de Colombia/LATAM/remoto global,desarrollo,,,,nueva,
180,greenhouse:sezzle:7527806003,sezzle:softwareengineeriiwithaccountingexperience,Sezzle,greenhouse,sezzle,7527806003,Software Engineer II with Accounting Experience,"Türkiye, Remote",https://job-boards.greenhouse.io/sezzle/jobs/7527806003,2025-11-13T16:46:31-05:00,2026-09-21T16:33:41-05:00,,no,ubicacion fuera de Colombia/LATAM/remoto global,desarrollo,,,,nueva,
181,greenhouse:sezzle:7527803003,sezzle:softwareengineeriiwithaccountingexperienceargentina,Sezzle,greenhouse,sezzle,7527803003,Software Engineer II with Accounting Experience (Argentina),"Argentina, Remote",https://job-boards.greenhouse.io/sezzle/jobs/7527803003,2025-12-01T11:30:04-05:00,2026-09-21T16:33:41-05:00,,no,ubicacion fuera de Colombia/LATAM/remoto global,desarrollo,,,,nueva,
182,greenhouse:sezzle:7544020003,sezzle:softwareengineeriiwithaccountingexperiencebrazil,Sezzle,greenhouse,sezzle,7544020003,Software Engineer II with Accounting Experience (Brazil),"Brazil, Remote",https://job-boards.greenhouse.io/sezzle/jobs/7544020003,2025-12-01T12:56:16-05:00,2026-09-21T16:33:41-05:00,,no,ubicacion fuera de Colombia/LATAM/remoto global,desarrollo,,,,nueva,
183,greenhouse:sezzle:7544025003,sezzle:softwareengineeriiwithaccountingexperiencechile,Sezzle,greenhouse,sezzle,7544025003,Software Engineer II with Accounting Experience (Chile),"Chile, Remote",https://job-boards.greenhouse.io/sezzle/jobs/7544025003,2025-12-01T12:58:26-05:00,2026-09-21T16:33:41-05:00,,no,ubicacion fuera de Colombia/LATAM/remoto global,desarrollo,,,,nueva,
184,greenhouse:sezzle:7527801003,sezzle:softwareengineeriiwithaccountingexperiencecolombia,Sezzle,greenhouse,sezzle,7527801003,Software Engineer II with Accounting Experience (Colombia),"Colombia, Remote",https://job-boards.greenhouse.io/sezzle/jobs/7527801003,2025-12-01T11:30:03-05:00,2026-09-21T16:33:41-05:00,,si,ubicacion compatible,desarrollo,7.1,"stack 5.0 (bruto 12.5) | seniority 10 (mid, desarrollo) | contexto 8",BRECHA: piden 3+ anos de experiencia,nueva,
185,greenhouse:sezzle:7527791003,sezzle:softwareengineeriiwithaccountingexperiencelatam,Sezzle,greenhouse,sezzle,7527791003,Software Engineer II with Accounting Experience (LATAM),Latin America,https://job-boards.greenhouse.io/sezzle/jobs/7527791003,2025-11-13T16:46:31-05:00,2026-09-21T16:33:41-05:00,,si,ubicacion compatible,desarrollo,7.1,"stack 5.0 (bruto 12.5) | seniority 10 (mid, desarrollo) | contexto 8",BRECHA: piden 3+ anos de experiencia,nueva,
186,greenhouse:sezzle:7544015003,sezzle:softwareengineeriiwithaccountingexperiencemexico,Sezzle,greenhouse,sezzle,7544015003,Software Engineer II with Accounting Experience (Mexico),"Mexico, Remote",https://job-boards.greenhouse.io/sezzle/jobs/7544015003,2025-12-01T12:54:38-05:00,2026-09-21T16:33:41-05:00,,no,ubicacion fuera de Colombia/LATAM/remoto global,desarrollo,,,,nueva,
187,greenhouse:sezzle:6233081003,sezzle:softwareengineerintern,Sezzle,greenhouse,sezzle,6233081003,Software Engineer Intern,"Colombia, Remote",https://job-boards.greenhouse.io/sezzle/jobs/6233081003,2025-04-11T17:44:00-04:00,2026-09-21T16:33:41-05:00,,si,ubicacion compatible,desarrollo,3.9,"stack 3.8 (bruto 9.5) | seniority 4 (intern, desarrollo) | contexto 4",,nueva,
188,greenhouse:sezzle:7906408003,sezzle:softwareengineerintern,Sezzle,greenhouse,sezzle,7906408003,Software Engineer Intern,Peru,https://job-boards.greenhouse.io/sezzle/jobs/7906408003,2026-08-19T16:08:49-04:00,2026-09-21T16:33:41-05:00,,no,ubicacion fuera de Colombia/LATAM/remoto global,desarrollo,,,,nueva,
189,greenhouse:sezzle:7849516003,sezzle:solutionsengineer,Sezzle,greenhouse,sezzle,7849516003,Solutions Engineer,"Chile, Remote",https://job-boards.greenhouse.io/sezzle/jobs/7849516003,2026-08-10T14:04:23-04:00,2026-09-21T16:33:41-05:00,,no,ubicacion fuera de Colombia/LATAM/remoto global,automatizacion,,,,nueva,
190,greenhouse:sezzle:7849452003,sezzle:solutionsengineer,Sezzle,greenhouse,sezzle,7849452003,Solutions Engineer,Latin America,https://job-boards.greenhouse.io/sezzle/jobs/7849452003,2026-08-10T14:06:58-04:00,2026-09-21T16:33:41-05:00,,si,ubicacion compatible,automatizacion,7.4,"stack 4.8 (bruto 12) | seniority 10 (sin_marca, automatizacion) | contexto 10",BRECHA: piden 4+ anos de experiencia,nueva,
191,greenhouse:sezzle:7849579003,sezzle:solutionsengineer,Sezzle,greenhouse,sezzle,7849579003,Solutions Engineer,"United States, Remote",https://job-boards.greenhouse.io/sezzle/jobs/7849579003,2026-08-10T14:21:55-04:00,2026-09-21T16:33:41-05:00,,no,ubicacion fuera de Colombia/LATAM/remoto global,automatizacion,,,,nueva,
192,greenhouse:sezzle:7849514003,sezzle:solutionsengineer,Sezzle,greenhouse,sezzle,7849514003,Solutions Engineer,"Mexico, Remote",https://job-boards.greenhouse.io/sezzle/jobs/7849514003,2026-08-10T14:04:22-04:00,2026-09-21T16:33:41-05:00,,no,ubicacion fuera de Colombia/LATAM/remoto global,automatizacion,,,,nueva,
193,greenhouse:sezzle:7849511003,sezzle:solutionsengineer,Sezzle,greenhouse,sezzle,7849511003,Solutions Engineer,"Bogota, Colombia",https://job-boards.greenhouse.io/sezzle/jobs/7849511003,2026-08-10T14:06:17-04:00,2026-09-21T16:33:41-05:00,,si,ubicacion compatible,automatizacion,7.4,"stack 4.8 (bruto 12) | seniority 10 (sin_marca, automatizacion) | contexto 10",BRECHA: piden 4+ anos de experiencia,nueva,
194,greenhouse:sezzle:7849512003,sezzle:solutionsengineer,Sezzle,greenhouse,sezzle,7849512003,Solutions Engineer,"Argentina, Remote",https://job-boards.greenhouse.io/sezzle/jobs/7849512003,2026-08-10T14:05:37-04:00,2026-09-21T16:33:41-05:00,,no,ubicacion fuera de Colombia/LATAM/remoto global,automatizacion,,,,nueva,
195,greenhouse:sezzle:7849513003,sezzle:solutionsengineer,Sezzle,greenhouse,sezzle,7849513003,Solutions Engineer,"Brazil, Remote",https://job-boards.greenhouse.io/sezzle/jobs/7849513003,2026-08-10T14:05:09-04:00,2026-09-21T16:33:41-05:00,,no,ubicacion fuera de Colombia/LATAM/remoto global,automatizacion,,,,nueva,
196,greenhouse:sezzle:7693478003,sezzle:sreplatforminfrastructureengineerintern,Sezzle,greenhouse,sezzle,7693478003,SRE / Platform Infrastructure Engineer Intern,"Colombia, Remote",https://job-boards.greenhouse.io/sezzle/jobs/7693478003,2026-04-09T13:47:29-04:00,2026-09-21T16:33:41-05:00,,si,ubicacion compatible,desarrollo,5,"stack 4.4 (bruto 11) | seniority 4 (intern, desarrollo) | contexto 8",,nueva,
197,greenhouse:sezzle:7906453003,sezzle:sreplatforminfrastructureengineerintern,Sezzle,greenhouse,sezzle,7906453003,SRE / Platform Infrastructure Engineer Intern,Peru,https://job-boards.greenhouse.io/sezzle/jobs/7906453003,2026-08-19T16:19:36-04:00,2026-09-21T16:33:41-05:00,,no,ubicacion fuera de Colombia/LATAM/remoto global,desarrollo,,,,nueva,
198,greenhouse:sezzle:7749935003,sezzle:srfrauddataanalystp2pcashadvance,Sezzle,greenhouse,sezzle,7749935003,"Sr Fraud Data Analyst, P2P & Cash Advance","Minneapolis, United States",https://job-boards.greenhouse.io/sezzle/jobs/7749935003,2026-05-27T15:38:00-04:00,2026-09-21T16:33:41-05:00,,no,ubicacion fuera de Colombia/LATAM/remoto global,desarrollo,,,,nueva,
199,greenhouse:sezzle:7712139003,sezzle:talentacquisitioninternremote,Sezzle,greenhouse,sezzle,7712139003,Talent Acquisition Intern (Remote),"Colombia, Remote",https://job-boards.greenhouse.io/sezzle/jobs/7712139003,2026-04-23T12:40:33-04:00,2026-09-21T16:33:41-05:00,,no,titulo fuera de perfil,desarrollo,,,,nueva,
200,greenhouse:sezzle:7651677003,sezzle:talentacquisitionspecialist,Sezzle,greenhouse,sezzle,7651677003,Talent Acquisition Specialist,"Bogota, Colombia",https://job-boards.greenhouse.io/sezzle/jobs/7651677003,2026-09-10T18:25:01-04:00,2026-09-21T16:33:41-05:00,,no,titulo fuera de perfil,desarrollo,,,,nueva,
201,greenhouse:sezzle:7644095003,sezzle:vendormanagementprogrammanager,Sezzle,greenhouse,sezzle,7644095003,Vendor Management Program Manager,"Mexico, Remote",https://job-boards.greenhouse.io/sezzle/jobs/7644095003,2026-02-24T17:02:36-05:00,2026-09-21T16:33:41-05:00,,no,titulo fuera de perfil,desarrollo,,,,nueva,
202,greenhouse:sezzle:7644086003,sezzle:vendormanagementprogrammanager,Sezzle,greenhouse,sezzle,7644086003,Vendor Management Program Manager,"Chile, Remote",https://job-boards.greenhouse.io/sezzle/jobs/7644086003,2026-02-24T17:02:42-05:00,2026-09-21T16:33:41-05:00,,no,titulo fuera de perfil,desarrollo,,,,nueva,
203,greenhouse:sezzle:7644079003,sezzle:vendormanagementprogrammanager,Sezzle,greenhouse,sezzle,7644079003,Vendor Management Program Manager,"Brazil, Remote",https://job-boards.greenhouse.io/sezzle/jobs/7644079003,2026-02-24T17:02:41-05:00,2026-09-21T16:33:41-05:00,,no,titulo fuera de perfil,desarrollo,,,,nueva,
204,greenhouse:sezzle:7644058003,sezzle:vendormanagementprogrammanager,Sezzle,greenhouse,sezzle,7644058003,Vendor Management Program Manager,"Argentina, Remote",https://job-boards.greenhouse.io/sezzle/jobs/7644058003,2026-02-24T17:02:40-05:00,2026-09-21T16:33:41-05:00,,no,titulo fuera de perfil,desarrollo,,,,nueva,
205,greenhouse:sezzle:7643278003,sezzle:vendormanagementprogrammanager,Sezzle,greenhouse,sezzle,7643278003,Vendor Management Program Manager,"Bogota, Colombia",https://job-boards.greenhouse.io/sezzle/jobs/7643278003,2026-02-24T17:02:38-05:00,2026-09-21T16:33:41-05:00,,no,titulo fuera de perfil,desarrollo,,,,nueva,
206,greenhouse:sezzle:7644107003,sezzle:vendormanagementprogrammanager,Sezzle,greenhouse,sezzle,7644107003,Vendor Management Program Manager,Latin America,https://job-boards.greenhouse.io/sezzle/jobs/7644107003,2026-02-24T17:02:38-05:00,2026-09-21T16:33:41-05:00,,no,titulo fuera de perfil,desarrollo,,,,nueva,
207,greenhouse:sezzle:7796066003,sezzle:vicepresidentcpgpartnerships,Sezzle,greenhouse,sezzle,7796066003,"Vice President, CPG Partnerships","United States, Remote",https://job-boards.greenhouse.io/sezzle/jobs/7796066003,2026-07-07T09:03:32-04:00,2026-09-21T16:33:41-05:00,,no,titulo fuera de perfil,desarrollo,,,,nueva,
208,greenhouse:nimblegravity:4699013005,nimblegravity:aiarchitect,Nimble Gravity,greenhouse,nimblegravity,4699013005,AI Architect,"LATAM (Remote), US (Remote)",https://job-boards.greenhouse.io/nimblegravity/jobs/4699013005,2026-05-26T17:41:23-04:00,2026-09-21T16:33:41-05:00,,si,ubicacion compatible,desarrollo,0,"stack 4.6 (bruto 11.5) | seniority 0 (lead, desarrollo) | contexto 0",KNOCKOUT: seniority 'lead' fuera de alcance en rol de desarrollo,nueva,
209,greenhouse:nimblegravity:4727000005,nimblegravity:aienablementadoptionmanager,Nimble Gravity,greenhouse,nimblegravity,4727000005,AI Enablement & Adoption Manager,US (Remote),https://job-boards.greenhouse.io/nimblegravity/jobs/4727000005,2026-08-24T14:27:30-04:00,2026-09-21T16:33:41-05:00,,no,ubicacion fuera de Colombia/LATAM/remoto global,automatizacion,,,,nueva,
210,greenhouse:nimblegravity:4698656005,nimblegravity:clientengagementmanager,Nimble Gravity,greenhouse,nimblegravity,4698656005,Client Engagement Manager,"LATAM (Remote), US (Remote)",https://job-boards.greenhouse.io/nimblegravity/jobs/4698656005,2026-06-05T16:07:02-04:00,2026-09-21T16:33:41-05:00,,no,titulo fuera de perfil,desarrollo,,,,nueva,
211,greenhouse:nimblegravity:4720332005,nimblegravity:copilotpowerplatformarchitect,Nimble Gravity,greenhouse,nimblegravity,4720332005,Copilot & Power Platform Architect,US (Remote) LATAM (Remote),https://job-boards.greenhouse.io/nimblegravity/jobs/4720332005,2026-07-31T12:19:14-04:00,2026-09-21T16:33:41-05:00,,si,ubicacion compatible,desarrollo,0,"stack 7.4 (bruto 18.5) | seniority 0 (lead, desarrollo) | contexto 4",KNOCKOUT: seniority 'lead' fuera de alcance en rol de desarrollo || BRECHA: piden 5+ anos de experiencia,nueva,
212,greenhouse:nimblegravity:4703166005,nimblegravity:ctodataplatforms,Nimble Gravity,greenhouse,nimblegravity,4703166005,"CTO, Data Platforms",USA (Remote),https://job-boards.greenhouse.io/nimblegravity/jobs/4703166005,2026-06-29T16:06:28-04:00,2026-09-21T16:33:41-05:00,,no,ubicacion fuera de Colombia/LATAM/remoto global,desarrollo,,,,nueva,
213,greenhouse:nimblegravity:4719247005,nimblegravity:marketingspecialist,Nimble Gravity,greenhouse,nimblegravity,4719247005,Marketing Specialist,US (Remote),https://job-boards.greenhouse.io/nimblegravity/jobs/4719247005,2026-07-28T15:29:15-04:00,2026-09-21T16:33:41-05:00,2026-09-21,no,titulo fuera de perfil,desarrollo,,,,nueva,
214,greenhouse:nimblegravity:4696136005,nimblegravity:productmanager,Nimble Gravity,greenhouse,nimblegravity,4696136005,Product Manager,LATAM (Remote),https://job-boards.greenhouse.io/nimblegravity/jobs/4696136005,2026-05-15T14:54:59-04:00,2026-09-21T16:33:41-05:00,,no,titulo fuera de perfil,desarrollo,,,,nueva,
215,greenhouse:nimblegravity:4726723005,nimblegravity:scrummaster,Nimble Gravity,greenhouse,nimblegravity,4726723005,Scrum Master,"LATAM (Remote), US (Remote)",https://job-boards.greenhouse.io/nimblegravity/jobs/4726723005,2026-08-21T18:55:11-04:00,2026-09-21T16:33:41-05:00,,no,titulo fuera de perfil,desarrollo,,,,nueva,
216,greenhouse:nimblegravity:4730927005,nimblegravity:seniorarchitectanthropicenablement,Nimble Gravity,greenhouse,nimblegravity,4730927005,"Senior Architect, Anthropic Enablement",US (Remote),https://job-boards.greenhouse.io/nimblegravity/jobs/4730927005,2026-09-03T16:54:11-04:00,2026-09-21T16:33:41-05:00,,no,titulo fuera de perfil,automatizacion,,,,nueva,
217,greenhouse:nimblegravity:4708164005,nimblegravity:seniordataengineer,Nimble Gravity,greenhouse,nimblegravity,4708164005,Senior Data Engineer,LATAM (Remote),https://job-boards.greenhouse.io/nimblegravity/jobs/4708164005,2026-06-22T15:09:53-04:00,2026-09-21T16:33:41-05:00,,si,ubicacion compatible,desarrollo,3.5,"stack 5.2 (bruto 13) | seniority 3 (senior, desarrollo) | contexto 0",BRECHA: titulo 'senior' en rol de desarrollo || BRECHA: piden 5+ anos de experiencia,nueva,
218,greenhouse:nimblegravity:4631216005,nimblegravity:srdataarchitect,Nimble Gravity,greenhouse,nimblegravity,4631216005,Sr Data Architect,"LATAM (Remote), US (Remote)",https://job-boards.greenhouse.io/nimblegravity/jobs/4631216005,2025-11-26T13:06:23-05:00,2026-09-21T16:33:41-05:00,,si,ubicacion compatible,desarrollo,0,"stack 3.6 (bruto 9) | seniority 0 (lead, desarrollo) | contexto 0",KNOCKOUT: seniority 'lead' fuera de alcance en rol de desarrollo || BRECHA: piden 10+ anos de experiencia,nueva,
219,greenhouse:backblaze:5287532008,backblaze:aiworkflowengineerlatam,Backblaze,greenhouse,backblaze,5287532008,AI Workflow Engineer | LATAM,Remote - Argentina; Remote - Colombia ; Remote - Costa Rica ; Remote - Mexico,https://job-boards.greenhouse.io/backblaze/jobs/5287532008,2026-07-01T18:01:01-04:00,2026-09-21T16:33:41-05:00,,si,ubicacion compatible,automatizacion,6.2,"stack 6.4 (bruto 16) | seniority 10 (sin_marca, automatizacion) | contexto 0",,nueva,
220,greenhouse:backblaze:5277815008,backblaze:clustersystemscapacityengineer,Backblaze,greenhouse,backblaze,5277815008,Cluster & Systems Capacity Engineer,Remote - US,https://job-boards.greenhouse.io/backblaze/jobs/5277815008,2026-06-29T17:37:04-04:00,2026-09-21T16:33:41-05:00,,no,ubicacion fuera de Colombia/LATAM/remoto global,desarrollo,,,,nueva,
221,greenhouse:backblaze:5386992008,backblaze:corporateparalegal,Backblaze,greenhouse,backblaze,5386992008,Corporate Paralegal,Remote - US,https://job-boards.greenhouse.io/backblaze/jobs/5386992008,2026-08-19T14:03:01-04:00,2026-09-21T16:33:41-05:00,,no,titulo fuera de perfil,desarrollo,,,,nueva,
222,greenhouse:backblaze:5404378008,backblaze:corporateparalegallatam,Backblaze,greenhouse,backblaze,5404378008,Corporate Paralegal (LATAM),Remote - Argentina; Remote - Colombia ; Remote - Costa Rica ; Remote - Mexico,https://job-boards.greenhouse.io/backblaze/jobs/5404378008,2026-09-03T22:15:36-04:00,2026-09-21T16:33:41-05:00,,no,titulo fuera de perfil,desarrollo,,,,nueva,
223,greenhouse:backblaze:5400314008,backblaze:datacentertechniciani,Backblaze,greenhouse,backblaze,5400314008,Data Center Technician I,"Reston, Virginia, United States",https://job-boards.greenhouse.io/backblaze/jobs/5400314008,2026-09-03T13:31:36-04:00,2026-09-21T16:33:41-05:00,,no,ubicacion fuera de Colombia/LATAM/remoto global,desarrollo,,,,nueva,
224,greenhouse:backblaze:5400309008,backblaze:datacentertechnicianionsiteinchandleraz,Backblaze,greenhouse,backblaze,5400309008,"Data Center Technician I (On-site in Chandler, AZ)","Chandler, Arizona, United States",https://job-boards.greenhouse.io/backblaze/jobs/5400309008,2026-09-08T12:51:20-04:00,2026-09-21T16:33:41-05:00,,no,ubicacion fuera de Colombia/LATAM/remoto global,desarrollo,,,,nueva,
225,greenhouse:backblaze:5382622008,backblaze:directorenterprisesystemsarchitecture,Backblaze,greenhouse,backblaze,5382622008,"Director, Enterprise Systems & Architecture",Remote - US,https://job-boards.greenhouse.io/backblaze/jobs/5382622008,2026-08-27T15:48:41-04:00,2026-09-21T16:33:41-05:00,,no,titulo fuera de perfil,desarrollo,,,,nueva,
226,greenhouse:backblaze:5378711008,backblaze:directorofsecurityoperations,Backblaze,greenhouse,backblaze,5378711008,Director of Security Operations,Remote - US,https://job-boards.greenhouse.io/backblaze/jobs/5378711008,2026-09-01T20:35:05-04:00,2026-09-21T16:33:41-05:00,,no,titulo fuera de perfil,automatizacion,,,,nueva,
227,greenhouse:backblaze:5373593008,backblaze:eventmarketingmanager,Backblaze,greenhouse,backblaze,5373593008,Event Marketing Manager,Remote - US,https://job-boards.greenhouse.io/backblaze/jobs/5373593008,2026-08-10T23:16:55-04:00,2026-09-21T16:33:41-05:00,,no,titulo fuera de perfil,desarrollo,,,,nueva,
228,greenhouse:backblaze:5208143008,backblaze:growthmarketingdirector,Backblaze,greenhouse,backblaze,5208143008,Growth Marketing Director,Remote - US,https://job-boards.greenhouse.io/backblaze/jobs/5208143008,2026-05-06T19:47:01-04:00,2026-09-21T16:33:41-05:00,,no,titulo fuera de perfil,desarrollo,,,,nueva,
229,greenhouse:backblaze:5208155008,backblaze:growthmarketingdirectorlatam,Backblaze,greenhouse,backblaze,5208155008,Growth Marketing Director | LATAM,Remote - Argentina; Remote - Colombia ; Remote - Costa Rica ; Remote - Mexico,https://job-boards.greenhouse.io/backblaze/jobs/5208155008,2026-05-06T19:46:05-04:00,2026-09-21T16:33:41-05:00,,no,titulo fuera de perfil,desarrollo,,,,nueva,
230,greenhouse:backblaze:5373604008,backblaze:isvpartnershipsmanager,Backblaze,greenhouse,backblaze,5373604008,ISV Partnerships Manager,Remote - US,https://job-boards.greenhouse.io/backblaze/jobs/5373604008,2026-08-10T21:39:08-04:00,2026-09-21T16:33:41-05:00,,no,titulo fuera de perfil,desarrollo,,,,nueva,
231,greenhouse:backblaze:5378831008,backblaze:leadsoftwareengineer,Backblaze,greenhouse,backblaze,5378831008,Lead Software Engineer,Remote - US,https://job-boards.greenhouse.io/backblaze/jobs/5378831008,2026-08-10T21:24:08-04:00,2026-09-21T16:33:41-05:00,,no,ubicacion fuera de Colombia/LATAM/remoto global,desarrollo,,,,nueva,
232,greenhouse:backblaze:5373613008,backblaze:oempartnershipsmanager,Backblaze,greenhouse,backblaze,5373613008,OEM Partnerships Manager,Remote - US,https://job-boards.greenhouse.io/backblaze/jobs/5373613008,2026-08-10T21:39:30-04:00,2026-09-21T16:33:41-05:00,,no,titulo fuera de perfil,desarrollo,,,,nueva,
233,greenhouse:backblaze:5210076008,backblaze:productmanager,Backblaze,greenhouse,backblaze,5210076008,Product Manager,Remote - US,https://job-boards.greenhouse.io/backblaze/jobs/5210076008,2026-05-11T18:10:54-04:00,2026-09-21T16:33:41-05:00,,no,titulo fuera de perfil,desarrollo,,,,nueva,
234,greenhouse:backblaze:5378821008,backblaze:seniorsoftwareengineer,Backblaze,greenhouse,backblaze,5378821008,Senior Software Engineer,Remote - US,https://job-boards.greenhouse.io/backblaze/jobs/5378821008,2026-08-10T22:29:48-04:00,2026-09-21T16:33:41-05:00,,no,ubicacion fuera de Colombia/LATAM/remoto global,desarrollo,,,,nueva,
235,greenhouse:backblaze:5422975008,backblaze:seniortechnicalprogrammanagersecurity,Backblaze,greenhouse,backblaze,5422975008,Senior Technical Program Manager (Security),Remote - US,https://job-boards.greenhouse.io/backblaze/jobs/5422975008,2026-09-14T00:51:16-04:00,2026-09-21T16:33:41-05:00,,no,ubicacion fuera de Colombia/LATAM/remoto global,desarrollo,,,,nueva,
236,greenhouse:backblaze:5372264008,backblaze:sitereliabilityengineerii,Backblaze,greenhouse,backblaze,5372264008,Site Reliability Engineer II,Remote - Bangalore,https://job-boards.greenhouse.io/backblaze/jobs/5372264008,2026-08-10T21:11:59-04:00,2026-09-21T16:33:41-05:00,,no,ubicacion fuera de Colombia/LATAM/remoto global,desarrollo,,,,nueva,
237,greenhouse:backblaze:5387051008,backblaze:sitereliabilityengineerlldba,Backblaze,greenhouse,backblaze,5387051008,Site Reliability Engineer ll (DBA),Remote - Argentina; Remote - Colombia ; Remote - Costa Rica ; Remote - Mexico,https://job-boards.greenhouse.io/backblaze/jobs/5387051008,2026-08-27T20:59:16-04:00,2026-09-21T16:33:41-05:00,,si,ubicacion compatible,desarrollo,3.1,"stack 2.6 (bruto 6.5) | seniority 6 (sin_marca, desarrollo) | contexto 0",,nueva,
238,greenhouse:backblaze:5207230008,backblaze:softwareengineerai,Backblaze,greenhouse,backblaze,5207230008,"Software Engineer, AI",Remote - Colombia ; Remote - Costa Rica ; Remote - Mexico,https://job-boards.greenhouse.io/backblaze/jobs/5207230008,2026-05-04T15:22:10-04:00,2026-09-21T16:33:41-05:00,,si,ubicacion compatible,desarrollo,4.3,"stack 5.0 (bruto 12.5) | seniority 6 (sin_marca, desarrollo) | contexto 0",,nueva,
239,greenhouse:backblaze:5398676008,backblaze:softwareengineeropensourceai,Backblaze,greenhouse,backblaze,5398676008,"Software Engineer, Open Source AI",Remote - Colombia ; Remote - Costa Rica ; Remote - Mexico,https://job-boards.greenhouse.io/backblaze/jobs/5398676008,2026-08-28T14:53:11-04:00,2026-09-21T16:33:41-05:00,,si,ubicacion compatible,desarrollo,4.5,"stack 5.4 (bruto 13.5) | seniority 6 (sin_marca, desarrollo) | contexto 0",,nueva,
240,greenhouse:backblaze:5213833008,backblaze:sraisecurityengineer,Backblaze,greenhouse,backblaze,5213833008,Sr. AI Security Engineer,Remote - Argentina; Remote - Colombia ; Remote - Costa Rica ; Remote - Mexico,https://job-boards.greenhouse.io/backblaze/jobs/5213833008,2026-06-08T19:22:33-04:00,2026-09-21T16:33:41-05:00,,si,ubicacion compatible,desarrollo,3.4,"stack 5.0 (bruto 12.5) | seniority 3 (senior, desarrollo) | contexto 0",BRECHA: titulo 'senior' en rol de desarrollo || BRECHA: piden 7+ anos de experiencia,nueva,
241,greenhouse:backblaze:5386986008,backblaze:srcorporatecounsel,Backblaze,greenhouse,backblaze,5386986008,Sr. Corporate Counsel,Remote - US,https://job-boards.greenhouse.io/backblaze/jobs/5386986008,2026-08-19T14:02:37-04:00,2026-09-21T16:33:41-05:00,,no,titulo fuera de perfil,desarrollo,,,,nueva,
242,greenhouse:backblaze:5415795008,backblaze:srdesktopsupportanalyst,Backblaze,greenhouse,backblaze,5415795008,Sr Desktop Support Analyst,Remote - Argentina; Remote - Colombia ; Remote - Costa Rica ; Remote - Mexico,https://job-boards.greenhouse.io/backblaze/jobs/5415795008,2026-09-11T10:56:11-04:00,2026-09-21T16:33:41-05:00,,no,titulo fuera de perfil,desarrollo,,,,nueva,
243,greenhouse:backblaze:5386983008,backblaze:srdirectorofcommercialandlegalaffairs,Backblaze,greenhouse,backblaze,5386983008,Sr. Director of Commercial and Legal Affairs,Remote - US,https://job-boards.greenhouse.io/backblaze/jobs/5386983008,2026-08-19T14:03:37-04:00,2026-09-21T16:33:41-05:00,,no,titulo fuera de perfil,desarrollo,,,,nueva,
244,greenhouse:backblaze:5404380008,backblaze:srdirectorofcommercialandlegalaffairslatam,Backblaze,greenhouse,backblaze,5404380008,Sr. Director of Commercial and Legal Affairs (LATAM),Remote - Argentina; Remote - Colombia ; Remote - Costa Rica ; Remote - Mexico,https://job-boards.greenhouse.io/backblaze/jobs/5404380008,2026-09-03T22:16:46-04:00,2026-09-21T16:33:41-05:00,,no,titulo fuera de perfil,desarrollo,,,,nueva,
245,greenhouse:backblaze:5373599008,backblaze:srproductmarketingmanager,Backblaze,greenhouse,backblaze,5373599008,Sr. Product Marketing Manager,Remote - US,https://job-boards.greenhouse.io/backblaze/jobs/5373599008,2026-08-10T23:19:33-04:00,2026-09-21T16:33:41-05:00,,no,titulo fuera de perfil,desarrollo,,,,nueva,
246,greenhouse:backblaze:5204960008,backblaze:srsoftwareengineer,Backblaze,greenhouse,backblaze,5204960008,Sr. Software Engineer,Remote - Argentina; Remote - Colombia ; Remote - Costa Rica ; Remote - Mexico,https://job-boards.greenhouse.io/backblaze/jobs/5204960008,2026-05-01T17:40:30-04:00,2026-09-21T16:33:41-05:00,,si,ubicacion compatible,desarrollo,0,"stack 0.0 (bruto 0) | seniority 3 (senior, desarrollo) | contexto 0",KNOCKOUT: stack 0.0 bajo el piso de 2.0 || BRECHA: titulo 'senior' en rol de desarrollo || BRECHA: piden 7+ anos de experiencia,nueva,
247,greenhouse:backblaze:5204308008,backblaze:srsoftwareengineerapplicationsecurity,Backblaze,greenhouse,backblaze,5204308008,Sr. Software Engineer - Application Security,Remote - Argentina; Remote - Colombia ; Remote - Costa Rica ; Remote - Mexico,https://job-boards.greenhouse.io/backblaze/jobs/5204308008,2026-04-30T13:05:25-04:00,2026-09-21T16:33:41-05:00,,si,ubicacion compatible,desarrollo,3.4,"stack 5.0 (bruto 12.5) | seniority 3 (senior, desarrollo) | contexto 0",BRECHA: titulo 'senior' en rol de desarrollo,nueva,
248,greenhouse:backblaze:5212481008,backblaze:srtechnicalprogrammanagerlatam,Backblaze,greenhouse,backblaze,5212481008,Sr. Technical Program Manager | LATAM,Remote - Argentina; Remote - Colombia ; Remote - Costa Rica ; Remote - Mexico,https://job-boards.greenhouse.io/backblaze/jobs/5212481008,2026-05-08T12:54:45-04:00,2026-09-21T16:33:41-05:00,,si,ubicacion compatible,desarrollo,0,"stack 0.0 (bruto 0) | seniority 0 (lead, desarrollo) | contexto 0",KNOCKOUT: stack 0.0 bajo el piso de 2.0 || KNOCKOUT: seniority 'lead' fuera de alcance en rol de desarrollo || BRECHA: piden 5+ anos de experiencia,nueva,
249,greenhouse:backblaze:5212473008,backblaze:staffproductmanager,Backblaze,greenhouse,backblaze,5212473008,Staff Product Manager,Remote - US,https://job-boards.greenhouse.io/backblaze/jobs/5212473008,2026-05-08T12:54:19-04:00,2026-09-21T16:33:41-05:00,,no,titulo fuera de perfil,desarrollo,,,,nueva,
250,greenhouse:backblaze:5416542008,backblaze:vppeople,Backblaze,greenhouse,backblaze,5416542008,"VP, People",Remote - US,https://job-boards.greenhouse.io/backblaze/jobs/5416542008,2026-09-08T10:38:16-04:00,2026-09-21T16:33:41-05:00,,no,titulo fuera de perfil,desarrollo,,,,nueva,
251,greenhouse:ninjatrader:4698952006,ninjatrader:managermarketandindustrysolutions,NinjaTrader,greenhouse,ninjatrader,4698952006,"Manager, Market and Industry Solutions","Chicago, IL",https://job-boards.greenhouse.io/ninjatrader/jobs/4698952006,2026-08-06T12:41:36-04:00,2026-09-21T16:33:41-05:00,,no,ubicacion fuera de Colombia/LATAM/remoto global,automatizacion,,,,nueva,
252,greenhouse:ninjatrader:4710482006,ninjatrader:marketinganalyticsengineer,NinjaTrader,greenhouse,ninjatrader,4710482006,Marketing Analytics Engineer,"Chicago, IL",https://job-boards.greenhouse.io/ninjatrader/jobs/4710482006,2026-09-02T12:47:10-04:00,2026-09-21T16:33:41-05:00,,no,ubicacion fuera de Colombia/LATAM/remoto global,desarrollo,,,,nueva,
253,greenhouse:ninjatrader:4559838006,ninjatrader:principalsoftwareengineertradingsystems,NinjaTrader,greenhouse,ninjatrader,4559838006,"Principal Software Engineer, Trading Systems",Chicago,https://job-boards.greenhouse.io/ninjatrader/jobs/4559838006,2025-06-30T15:10:46-04:00,2026-09-21T16:33:41-05:00,,no,ubicacion fuera de Colombia/LATAM/remoto global,desarrollo,,,,nueva,
254,greenhouse:ninjatrader:4710977006,ninjatrader:salesforceadministrator,NinjaTrader,greenhouse,ninjatrader,4710977006,Salesforce Administrator,"Chicago, IL",https://job-boards.greenhouse.io/ninjatrader/jobs/4710977006,2026-09-03T15:01:08-04:00,2026-09-21T16:33:41-05:00,,no,titulo fuera de perfil,desarrollo,,,,nueva,
255,greenhouse:ninjatrader:4712454006,ninjatrader:softwareengineerintestiii,NinjaTrader,greenhouse,ninjatrader,4712454006,Software Engineer in Test III,"Chicago, IL",https://job-boards.greenhouse.io/ninjatrader/jobs/4712454006,2026-09-21T15:33:13-04:00,2026-09-21T16:33:41-05:00,,no,ubicacion fuera de Colombia/LATAM/remoto global,desarrollo,,,,nueva,
256,greenhouse:ninjatrader:4710639006,ninjatrader:srdatabasereliabilityengineerii,NinjaTrader,greenhouse,ninjatrader,4710639006,Sr. Database Reliability Engineer II,Chicago or Remote*,https://job-boards.greenhouse.io/ninjatrader/jobs/4710639006,2026-09-08T17:02:28-04:00,2026-09-21T16:33:41-05:00,,no,ubicacion fuera de Colombia/LATAM/remoto global,desarrollo,,,,nueva,
257,greenhouse:ninjatrader:4691523006,ninjatrader:srdataengineer,NinjaTrader,greenhouse,ninjatrader,4691523006,Sr. Data Engineer,Chicago or Remote*,https://job-boards.greenhouse.io/ninjatrader/jobs/4691523006,2026-06-24T13:54:59-04:00,2026-09-21T16:33:41-05:00,,no,ubicacion fuera de Colombia/LATAM/remoto global,desarrollo,,,,nueva,
258,greenhouse:ninjatrader:4695487006,ninjatrader:srdesignerdesignsystem,NinjaTrader,greenhouse,ninjatrader,4695487006,"Sr. Designer, Design System",Chicago or Remote*,https://job-boards.greenhouse.io/ninjatrader/jobs/4695487006,2026-07-08T16:34:41-04:00,2026-09-21T16:33:41-05:00,,no,titulo fuera de perfil,desarrollo,,,,nueva,
259,greenhouse:ninjatrader:4703149006,ninjatrader:srmanagerpaidsearch,NinjaTrader,greenhouse,ninjatrader,4703149006,Sr. Manager Paid Search,"Chicago, IL",https://job-boards.greenhouse.io/ninjatrader/jobs/4703149006,2026-08-10T14:51:59-04:00,2026-09-21T16:33:41-05:00,,no,titulo fuera de perfil,desarrollo,,,,nueva,
260,greenhouse:ninjatrader:4708540006,ninjatrader:srproductmanager,NinjaTrader,greenhouse,ninjatrader,4708540006,Sr. Product Manager,Chicago or Remote*,https://job-boards.greenhouse.io/ninjatrader/jobs/4708540006,2026-08-26T13:04:24-04:00,2026-09-21T16:33:41-05:00,,no,titulo fuera de perfil,desarrollo,,,,nueva,
261,greenhouse:ninjatrader:4697345006,ninjatrader:srsoftwareengineerievaluationservices,NinjaTrader,greenhouse,ninjatrader,4697345006,"Sr. Software Engineer I, Evaluation Services",Chicago or Remote*,https://job-boards.greenhouse.io/ninjatrader/jobs/4697345006,2026-07-16T09:52:35-04:00,2026-09-21T16:33:41-05:00,,no,ubicacion fuera de Colombia/LATAM/remoto global,desarrollo,,,,nueva,
262,greenhouse:ninjatrader:4701635006,ninjatrader:srsoftwareengineerievaluationservicesscala,NinjaTrader,greenhouse,ninjatrader,4701635006,"Sr. Software Engineer I, Evaluation Services (Scala)",Chicago or Remote*,https://job-boards.greenhouse.io/ninjatrader/jobs/4701635006,2026-07-31T16:16:00-04:00,2026-09-21T16:33:41-05:00,,no,ubicacion fuera de Colombia/LATAM/remoto global,desarrollo,,,,nueva,
263,greenhouse:ninjatrader:4706294006,ninjatrader:srsoftwareengineeriibackendrust,NinjaTrader,greenhouse,ninjatrader,4706294006,"Sr. Software Engineer II, Backend (Rust)",Chicago or Remote*,https://job-boards.greenhouse.io/ninjatrader/jobs/4706294006,2026-08-18T17:00:17-04:00,2026-09-21T16:33:41-05:00,,no,ubicacion fuera de Colombia/LATAM/remoto global,desarrollo,,,,nueva,
264,greenhouse:ninjatrader:4689595006,ninjatrader:srsoftwareengineeriiexchangeconnectivityc,NinjaTrader,greenhouse,ninjatrader,4689595006,"Sr. Software Engineer II, Exchange Connectivity (C++)","Chicago, IL",https://job-boards.greenhouse.io/ninjatrader/jobs/4689595006,2026-06-22T11:01:12-04:00,2026-09-21T16:33:41-05:00,,no,ubicacion fuera de Colombia/LATAM/remoto global,desarrollo,,,,nueva,
265,greenhouse:ninjatrader:4706283006,ninjatrader:srsoftwareengineeriiplatformapi,NinjaTrader,greenhouse,ninjatrader,4706283006,"Sr. Software Engineer II, Platform/API",Chicago or Remote*,https://job-boards.greenhouse.io/ninjatrader/jobs/4706283006,2026-08-19T09:54:16-04:00,2026-09-21T16:33:41-05:00,,no,ubicacion fuera de Colombia/LATAM/remoto global,desarrollo,,,,nueva,
266,greenhouse:ninjatrader:4695494006,ninjatrader:staffcloudsecurityengineer,NinjaTrader,greenhouse,ninjatrader,4695494006,Staff Cloud Security Engineer,"Chicago, IL",https://job-boards.greenhouse.io/ninjatrader/jobs/4695494006,2026-07-08T16:34:22-04:00,2026-09-21T16:33:41-05:00,,no,ubicacion fuera de Colombia/LATAM/remoto global,desarrollo,,,,nueva,
267,greenhouse:ninjatrader:4703089006,ninjatrader:staffsitereliabilityengineer,NinjaTrader,greenhouse,ninjatrader,4703089006,Staff Site Reliability Engineer,"Chicago, IL",https://job-boards.greenhouse.io/ninjatrader/jobs/4703089006,2026-08-18T12:23:29-04:00,2026-09-21T16:33:41-05:00,,no,ubicacion fuera de Colombia/LATAM/remoto global,desarrollo,,,,nueva,
268,greenhouse:ninjatrader:4658366006,ninjatrader:staffsoftwareengineerfcm,NinjaTrader,greenhouse,ninjatrader,4658366006,"Staff Software Engineer, FCM",Chicago or Remote*,https://job-boards.greenhouse.io/ninjatrader/jobs/4658366006,2026-02-27T11:34:43-05:00,2026-09-21T16:33:41-05:00,,no,ubicacion fuera de Colombia/LATAM/remoto global,desarrollo,,,,nueva,
269,greenhouse:ninjatrader:4628278006,ninjatrader:staffuxproductdesigner,NinjaTrader,greenhouse,ninjatrader,4628278006,Staff UX Product Designer,Chicago or Remote*,https://job-boards.greenhouse.io/ninjatrader/jobs/4628278006,2025-12-23T15:56:41-05:00,2026-09-21T16:33:41-05:00,,no,titulo fuera de perfil,desarrollo,,,,nueva,
270,greenhouse:remotecom:7835647003,remotecom:accountant,Remote.com,greenhouse,remotecom,7835647003,Accountant,Remote-Netherlands,https://job-boards.greenhouse.io/remotecom/jobs/7835647003,2026-08-07T10:10:50-04:00,2026-09-21T16:33:41-05:00,,no,titulo fuera de perfil,desarrollo,,,,nueva,
271,greenhouse:remotecom:5922893003,remotecom:accountant,Remote.com,greenhouse,remotecom,5922893003,Accountant,Remote-Iberia,https://job-boards.greenhouse.io/remotecom/jobs/5922893003,2024-03-15T12:19:25-04:00,2026-09-21T16:33:41-05:00,,no,titulo fuera de perfil,desarrollo,,,,nueva,
272,greenhouse:remotecom:7835638003,remotecom:accountant,Remote.com,greenhouse,remotecom,7835638003,Accountant,Remote- Poland,https://job-boards.greenhouse.io/remotecom/jobs/7835638003,2026-08-07T10:06:52-04:00,2026-09-21T16:33:41-05:00,,no,titulo fuera de perfil,desarrollo,,,,nueva,
273,greenhouse:remotecom:7835639003,remotecom:accountant,Remote.com,greenhouse,remotecom,7835639003,Accountant,Remote- Romania,https://job-boards.greenhouse.io/remotecom/jobs/7835639003,2026-08-07T10:21:09-04:00,2026-09-21T16:33:41-05:00,,no,titulo fuera de perfil,desarrollo,,,,nueva,
274,greenhouse:remotecom:7835640003,remotecom:accountant,Remote.com,greenhouse,remotecom,7835640003,Accountant,Remote- France,https://job-boards.greenhouse.io/remotecom/jobs/7835640003,2026-08-07T10:12:59-04:00,2026-09-21T16:33:41-05:00,,no,titulo fuera de perfil,desarrollo,,,,nueva,
275,greenhouse:remotecom:7835641003,remotecom:accountant,Remote.com,greenhouse,remotecom,7835641003,Accountant,Remote- Bulgaria,https://job-boards.greenhouse.io/remotecom/jobs/7835641003,2026-08-07T10:12:30-04:00,2026-09-21T16:33:41-05:00,,no,titulo fuera de perfil,desarrollo,,,,nueva,
276,greenhouse:remotecom:7835643003,remotecom:accountant,Remote.com,greenhouse,remotecom,7835643003,Accountant,Remote-Hungary,https://job-boards.greenhouse.io/remotecom/jobs/7835643003,2026-08-07T10:11:47-04:00,2026-09-21T16:33:41-05:00,,no,titulo fuera de perfil,desarrollo,,,,nueva,
277,greenhouse:remotecom:7779981003,remotecom:accountexecutivedach,Remote.com,greenhouse,remotecom,7779981003,Account Executive DACH,Austria Remote,https://job-boards.greenhouse.io/remotecom/jobs/7779981003,2026-06-29T17:06:49-04:00,2026-09-21T16:33:41-05:00,,no,titulo fuera de perfil,desarrollo,,,,nueva,
278,greenhouse:remotecom:7778611003,remotecom:accountexecutivedach,Remote.com,greenhouse,remotecom,7778611003,Account Executive DACH,Ireland Remote,https://job-boards.greenhouse.io/remotecom/jobs/7778611003,2026-06-29T17:06:45-04:00,2026-09-21T16:33:41-05:00,,no,titulo fuera de perfil,desarrollo,,,,nueva,
279,greenhouse:remotecom:7779153003,remotecom:accountexecutivedach,Remote.com,greenhouse,remotecom,7779153003,Account Executive DACH,Germany Remote,https://job-boards.greenhouse.io/remotecom/jobs/7779153003,2026-06-29T17:06:46-04:00,2026-09-21T16:33:41-05:00,,no,titulo fuera de perfil,desarrollo,,,,nueva,
280,greenhouse:remotecom:7906004003,remotecom:accountexecutivedach,Remote.com,greenhouse,remotecom,7906004003,Account Executive DACH,UK Remote,https://job-boards.greenhouse.io/remotecom/jobs/7906004003,2026-08-19T15:22:08-04:00,2026-09-21T16:33:41-05:00,,no,titulo fuera de perfil,desarrollo,,,,nueva,
281,greenhouse:remotecom:7779155003,remotecom:accountexecutivedach,Remote.com,greenhouse,remotecom,7779155003,Account Executive DACH,Spain Remote,https://job-boards.greenhouse.io/remotecom/jobs/7779155003,2026-06-29T17:06:47-04:00,2026-09-21T16:33:41-05:00,,no,titulo fuera de perfil,desarrollo,,,,nueva,
282,greenhouse:remotecom:7779156003,remotecom:accountexecutivedach,Remote.com,greenhouse,remotecom,7779156003,Account Executive DACH,Portugal Remote,https://job-boards.greenhouse.io/remotecom/jobs/7779156003,2026-06-29T17:06:48-04:00,2026-09-21T16:33:41-05:00,,no,titulo fuera de perfil,desarrollo,,,,nueva,
283,greenhouse:remotecom:7704742003,remotecom:benefitsoperationsspecialistamer,Remote.com,greenhouse,remotecom,7704742003,Benefits Operations Specialist - AMER,Remote-AMER,https://job-boards.greenhouse.io/remotecom/jobs/7704742003,2026-05-07T08:12:48-04:00,2026-09-21T16:33:41-05:00,,no,titulo fuera de perfil,automatizacion,,,,nueva,
284,greenhouse:remotecom:7763253003,remotecom:benefitsoperationsspecialistamer,Remote.com,greenhouse,remotecom,7763253003,Benefits Operations Specialist - AMER,Remote-Canada,https://job-boards.greenhouse.io/remotecom/jobs/7763253003,2026-06-04T01:12:04-04:00,2026-09-21T16:33:41-05:00,,no,titulo fuera de perfil,automatizacion,,,,nueva,
285,greenhouse:remotecom:7763254003,remotecom:benefitsoperationsspecialistamer,Remote.com,greenhouse,remotecom,7763254003,Benefits Operations Specialist - AMER,Remote-US,https://job-boards.greenhouse.io/remotecom/jobs/7763254003,2026-06-04T01:12:43-04:00,2026-09-21T16:33:41-05:00,,no,titulo fuera de perfil,automatizacion,,,,nueva,
286,greenhouse:remotecom:7978382003,remotecom:coordinatorpayrollclientservices,Remote.com,greenhouse,remotecom,7978382003,"Coordinator, Payroll Client Services",Remote-Australia,https://job-boards.greenhouse.io/remotecom/jobs/7978382003,2026-09-03T07:50:12-04:00,2026-09-21T16:33:41-05:00,,no,titulo fuera de perfil,desarrollo,,,,nueva,
287,greenhouse:remotecom:7998028003,remotecom:coordinatorpayrollclientservices,Remote.com,greenhouse,remotecom,7998028003,"Coordinator, Payroll Client Services",Remote-Pakistan,https://job-boards.greenhouse.io/remotecom/jobs/7998028003,2026-09-17T06:42:53-04:00,2026-09-21T16:33:41-05:00,,no,titulo fuera de perfil,desarrollo,,,,nueva,
288,greenhouse:remotecom:7998030003,remotecom:coordinatorpayrollclientservices,Remote.com,greenhouse,remotecom,7998030003,"Coordinator, Payroll Client Services",Remote-Indonesia,https://job-boards.greenhouse.io/remotecom/jobs/7998030003,2026-09-17T06:42:55-04:00,2026-09-21T16:33:41-05:00,,no,titulo fuera de perfil,desarrollo,,,,nueva,
289,greenhouse:remotecom:7978374003,remotecom:coordinatorpayrollclientservicesemea,Remote.com,greenhouse,remotecom,7978374003,"Coordinator, Payroll Client Services - EMEA",Remote-EMEA,https://job-boards.greenhouse.io/remotecom/jobs/7978374003,2026-09-03T07:18:04-04:00,2026-09-21T16:33:41-05:00,,no,titulo fuera de perfil,desarrollo,,,,nueva,
290,greenhouse:remotecom:7810380003,remotecom:copywriter,Remote.com,greenhouse,remotecom,7810380003,Copywriter,Portugal Remote,https://job-boards.greenhouse.io/remotecom/jobs/7810380003,2026-07-20T17:44:25-04:00,2026-09-21T16:33:41-05:00,,no,titulo fuera de perfil,desarrollo,,,,nueva,
291,greenhouse:remotecom:7677845003,remotecom:copywriter,Remote.com,greenhouse,remotecom,7677845003,Copywriter,United States Remote,https://job-boards.greenhouse.io/remotecom/jobs/7677845003,2026-03-25T07:27:36-04:00,2026-09-21T16:33:41-05:00,,no,titulo fuera de perfil,desarrollo,,,,nueva,
292,greenhouse:remotecom:7678548003,remotecom:copywriter,Remote.com,greenhouse,remotecom,7678548003,Copywriter,United Kingdom Remote,https://job-boards.greenhouse.io/remotecom/jobs/7678548003,2026-03-25T07:27:40-04:00,2026-09-21T16:33:41-05:00,,no,titulo fuera de perfil,desarrollo,,,,nueva,
293,greenhouse:remotecom:7678551003,remotecom:copywriter,Remote.com,greenhouse,remotecom,7678551003,Copywriter,Ireland Remote,https://job-boards.greenhouse.io/remotecom/jobs/7678551003,2026-03-25T07:27:41-04:00,2026-09-21T16:33:41-05:00,,no,titulo fuera de perfil,desarrollo,,,,nueva,
294,greenhouse:remotecom:7810379003,remotecom:copywriter,Remote.com,greenhouse,remotecom,7810379003,Copywriter,Spain Remote,https://job-boards.greenhouse.io/remotecom/jobs/7810379003,2026-07-20T17:43:13-04:00,2026-09-21T16:33:41-05:00,,no,titulo fuera de perfil,desarrollo,,,,nueva,
295,greenhouse:remotecom:7821429003,remotecom:cxoperationsmanagertooling,Remote.com,greenhouse,remotecom,7821429003,"CX Operations Manager, Tooling",Remote-Western Europe,https://job-boards.greenhouse.io/remotecom/jobs/7821429003,2026-08-13T05:15:24-04:00,2026-09-21T16:33:41-05:00,,no,titulo fuera de perfil,automatizacion,,,,nueva,
296,greenhouse:remotecom:7941984003,remotecom:directorstrategicpartnersales,Remote.com,greenhouse,remotecom,7941984003,"Director, Strategic Partner Sales",Remote-NORAM,https://job-boards.greenhouse.io/remotecom/jobs/7941984003,2026-08-22T14:34:06-04:00,2026-09-21T16:33:41-05:00,,no,titulo fuera de perfil,desarrollo,,,,nueva,
297,greenhouse:remotecom:7941965003,remotecom:directorstrategicpartnersales,Remote.com,greenhouse,remotecom,7941965003,"Director, Strategic Partner Sales",Remote-UK&I,https://job-boards.greenhouse.io/remotecom/jobs/7941965003,2026-08-22T14:34:03-04:00,2026-09-21T16:33:41-05:00,,no,titulo fuera de perfil,desarrollo,,,,nueva,
298,greenhouse:remotecom:7836488003,remotecom:directorstrategicpartnersales,Remote.com,greenhouse,remotecom,7836488003,"Director, Strategic Partner Sales",Remote-Western Europe,https://job-boards.greenhouse.io/remotecom/jobs/7836488003,2026-08-22T14:34:01-04:00,2026-09-21T16:33:41-05:00,,no,titulo fuera de perfil,desarrollo,,,,nueva,
299,greenhouse:remotecom:7799488003,remotecom:eddanalyst,Remote.com,greenhouse,remotecom,7799488003,EDD Analyst,Remote-South America,https://job-boards.greenhouse.io/remotecom/jobs/7799488003,2026-07-09T04:26:26-04:00,2026-09-21T16:33:41-05:00,,no,titulo fuera de perfil,desarrollo,,,,nueva,
300,greenhouse:remotecom:7798480003,remotecom:eddanalyst,Remote.com,greenhouse,remotecom,7798480003,EDD Analyst,Remote-WesternEurope,https://job-boards.greenhouse.io/remotecom/jobs/7798480003,2026-07-09T04:26:24-04:00,2026-09-21T16:33:41-05:00,,no,titulo fuera de perfil,desarrollo,,,,nueva,
301,greenhouse:remotecom:7926454003,remotecom:employeerelationsbusinesspartneremea,Remote.com,greenhouse,remotecom,7926454003,Employee Relations Business Partner - EMEA,Remote-Czech Republic,https://job-boards.greenhouse.io/remotecom/jobs/7926454003,2026-08-21T06:54:55-04:00,2026-09-21T16:33:41-05:00,,no,titulo fuera de perfil,desarrollo,,,,nueva,
302,greenhouse:remotecom:7979356003,remotecom:engineeringmanagersre,Remote.com,greenhouse,remotecom,7979356003,"Engineering Manager, SRE",Remote-EMEA,https://job-boards.greenhouse.io/remotecom/jobs/7979356003,2026-09-09T13:29:34-04:00,2026-09-21T16:33:41-05:00,2026-09-23,no,ubicacion fuera de Colombia/LATAM/remoto global,desarrollo,,,,nueva,
303,greenhouse:remotecom:7741670003,remotecom:globalpayrollimplementationcountryleadgermany,Remote.com,greenhouse,remotecom,7741670003,Global Payroll Implementation Country Lead - Germany,Remote - EMEA,https://job-boards.greenhouse.io/remotecom/jobs/7741670003,2026-05-20T12:26:46-04:00,2026-09-21T16:33:41-05:00,,no,ubicacion fuera de Colombia/LATAM/remoto global,automatizacion,,,,nueva,
304,greenhouse:remotecom:7735395003,remotecom:globalpayrollimplementationcountryleadgermany,Remote.com,greenhouse,remotecom,7735395003,Global Payroll Implementation Country Lead - Germany,Remote - DACH,https://job-boards.greenhouse.io/remotecom/jobs/7735395003,2026-05-20T12:26:46-04:00,2026-09-21T16:33:41-05:00,,no,ubicacion fuera de Colombia/LATAM/remoto global,automatizacion,,,,nueva,
305,greenhouse:remotecom:7980463003,remotecom:globalpayrollimplementationspecialistgpis,Remote.com,greenhouse,remotecom,7980463003,Global Payroll Implementation Specialist - GPIS,Remote-EMEA,https://job-boards.greenhouse.io/remotecom/jobs/7980463003,2026-09-02T04:28:55-04:00,2026-09-21T16:33:41-05:00,,no,ubicacion fuera de Colombia/LATAM/remoto global,automatizacion,,,,nueva,
306,greenhouse:remotecom:7753938003,remotecom:globalpayrollimplementationspecialistpeo,Remote.com,greenhouse,remotecom,7753938003,Global Payroll Implementation Specialist - PEO,Remote-United States,https://job-boards.greenhouse.io/remotecom/jobs/7753938003,2026-06-05T14:20:57-04:00,2026-09-21T16:33:41-05:00,,no,ubicacion fuera de Colombia/LATAM/remoto global,automatizacion,,,,nueva,
307,greenhouse:remotecom:7799283003,remotecom:gtmproductmanager,Remote.com,greenhouse,remotecom,7799283003,GTM Product Manager,EMEA,https://job-boards.greenhouse.io/remotecom/jobs/7799283003,2026-07-09T11:25:43-04:00,2026-09-21T16:33:41-05:00,,no,titulo fuera de perfil,desarrollo,,,,nueva,
308,greenhouse:remotecom:7915883003,remotecom:gtmproductmanagermarketingoperations,Remote.com,greenhouse,remotecom,7915883003,GTM Product Manager - Marketing Operations,AMER Remote,https://job-boards.greenhouse.io/remotecom/jobs/7915883003,2026-08-21T11:53:30-04:00,2026-09-21T16:33:41-05:00,2026-09-22,no,titulo fuera de perfil,automatizacion,,,,nueva,
309,greenhouse:remotecom:7991299003,remotecom:hraiautomationoperationslead,Remote.com,greenhouse,remotecom,7991299003,HR AI & Automation Operations Lead,Remote-AMER,https://job-boards.greenhouse.io/remotecom/jobs/7991299003,2026-09-10T10:53:05-04:00,2026-09-21T16:33:41-05:00,,si,"remoto sin pais, confirmar elegibilidad",automatizacion,4.9,"stack 7.4 (bruto 18.5) | seniority 4 (lead, automatizacion) | contexto 0",BRECHA: titulo 'lead' en rol de automatizacion || RIESGO: exigen ingles alto,nueva,
310,greenhouse:remotecom:7978008003,remotecom:hraiautomationoperationslead,Remote.com,greenhouse,remotecom,7978008003,HR AI & Automation Operations Lead,Remote-EMEA,https://job-boards.greenhouse.io/remotecom/jobs/7978008003,2026-09-10T10:53:07-04:00,2026-09-21T16:33:41-05:00,,no,ubicacion fuera de Colombia/LATAM/remoto global,automatizacion,,,,nueva,
311,greenhouse:remotecom:7724476003,remotecom:hrspecialistcontractsmanagementapac,Remote.com,greenhouse,remotecom,7724476003,"HR Specialist, Contracts Management - APAC",Remote-Australia,https://job-boards.greenhouse.io/remotecom/jobs/7724476003,2026-05-05T07:00:08-04:00,2026-09-21T16:33:41-05:00,,no,titulo fuera de perfil,desarrollo,,,,nueva,
312,greenhouse:remotecom:7724477003,remotecom:hrspecialistcontractsmanagementapac,Remote.com,greenhouse,remotecom,7724477003,"HR Specialist, Contracts Management - APAC",Remote-Australia,https://job-boards.greenhouse.io/remotecom/jobs/7724477003,2026-05-05T07:00:37-04:00,2026-09-21T16:33:41-05:00,,no,titulo fuera de perfil,desarrollo,,,,nueva,
313,greenhouse:remotecom:7720315003,remotecom:hrspecialistcontractsmanagementapac,Remote.com,greenhouse,remotecom,7720315003,"HR Specialist, Contracts Management - APAC",Remote-Malaysia,https://job-boards.greenhouse.io/remotecom/jobs/7720315003,2026-04-30T01:28:40-04:00,2026-09-21T16:33:41-05:00,,no,titulo fuera de perfil,desarrollo,,,,nueva,
314,greenhouse:remotecom:7720313003,remotecom:hrspecialistcontractsmanagementapac,Remote.com,greenhouse,remotecom,7720313003,"HR Specialist, Contracts Management - APAC",Remote-Australia,https://job-boards.greenhouse.io/remotecom/jobs/7720313003,2026-04-30T01:22:19-04:00,2026-09-21T16:33:41-05:00,,no,titulo fuera de perfil,desarrollo,,,,nueva,
315,greenhouse:remotecom:7720314003,remotecom:hrspecialistcontractsmanagementapac,Remote.com,greenhouse,remotecom,7720314003,"HR Specialist, Contracts Management - APAC",Remote-New Zealand,https://job-boards.greenhouse.io/remotecom/jobs/7720314003,2026-04-30T01:24:30-04:00,2026-09-21T16:33:41-05:00,,no,titulo fuera de perfil,desarrollo,,,,nueva,
316,greenhouse:remotecom:7702701003,remotecom:hrspecialistcontractsmanagementapac,Remote.com,greenhouse,remotecom,7702701003,"HR Specialist, Contracts Management - APAC",Remote-APAC,https://job-boards.greenhouse.io/remotecom/jobs/7702701003,2026-04-17T02:22:54-04:00,2026-09-21T16:33:41-05:00,,no,titulo fuera de perfil,desarrollo,,,,nueva,
317,greenhouse:remotecom:7720316003,remotecom:hrspecialistcontractsmanagementapac,Remote.com,greenhouse,remotecom,7720316003,"HR Specialist, Contracts Management - APAC",Remote-Philippines,https://job-boards.greenhouse.io/remotecom/jobs/7720316003,2026-04-30T01:32:10-04:00,2026-09-21T16:33:41-05:00,,no,titulo fuera de perfil,desarrollo,,,,nueva,
318,greenhouse:remotecom:7724475003,remotecom:hrspecialistcontractsmanagementapac,Remote.com,greenhouse,remotecom,7724475003,"HR Specialist, Contracts Management - APAC",Remote-Australia,https://job-boards.greenhouse.io/remotecom/jobs/7724475003,2026-05-05T06:59:45-04:00,2026-09-21T16:33:41-05:00,,no,titulo fuera de perfil,desarrollo,,,,nueva,
319,greenhouse:remotecom:7685041003,remotecom:internationaltaxmanagerpersonalincometax,Remote.com,greenhouse,remotecom,7685041003,"International Tax Manager, Personal Income Tax",Remote-Netherlands,https://job-boards.greenhouse.io/remotecom/jobs/7685041003,2026-03-31T07:49:37-04:00,2026-09-21T16:33:41-05:00,,no,titulo fuera de perfil,desarrollo,,,,nueva,
320,greenhouse:remotecom:7831384003,remotecom:lifecycleseniorspecialistohscontractmanagement,Remote.com,greenhouse,remotecom,7831384003,Lifecycle Senior Specialist (OHS): Contract Management,France,https://job-boards.greenhouse.io/remotecom/jobs/7831384003,2026-08-07T04:48:46-04:00,2026-09-21T16:33:41-05:00,,no,titulo fuera de perfil,desarrollo,,,,nueva,
321,greenhouse:remotecom:7900184003,remotecom:lifecycleseniorspecialistohscontractmanagement,Remote.com,greenhouse,remotecom,7900184003,Lifecycle Senior Specialist (OHS): Contract Management,Portugal,https://job-boards.greenhouse.io/remotecom/jobs/7900184003,2026-08-19T03:08:16-04:00,2026-09-21T16:33:41-05:00,,no,titulo fuera de perfil,desarrollo,,,,nueva,
322,greenhouse:remotecom:7900199003,remotecom:lifecycleseniorspecialistohscontractmanagement,Remote.com,greenhouse,remotecom,7900199003,Lifecycle Senior Specialist (OHS): Contract Management,Germany,https://job-boards.greenhouse.io/remotecom/jobs/7900199003,2026-08-19T03:09:07-04:00,2026-09-21T16:33:41-05:00,,no,titulo fuera de perfil,desarrollo,,,,nueva,
323,greenhouse:remotecom:7900204003,remotecom:lifecycleseniorspecialistohscontractmanagement,Remote.com,greenhouse,remotecom,7900204003,Lifecycle Senior Specialist (OHS): Contract Management,Italy,https://job-boards.greenhouse.io/remotecom/jobs/7900204003,2026-08-19T03:09:49-04:00,2026-09-21T16:33:41-05:00,,no,titulo fuera de perfil,desarrollo,,,,nueva,
324,greenhouse:remotecom:7900205003,remotecom:lifecycleseniorspecialistohscontractmanagement,Remote.com,greenhouse,remotecom,7900205003,Lifecycle Senior Specialist (OHS): Contract Management,United Kingdom,https://job-boards.greenhouse.io/remotecom/jobs/7900205003,2026-08-19T03:12:02-04:00,2026-09-21T16:33:41-05:00,,no,titulo fuera de perfil,desarrollo,,,,nueva,
325,greenhouse:remotecom:7702706003,remotecom:lifecyclespecialistcontractmanagementlatam,Remote.com,greenhouse,remotecom,7702706003,"Lifecycle Specialist, Contract Management - LATAM",Remote-LATAM,https://job-boards.greenhouse.io/remotecom/jobs/7702706003,2026-04-17T02:30:22-04:00,2026-09-21T16:33:41-05:00,,no,titulo fuera de perfil,desarrollo,,,,nueva,
326,greenhouse:remotecom:7720450003,remotecom:lifecyclespecialistemployeerelationstransitionscanada,Remote.com,greenhouse,remotecom,7720450003,"Lifecycle Specialist, Employee Relations & Transitions - Canada",Remote-Canada,https://job-boards.greenhouse.io/remotecom/jobs/7720450003,2026-04-30T06:31:38-04:00,2026-09-21T16:33:41-05:00,,no,titulo fuera de perfil,desarrollo,,,,nueva,
327,greenhouse:remotecom:7711679003,remotecom:lifecyclespecialisttimeandattendanceamer,Remote.com,greenhouse,remotecom,7711679003,"Lifecycle Specialist, Time and Attendance - AMER",Remote-Americas,https://job-boards.greenhouse.io/remotecom/jobs/7711679003,2026-04-23T01:04:29-04:00,2026-09-21T16:33:41-05:00,,no,titulo fuera de perfil,desarrollo,,,,nueva,
328,greenhouse:remotecom:7711675003,remotecom:lifecyclespecialisttimeandattendanceamer,Remote.com,greenhouse,remotecom,7711675003,"Lifecycle Specialist, Time and Attendance - AMER",Remote-Argentina,https://job-boards.greenhouse.io/remotecom/jobs/7711675003,2026-04-23T01:03:26-04:00,2026-09-21T16:33:41-05:00,,no,titulo fuera de perfil,desarrollo,,,,nueva,
329,greenhouse:remotecom:7710497003,remotecom:lifecyclespecialisttimeandattendanceemea,Remote.com,greenhouse,remotecom,7710497003,"Lifecycle Specialist, Time and Attendance - EMEA",Remote-Austria,https://job-boards.greenhouse.io/remotecom/jobs/7710497003,2026-04-22T01:18:07-04:00,2026-09-21T16:33:41-05:00,,no,titulo fuera de perfil,desarrollo,,,,nueva,
330,greenhouse:remotecom:7710500003,remotecom:lifecyclespecialisttimeandattendanceemea,Remote.com,greenhouse,remotecom,7710500003,"Lifecycle Specialist, Time and Attendance - EMEA",Remote-Eastern Europe,https://job-boards.greenhouse.io/remotecom/jobs/7710500003,2026-04-22T01:19:46-04:00,2026-09-21T16:33:41-05:00,,no,titulo fuera de perfil,desarrollo,,,,nueva,
331,greenhouse:remotecom:7710499003,remotecom:lifecyclespecialisttimeandattendanceemea,Remote.com,greenhouse,remotecom,7710499003,"Lifecycle Specialist, Time and Attendance - EMEA",Remote-Nordics,https://job-boards.greenhouse.io/remotecom/jobs/7710499003,2026-04-22T01:19:16-04:00,2026-09-21T16:33:41-05:00,,no,titulo fuera de perfil,desarrollo,,,,nueva,
332,greenhouse:remotecom:7702709003,remotecom:lifecyclespecialisttimeandattendanceemea,Remote.com,greenhouse,remotecom,7702709003,"Lifecycle Specialist, Time and Attendance - EMEA",Remote-EMEA,https://job-boards.greenhouse.io/remotecom/jobs/7702709003,2026-04-17T02:46:52-04:00,2026-09-21T16:33:41-05:00,,no,titulo fuera de perfil,desarrollo,,,,nueva,
333,greenhouse:remotecom:7710496003,remotecom:lifecyclespecialisttimeandattendanceemea,Remote.com,greenhouse,remotecom,7710496003,"Lifecycle Specialist, Time and Attendance - EMEA",Remote-Germany,https://job-boards.greenhouse.io/remotecom/jobs/7710496003,2026-04-22T01:17:39-04:00,2026-09-21T16:33:41-05:00,,no,titulo fuera de perfil,desarrollo,,,,nueva,
334,greenhouse:remotecom:7991048003,remotecom:manageronboardingoperationsamer,Remote.com,greenhouse,remotecom,7991048003,Manager Onboarding Operations AMER,Argentina,https://job-boards.greenhouse.io/remotecom/jobs/7991048003,2026-09-16T06:14:12-04:00,2026-09-21T16:33:41-05:00,,no,titulo fuera de perfil,automatizacion,,,,nueva,
335,greenhouse:remotecom:7996971003,remotecom:manageronboardingoperationsamer,Remote.com,greenhouse,remotecom,7996971003,Manager Onboarding Operations AMER,Colombia,https://job-boards.greenhouse.io/remotecom/jobs/7996971003,2026-09-16T06:22:45-04:00,2026-09-21T16:33:41-05:00,,no,titulo fuera de perfil,automatizacion,,,,nueva,
336,greenhouse:remotecom:7996969003,remotecom:manageronboardingoperationsamer,Remote.com,greenhouse,remotecom,7996969003,Manager Onboarding Operations AMER,Brazil,https://job-boards.greenhouse.io/remotecom/jobs/7996969003,2026-09-16T06:16:47-04:00,2026-09-21T16:33:41-05:00,,no,titulo fuera de perfil,automatizacion,,,,nueva,
337,greenhouse:remotecom:7983159003,remotecom:managerpayrolloperationsapac,Remote.com,greenhouse,remotecom,7983159003,"Manager, Payroll Operations - APAC",Remote-New Zealand,https://job-boards.greenhouse.io/remotecom/jobs/7983159003,2026-09-01T04:29:04-04:00,2026-09-21T16:33:41-05:00,,no,titulo fuera de perfil,automatizacion,,,,nueva,
338,greenhouse:remotecom:7983160003,remotecom:managerpayrolloperationsapac,Remote.com,greenhouse,remotecom,7983160003,"Manager, Payroll Operations - APAC",Remote-Malaysia,https://job-boards.greenhouse.io/remotecom/jobs/7983160003,2026-09-01T04:29:27-04:00,2026-09-21T16:33:41-05:00,,no,titulo fuera de perfil,automatizacion,,,,nueva,
339,greenhouse:remotecom:7988927003,remotecom:managerpayrolloperationsapac,Remote.com,greenhouse,remotecom,7988927003,"Manager, Payroll Operations - APAC",Remote-Australia,https://job-boards.greenhouse.io/remotecom/jobs/7988927003,2026-09-08T09:26:18-04:00,2026-09-21T16:33:41-05:00,,no,titulo fuera de perfil,automatizacion,,,,nueva,
340,greenhouse:remotecom:7983156003,remotecom:managerpayrolloperationsapac,Remote.com,greenhouse,remotecom,7983156003,"Manager, Payroll Operations - APAC",Remote-Australia,https://job-boards.greenhouse.io/remotecom/jobs/7983156003,2026-09-01T04:28:25-04:00,2026-09-21T16:33:41-05:00,,no,titulo fuera de perfil,automatizacion,,,,nueva,
341,greenhouse:remotecom:7974892003,remotecom:managerpayrolloperationseasterneurope,Remote.com,greenhouse,remotecom,7974892003,"Manager, Payroll Operations - Eastern Europe",Remote-Eastern Europe,https://job-boards.greenhouse.io/remotecom/jobs/7974892003,2026-09-01T07:33:45-04:00,2026-09-21T16:33:41-05:00,,no,titulo fuera de perfil,automatizacion,,,,nueva,
342,greenhouse:remotecom:7989307003,remotecom:managerpayrolloperationssubsaharan,Remote.com,greenhouse,remotecom,7989307003,"Manager, Payroll Operations - Sub Saharan",Remote-South Africa,https://job-boards.greenhouse.io/remotecom/jobs/7989307003,2026-09-09T11:55:57-04:00,2026-09-21T16:33:41-05:00,,no,titulo fuera de perfil,automatizacion,,,,nueva,
343,greenhouse:remotecom:7814562003,remotecom:managingcounselemploymentlegalus,Remote.com,greenhouse,remotecom,7814562003,Managing Counsel - Employment Legal (US),USA,https://job-boards.greenhouse.io/remotecom/jobs/7814562003,2026-07-24T10:23:10-04:00,2026-09-21T16:33:41-05:00,,no,titulo fuera de perfil,desarrollo,,,,nueva,
344,greenhouse:remotecom:7519082003,remotecom:managingcounselproductpayrollexperiencerequired,Remote.com,greenhouse,remotecom,7519082003,"Managing Counsel, Product (Payroll experience required)",Remote-UK&I,https://job-boards.greenhouse.io/remotecom/jobs/7519082003,2025-11-07T09:08:33-05:00,2026-09-21T16:33:41-05:00,,no,titulo fuera de perfil,desarrollo,,,,nueva,
345,greenhouse:remotecom:7520623003,remotecom:managingcounselproductpayrollexperiencerequired,Remote.com,greenhouse,remotecom,7520623003,"Managing Counsel, Product (Payroll experience required)",Remote-DACH,https://job-boards.greenhouse.io/remotecom/jobs/7520623003,2025-11-07T09:08:34-05:00,2026-09-21T16:33:41-05:00,,no,titulo fuera de perfil,desarrollo,,,,nueva,
346,greenhouse:remotecom:7520622003,remotecom:managingcounselproductpayrollexperiencerequired,Remote.com,greenhouse,remotecom,7520622003,"Managing Counsel, Product (Payroll experience required)",Remote-Western Europe,https://job-boards.greenhouse.io/remotecom/jobs/7520622003,2025-11-07T09:08:33-05:00,2026-09-21T16:33:41-05:00,,no,titulo fuera de perfil,desarrollo,,,,nueva,
347,greenhouse:remotecom:7986140003,remotecom:mobilityspecialist,Remote.com,greenhouse,remotecom,7986140003,Mobility Specialist,Argentina Remote,https://job-boards.greenhouse.io/remotecom/jobs/7986140003,2026-09-04T03:00:48-04:00,2026-09-21T16:33:41-05:00,,no,titulo fuera de perfil,desarrollo,,,,nueva,
348,greenhouse:remotecom:7807115003,remotecom:mobilityspecialist,Remote.com,greenhouse,remotecom,7807115003,Mobility Specialist,Chile Remote,https://job-boards.greenhouse.io/remotecom/jobs/7807115003,2026-09-04T03:00:44-04:00,2026-09-21T16:33:41-05:00,,no,titulo fuera de perfil,desarrollo,,,,nueva,
349,greenhouse:remotecom:7986141003,remotecom:mobilityspecialist,Remote.com,greenhouse,remotecom,7986141003,Mobility Specialist,Colombia Remote,https://job-boards.greenhouse.io/remotecom/jobs/7986141003,2026-09-04T03:00:51-04:00,2026-09-21T16:33:41-05:00,,no,titulo fuera de perfil,desarrollo,,,,nueva,
350,greenhouse:remotecom:7825663003,remotecom:mobilityspecialist,Remote.com,greenhouse,remotecom,7825663003,Mobility Specialist,France,https://job-boards.greenhouse.io/remotecom/jobs/7825663003,2026-08-04T09:15:13-04:00,2026-09-21T16:33:41-05:00,,no,titulo fuera de perfil,desarrollo,,,,nueva,
351,greenhouse:remotecom:7711692003,remotecom:mobilityspecialistamer,Remote.com,greenhouse,remotecom,7711692003,Mobility Specialist - AMER,Remote-AMER,https://job-boards.greenhouse.io/remotecom/jobs/7711692003,2026-04-23T04:44:54-04:00,2026-09-21T16:33:41-05:00,,no,titulo fuera de perfil,desarrollo,,,,nueva,
352,greenhouse:remotecom:7800939003,remotecom:mobilityspecialistapac,Remote.com,greenhouse,remotecom,7800939003,Mobility Specialist - APAC,Remote-APAC,https://job-boards.greenhouse.io/remotecom/jobs/7800939003,2026-07-14T01:57:26-04:00,2026-09-21T16:33:41-05:00,,no,titulo fuera de perfil,desarrollo,,,,nueva,
353,greenhouse:remotecom:7804057003,remotecom:mobilityspecialistapac,Remote.com,greenhouse,remotecom,7804057003,Mobility Specialist - APAC,Remote-Vietnam,https://job-boards.greenhouse.io/remotecom/jobs/7804057003,2026-07-14T01:59:26-04:00,2026-09-21T16:33:41-05:00,,no,titulo fuera de perfil,desarrollo,,,,nueva,
354,greenhouse:remotecom:7822748003,remotecom:mobilityspecialistapac,Remote.com,greenhouse,remotecom,7822748003,Mobility Specialist - APAC,Remote-Singapore,https://job-boards.greenhouse.io/remotecom/jobs/7822748003,2026-07-31T10:01:31-04:00,2026-09-21T16:33:41-05:00,,no,titulo fuera de perfil,desarrollo,,,,nueva,
355,greenhouse:remotecom:7804056003,remotecom:mobilityspecialistapac,Remote.com,greenhouse,remotecom,7804056003,Mobility Specialist - APAC,Remote-APAC,https://job-boards.greenhouse.io/remotecom/jobs/7804056003,2026-07-14T01:59:06-04:00,2026-09-21T16:33:41-05:00,,no,titulo fuera de perfil,desarrollo,,,,nueva,
356,greenhouse:remotecom:7815331003,remotecom:mobilityspecialistapac,Remote.com,greenhouse,remotecom,7815331003,Mobility Specialist - APAC,Remote-Australia,https://job-boards.greenhouse.io/remotecom/jobs/7815331003,2026-07-24T08:13:01-04:00,2026-09-21T16:33:41-05:00,,no,titulo fuera de perfil,desarrollo,,,,nueva,
357,greenhouse:remotecom:7815327003,remotecom:mobilityspecialistapac,Remote.com,greenhouse,remotecom,7815327003,Mobility Specialist - APAC,Remote-Philippines,https://job-boards.greenhouse.io/remotecom/jobs/7815327003,2026-07-24T08:10:05-04:00,2026-09-21T16:33:41-05:00,,no,titulo fuera de perfil,desarrollo,,,,nueva,
358,greenhouse:remotecom:7804055003,remotecom:mobilityspecialistapac,Remote.com,greenhouse,remotecom,7804055003,Mobility Specialist - APAC,Remote-Japan,https://job-boards.greenhouse.io/remotecom/jobs/7804055003,2026-07-14T01:58:30-04:00,2026-09-21T16:33:41-05:00,,no,titulo fuera de perfil,desarrollo,,,,nueva,
359,greenhouse:remotecom:7711695003,remotecom:mobilityspecialistapac,Remote.com,greenhouse,remotecom,7711695003,Mobility Specialist - APAC,Remote-APAC,https://job-boards.greenhouse.io/remotecom/jobs/7711695003,2026-04-23T04:11:52-04:00,2026-09-21T16:33:41-05:00,,no,titulo fuera de perfil,desarrollo,,,,nueva,
360,greenhouse:remotecom:7711725003,remotecom:mobilityspecialistapac,Remote.com,greenhouse,remotecom,7711725003,Mobility Specialist - APAC,Remote-Malaysia,https://job-boards.greenhouse.io/remotecom/jobs/7711725003,2026-04-23T04:11:52-04:00,2026-09-21T16:33:41-05:00,,no,titulo fuera de perfil,desarrollo,,,,nueva,
361,greenhouse:remotecom:7835273003,remotecom:mobilityspecialistapac,Remote.com,greenhouse,remotecom,7835273003,Mobility Specialist - APAC,Remote-Vietnam,https://job-boards.greenhouse.io/remotecom/jobs/7835273003,2026-08-07T07:57:04-04:00,2026-09-21T16:33:41-05:00,,no,titulo fuera de perfil,desarrollo,,,,nueva,
362,greenhouse:remotecom:7835274003,remotecom:mobilityspecialistapac,Remote.com,greenhouse,remotecom,7835274003,Mobility Specialist - APAC,Remote-Indonesia,https://job-boards.greenhouse.io/remotecom/jobs/7835274003,2026-08-07T07:57:31-04:00,2026-09-21T16:33:41-05:00,,no,titulo fuera de perfil,desarrollo,,,,nueva,
363,greenhouse:remotecom:7711686003,remotecom:mobilityspecialistemea,Remote.com,greenhouse,remotecom,7711686003,Mobility Specialist - EMEA,Remote-EMEA,https://job-boards.greenhouse.io/remotecom/jobs/7711686003,2026-04-23T04:49:46-04:00,2026-09-21T16:33:41-05:00,,no,titulo fuera de perfil,desarrollo,,,,nueva,
364,greenhouse:remotecom:7711744003,remotecom:mobilityspecialistemea,Remote.com,greenhouse,remotecom,7711744003,Mobility Specialist - EMEA,Remote-Poland,https://job-boards.greenhouse.io/remotecom/jobs/7711744003,2026-04-23T04:50:45-04:00,2026-09-21T16:33:41-05:00,,no,titulo fuera de perfil,desarrollo,,,,nueva,
365,greenhouse:remotecom:7986362003,remotecom:onboardingoperationsspecialist,Remote.com,greenhouse,remotecom,7986362003,Onboarding Operations Specialist,Remote-Germany,https://job-boards.greenhouse.io/remotecom/jobs/7986362003,2026-09-04T10:13:24-04:00,2026-09-21T16:33:41-05:00,,no,titulo fuera de perfil,automatizacion,,,,nueva,
366,greenhouse:remotecom:7981711003,remotecom:onboardingoperationsspecialist,Remote.com,greenhouse,remotecom,7981711003,Onboarding Operations Specialist,Remote-Portugal,https://job-boards.greenhouse.io/remotecom/jobs/7981711003,2026-09-04T09:08:17-04:00,2026-09-21T16:33:41-05:00,,no,titulo fuera de perfil,automatizacion,,,,nueva,
367,greenhouse:remotecom:7986360003,remotecom:onboardingoperationsspecialist,Remote.com,greenhouse,remotecom,7986360003,Onboarding Operations Specialist,Remote-Croatia,https://job-boards.greenhouse.io/remotecom/jobs/7986360003,2026-09-04T10:13:20-04:00,2026-09-21T16:33:41-05:00,,no,titulo fuera de perfil,automatizacion,,,,nueva,
368,greenhouse:remotecom:7986361003,remotecom:onboardingoperationsspecialist,Remote.com,greenhouse,remotecom,7986361003,Onboarding Operations Specialist,Remote-Poland,https://job-boards.greenhouse.io/remotecom/jobs/7986361003,2026-09-04T10:13:22-04:00,2026-09-21T16:33:41-05:00,,no,titulo fuera de perfil,automatizacion,,,,nueva,
369,greenhouse:remotecom:7978964003,remotecom:onboardingoperationsspecialistapac,Remote.com,greenhouse,remotecom,7978964003,Onboarding Operations Specialist - APAC,Remote-Philippines,https://job-boards.greenhouse.io/remotecom/jobs/7978964003,2026-08-27T02:26:26-04:00,2026-09-21T16:33:41-05:00,,no,titulo fuera de perfil,automatizacion,,,,nueva,
370,greenhouse:remotecom:7984177003,remotecom:onboardingoperationsspecialistapac,Remote.com,greenhouse,remotecom,7984177003,Onboarding Operations Specialist - APAC,Remote-Malaysia,https://job-boards.greenhouse.io/remotecom/jobs/7984177003,2026-09-02T02:44:31-04:00,2026-09-21T16:33:41-05:00,,no,titulo fuera de perfil,automatizacion,,,,nueva,
371,greenhouse:remotecom:7978968003,remotecom:onboardingoperationsspecialistapac,Remote.com,greenhouse,remotecom,7978968003,Onboarding Operations Specialist - APAC,Remote-Thailand,https://job-boards.greenhouse.io/remotecom/jobs/7978968003,2026-08-27T02:28:37-04:00,2026-09-21T16:33:41-05:00,,no,titulo fuera de perfil,automatizacion,,,,nueva,
372,greenhouse:remotecom:7978967003,remotecom:onboardingoperationsspecialistapac,Remote.com,greenhouse,remotecom,7978967003,Onboarding Operations Specialist - APAC,Remote-Vietnam,https://job-boards.greenhouse.io/remotecom/jobs/7978967003,2026-08-27T02:28:01-04:00,2026-09-21T16:33:41-05:00,,no,titulo fuera de perfil,automatizacion,,,,nueva,
373,greenhouse:remotecom:7983193003,remotecom:payrolldataadministratorbenelux12monthftc,Remote.com,greenhouse,remotecom,7983193003,Payroll Data Administrator - Benelux (12 Month FTC),Remote-EMEA,https://job-boards.greenhouse.io/remotecom/jobs/7983193003,2026-09-01T06:21:38-04:00,2026-09-21T16:33:41-05:00,,no,ubicacion fuera de Colombia/LATAM/remoto global,desarrollo,,,,nueva,
374,greenhouse:remotecom:7963284003,remotecom:payrollspecialistleadcanada,Remote.com,greenhouse,remotecom,7963284003,Payroll Specialist Lead - Canada,Remote-NORAM,https://job-boards.greenhouse.io/remotecom/jobs/7963284003,2026-08-28T11:32:38-04:00,2026-09-21T16:33:41-05:00,,no,titulo fuera de perfil,desarrollo,,,,nueva,
375,greenhouse:remotecom:7886253003,remotecom:payrollspecialistleadfrance,Remote.com,greenhouse,remotecom,7886253003,Payroll Specialist Lead - France,Remote-EMEA,https://job-boards.greenhouse.io/remotecom/jobs/7886253003,2026-08-26T12:14:47-04:00,2026-09-21T16:33:41-05:00,,no,titulo fuera de perfil,desarrollo,,,,nueva,
376,greenhouse:remotecom:7781202003,remotecom:payrollspecialistleadjapan,Remote.com,greenhouse,remotecom,7781202003,Payroll Specialist Lead - Japan,Remote-Japan,https://job-boards.greenhouse.io/remotecom/jobs/7781202003,2026-06-23T07:03:01-04:00,2026-09-21T16:33:41-05:00,,no,titulo fuera de perfil,desarrollo,,,,nueva,
377,greenhouse:remotecom:7835271003,remotecom:payrollspecialistleadjapan,Remote.com,greenhouse,remotecom,7835271003,Payroll Specialist Lead - Japan,Remote-Japan,https://job-boards.greenhouse.io/remotecom/jobs/7835271003,2026-08-07T07:55:48-04:00,2026-09-21T16:33:41-05:00,,no,titulo fuera de perfil,desarrollo,,,,nueva,
378,greenhouse:remotecom:7992312003,remotecom:payrollspecialistleadjapanindividualcontributor,Remote.com,greenhouse,remotecom,7992312003,Payroll Specialist Lead - Japan (Individual Contributor),Remote-Japan,https://job-boards.greenhouse.io/remotecom/jobs/7992312003,2026-09-11T04:44:20-04:00,2026-09-21T16:33:41-05:00,,no,titulo fuera de perfil,desarrollo,,,,nueva,
379,greenhouse:remotecom:7778968003,remotecom:payrollspecialistleadnetherlands,Remote.com,greenhouse,remotecom,7778968003,Payroll Specialist Lead - Netherlands,Remote-Western Europe,https://job-boards.greenhouse.io/remotecom/jobs/7778968003,2026-07-16T04:39:40-04:00,2026-09-21T16:33:41-05:00,,no,titulo fuera de perfil,desarrollo,,,,nueva,
380,greenhouse:remotecom:7785455003,remotecom:payrollspecialistleadnetherlands,Remote.com,greenhouse,remotecom,7785455003,Payroll Specialist Lead - Netherlands,Remote-Iberia,https://job-boards.greenhouse.io/remotecom/jobs/7785455003,2026-07-16T04:39:41-04:00,2026-09-21T16:33:41-05:00,,no,titulo fuera de perfil,desarrollo,,,,nueva,
381,greenhouse:remotecom:7802789003,remotecom:payrollspecialistleadportugal,Remote.com,greenhouse,remotecom,7802789003,Payroll Specialist Lead - Portugal,Remote-Iberia,https://job-boards.greenhouse.io/remotecom/jobs/7802789003,2026-07-16T04:34:14-04:00,2026-09-21T16:33:41-05:00,,no,titulo fuera de perfil,desarrollo,,,,nueva,
382,greenhouse:remotecom:7963346003,remotecom:payrollspecialistleadus,Remote.com,greenhouse,remotecom,7963346003,Payroll Specialist Lead - US,Remote-NORAM,https://job-boards.greenhouse.io/remotecom/jobs/7963346003,2026-09-02T11:10:31-04:00,2026-09-21T16:33:41-05:00,,no,titulo fuera de perfil,desarrollo,,,,nueva,
383,greenhouse:remotecom:7979024003,remotecom:payrollvendorrelationshipmanager,Remote.com,greenhouse,remotecom,7979024003,Payroll Vendor Relationship Manager,Remote-Iberia,https://job-boards.greenhouse.io/remotecom/jobs/7979024003,2026-09-04T10:37:09-04:00,2026-09-21T16:33:41-05:00,,no,titulo fuera de perfil,desarrollo,,,,nueva,
384,greenhouse:remotecom:7731727003,remotecom:principalmarketinganalytics,Remote.com,greenhouse,remotecom,7731727003,"Principal, Marketing Analytics","Chicago, Illinois",https://job-boards.greenhouse.io/remotecom/jobs/7731727003,2026-05-12T02:22:08-04:00,2026-09-21T16:33:41-05:00,,no,titulo fuera de perfil,desarrollo,,,,nueva,
385,greenhouse:remotecom:7674975003,remotecom:principalmarketinganalytics,Remote.com,greenhouse,remotecom,7674975003,"Principal, Marketing Analytics",Remote-UK&I,https://job-boards.greenhouse.io/remotecom/jobs/7674975003,2026-03-22T21:38:36-04:00,2026-09-21T16:33:41-05:00,,no,titulo fuera de perfil,desarrollo,,,,nueva,
386,greenhouse:remotecom:7621381003,remotecom:salesdevelopmentrepresentativeamer,Remote.com,greenhouse,remotecom,7621381003,Sales Development Representative - AMER,Remote-NORAM,https://job-boards.greenhouse.io/remotecom/jobs/7621381003,2026-02-05T23:32:07-05:00,2026-09-21T16:33:41-05:00,,no,titulo fuera de perfil,desarrollo,,,,nueva,
387,greenhouse:remotecom:7858651003,remotecom:salesdevelopmentrepresentativeaustralianewzealand,Remote.com,greenhouse,remotecom,7858651003,Sales Development Representative - Australia/ New Zealand,"Remote-Sydney, Australia",https://job-boards.greenhouse.io/remotecom/jobs/7858651003,2026-08-12T06:41:34-04:00,2026-09-21T16:33:41-05:00,,no,titulo fuera de perfil,desarrollo,,,,nueva,
388,greenhouse:remotecom:7858650003,remotecom:salesdevelopmentrepresentativeaustralianewzealand,Remote.com,greenhouse,remotecom,7858650003,Sales Development Representative - Australia/ New Zealand,"Remote-Melbourne, Australia",https://job-boards.greenhouse.io/remotecom/jobs/7858650003,2026-08-12T06:40:54-04:00,2026-09-21T16:33:41-05:00,,no,titulo fuera de perfil,desarrollo,,,,nueva,
389,greenhouse:remotecom:7988757003,remotecom:salesdevelopmentrepresentativeaustralianewzealand,Remote.com,greenhouse,remotecom,7988757003,Sales Development Representative - Australia/ New Zealand,Remote-New Zealand,https://job-boards.greenhouse.io/remotecom/jobs/7988757003,2026-09-08T06:05:27-04:00,2026-09-21T16:33:41-05:00,,no,titulo fuera de perfil,desarrollo,,,,nueva,
390,greenhouse:remotecom:7988755003,remotecom:salesdevelopmentrepresentativeaustralianewzealand,Remote.com,greenhouse,remotecom,7988755003,Sales Development Representative - Australia/ New Zealand,Remote-Australia,https://job-boards.greenhouse.io/remotecom/jobs/7988755003,2026-09-08T06:05:04-04:00,2026-09-21T16:33:41-05:00,,no,titulo fuera de perfil,desarrollo,,,,nueva,
391,greenhouse:remotecom:7540349003,remotecom:salesdevelopmentrepresentativedach,Remote.com,greenhouse,remotecom,7540349003,Sales Development Representative - DACH,Remote-Germany,https://job-boards.greenhouse.io/remotecom/jobs/7540349003,2025-11-26T05:47:18-05:00,2026-09-21T16:33:41-05:00,,no,titulo fuera de perfil,desarrollo,,,,nueva,
392,greenhouse:remotecom:7540346003,remotecom:salesdevelopmentrepresentativedach,Remote.com,greenhouse,remotecom,7540346003,Sales Development Representative - DACH,Remote-United Kingdom,https://job-boards.greenhouse.io/remotecom/jobs/7540346003,2025-11-26T05:42:11-05:00,2026-09-21T16:33:41-05:00,,no,titulo fuera de perfil,desarrollo,,,,nueva,
393,greenhouse:remotecom:7534284003,remotecom:salesdevelopmentrepresentativedach,Remote.com,greenhouse,remotecom,7534284003,Sales Development Representative - DACH,Remote-Portugal,https://job-boards.greenhouse.io/remotecom/jobs/7534284003,2025-11-20T00:11:47-05:00,2026-09-21T16:33:41-05:00,,no,titulo fuera de perfil,desarrollo,,,,nueva,
394,greenhouse:remotecom:7540343003,remotecom:salesdevelopmentrepresentativedach,Remote.com,greenhouse,remotecom,7540343003,Sales Development Representative - DACH,Remote-Ireland,https://job-boards.greenhouse.io/remotecom/jobs/7540343003,2025-11-26T05:38:59-05:00,2026-09-21T16:33:41-05:00,,no,titulo fuera de perfil,desarrollo,,,,nueva,
395,greenhouse:remotecom:7540345003,remotecom:salesdevelopmentrepresentativedach,Remote.com,greenhouse,remotecom,7540345003,Sales Development Representative - DACH,Remote-Spain,https://job-boards.greenhouse.io/remotecom/jobs/7540345003,2025-11-26T05:41:27-05:00,2026-09-21T16:33:41-05:00,,no,titulo fuera de perfil,desarrollo,,,,nueva,
396,greenhouse:remotecom:7513795003,remotecom:salesdevelopmentrepresentativedach,Remote.com,greenhouse,remotecom,7513795003,Sales Development Representative - DACH,Remote-Spain,https://job-boards.greenhouse.io/remotecom/jobs/7513795003,2025-10-31T07:00:36-04:00,2026-09-21T16:33:41-05:00,,no,titulo fuera de perfil,desarrollo,,,,nueva,
397,greenhouse:remotecom:7540344003,remotecom:salesdevelopmentrepresentativedach,Remote.com,greenhouse,remotecom,7540344003,Sales Development Representative - DACH,Remote-Spain,https://job-boards.greenhouse.io/remotecom/jobs/7540344003,2025-11-26T05:39:39-05:00,2026-09-21T16:33:41-05:00,,no,titulo fuera de perfil,desarrollo,,,,nueva,
398,greenhouse:remotecom:7537763003,remotecom:salesdevelopmentrepresentativefrance,Remote.com,greenhouse,remotecom,7537763003,Sales Development Representative - France,Remote-United Kingdom,https://job-boards.greenhouse.io/remotecom/jobs/7537763003,2025-11-24T11:14:37-05:00,2026-09-21T16:33:41-05:00,,no,titulo fuera de perfil,desarrollo,,,,nueva,
399,greenhouse:remotecom:7537764003,remotecom:salesdevelopmentrepresentativefrance,Remote.com,greenhouse,remotecom,7537764003,Sales Development Representative - France,Remote-Ireland,https://job-boards.greenhouse.io/remotecom/jobs/7537764003,2025-11-24T11:15:08-05:00,2026-09-21T16:33:41-05:00,,no,titulo fuera de perfil,desarrollo,,,,nueva,
400,greenhouse:remotecom:7537674003,remotecom:salesdevelopmentrepresentativefrance,Remote.com,greenhouse,remotecom,7537674003,Sales Development Representative - France,Remote-Spain,https://job-boards.greenhouse.io/remotecom/jobs/7537674003,2025-11-24T10:14:49-05:00,2026-09-21T16:33:41-05:00,,no,titulo fuera de perfil,desarrollo,,,,nueva,
401,greenhouse:remotecom:7988108003,remotecom:salesdevelopmentrepresentativefrance,Remote.com,greenhouse,remotecom,7988108003,Sales Development Representative - France,Portugal Remote,https://job-boards.greenhouse.io/remotecom/jobs/7988108003,2026-09-07T12:46:40-04:00,2026-09-21T16:33:41-05:00,,no,titulo fuera de perfil,desarrollo,,,,nueva,
402,greenhouse:remotecom:7984241003,remotecom:senioremployeerelationsspecialistemployeerelationsandtransitionsemeahrbp,Remote.com,greenhouse,remotecom,7984241003,"Senior Employee Relations Specialist, Employee Relations and Transitions - EMEA (HRBP)",Remote-Portugal,https://job-boards.greenhouse.io/remotecom/jobs/7984241003,2026-09-02T07:06:38-04:00,2026-09-21T16:33:41-05:00,,no,titulo fuera de perfil,desarrollo,,,,nueva,
403,greenhouse:remotecom:7926458003,remotecom:senioremployeerelationsspecialistemployeerelationsapac,Remote.com,greenhouse,remotecom,7926458003,"Senior Employee Relations Specialist, Employee Relations - APAC",Remote-Hong Kong,https://job-boards.greenhouse.io/remotecom/jobs/7926458003,2026-08-21T07:01:44-04:00,2026-09-21T16:33:41-05:00,,no,titulo fuera de perfil,desarrollo,,,,nueva,
404,greenhouse:remotecom:7984240003,remotecom:senioremployeerelationsspecialistemployeerelationsapac,Remote.com,greenhouse,remotecom,7984240003,"Senior Employee Relations Specialist, Employee Relations - APAC",Remote-Malaysia,https://job-boards.greenhouse.io/remotecom/jobs/7984240003,2026-09-02T07:03:47-04:00,2026-09-21T16:33:41-05:00,,no,titulo fuera de perfil,desarrollo,,,,nueva,
405,greenhouse:remotecom:7926460003,remotecom:senioremployeerelationsspecialistemployeerelationsapac,Remote.com,greenhouse,remotecom,7926460003,"Senior Employee Relations Specialist, Employee Relations - APAC",Remote-Singapore,https://job-boards.greenhouse.io/remotecom/jobs/7926460003,2026-08-21T07:02:54-04:00,2026-09-21T16:33:41-05:00,,no,titulo fuera de perfil,desarrollo,,,,nueva,
406,greenhouse:remotecom:7858593003,remotecom:seniorhrlifecyclespecialistemployeerelationsandtransitionsemeahrbp,Remote.com,greenhouse,remotecom,7858593003,"Senior HR Lifecycle Specialist, Employee Relations and Transitions - EMEA (HRBP)",Remote-Germany,https://job-boards.greenhouse.io/remotecom/jobs/7858593003,2026-08-12T06:29:44-04:00,2026-09-21T16:33:41-05:00,,no,titulo fuera de perfil,desarrollo,,,,nueva,
407,greenhouse:remotecom:7827354003,remotecom:seniorhrspecialistemployeerelationsandtransitionsapachrbp,Remote.com,greenhouse,remotecom,7827354003,"Senior HR Specialist, Employee Relations and Transitions - APAC (HRBP)",Remote-Japan,https://job-boards.greenhouse.io/remotecom/jobs/7827354003,2026-08-05T00:43:28-04:00,2026-09-21T16:33:41-05:00,,no,titulo fuera de perfil,desarrollo,,,,nueva,
408,greenhouse:remotecom:7821332003,remotecom:seniorhrspecialistemployeerelationsandtransitionsapachrbp,Remote.com,greenhouse,remotecom,7821332003,"Senior HR Specialist, Employee Relations and Transitions - APAC (HRBP)",Remote-Singapore,https://job-boards.greenhouse.io/remotecom/jobs/7821332003,2026-07-30T08:36:13-04:00,2026-09-21T16:33:41-05:00,,no,titulo fuera de perfil,desarrollo,,,,nueva,
409,greenhouse:remotecom:7984242003,remotecom:seniorhrspecialistemployeerelationsandtransitionsemea,Remote.com,greenhouse,remotecom,7984242003,"Senior HR Specialist, Employee Relations and Transitions - EMEA",Remote-Poland,https://job-boards.greenhouse.io/remotecom/jobs/7984242003,2026-09-02T07:06:36-04:00,2026-09-21T16:33:41-05:00,,no,titulo fuera de perfil,desarrollo,,,,nueva,
410,greenhouse:remotecom:7858595003,remotecom:seniorhrspecialistemployeerelationsandtransitionsemeahrbp,Remote.com,greenhouse,remotecom,7858595003,"Senior HR Specialist, Employee Relations and Transitions - EMEA (HRBP)",Remote-Germany,https://job-boards.greenhouse.io/remotecom/jobs/7858595003,2026-08-12T06:30:34-04:00,2026-09-21T16:33:41-05:00,,no,titulo fuera de perfil,desarrollo,,,,nueva,
411,greenhouse:remotecom:7835247003,remotecom:seniorhrspecialistemployeerelationsandtransitionsemeahrbp,Remote.com,greenhouse,remotecom,7835247003,"Senior HR Specialist, Employee Relations and Transitions - EMEA (HRBP)",Remote-Germany,https://job-boards.greenhouse.io/remotecom/jobs/7835247003,2026-08-07T07:49:27-04:00,2026-09-21T16:33:41-05:00,,no,titulo fuera de perfil,desarrollo,,,,nueva,
412,greenhouse:remotecom:7858600003,remotecom:seniorhrspecialistemployeerelationsapac,Remote.com,greenhouse,remotecom,7858600003,"Senior HR Specialist, Employee Relations - APAC",Remote-Japan,https://job-boards.greenhouse.io/remotecom/jobs/7858600003,2026-08-12T06:33:20-04:00,2026-09-21T16:33:41-05:00,,no,titulo fuera de perfil,desarrollo,,,,nueva,
413,greenhouse:remotecom:7984239003,remotecom:seniorhrspecialistemployeerelationsapac,Remote.com,greenhouse,remotecom,7984239003,"Senior HR Specialist, Employee Relations - APAC",Remote-Hong Kong,https://job-boards.greenhouse.io/remotecom/jobs/7984239003,2026-09-02T07:03:08-04:00,2026-09-21T16:33:41-05:00,,no,titulo fuera de perfil,desarrollo,,,,nueva,
414,greenhouse:remotecom:7978006003,remotecom:seniorhrspecialistemployeerelationsapac,Remote.com,greenhouse,remotecom,7978006003,"Senior HR Specialist, Employee Relations - APAC",Remote-Malaysia,https://job-boards.greenhouse.io/remotecom/jobs/7978006003,2026-08-26T07:17:33-04:00,2026-09-21T16:33:41-05:00,,no,titulo fuera de perfil,desarrollo,,,,nueva,
415,greenhouse:remotecom:7926372003,remotecom:seniorlabourrelationsspecialistemployeerelationsandtransitionsemea,Remote.com,greenhouse,remotecom,7926372003,"Senior Labour Relations Specialist, Employee Relations and Transitions - EMEA",Remote-Germany,https://job-boards.greenhouse.io/remotecom/jobs/7926372003,2026-08-21T06:50:26-04:00,2026-09-21T16:33:41-05:00,,no,titulo fuera de perfil,desarrollo,,,,nueva,
416,greenhouse:remotecom:7997509003,remotecom:seniorlegalcounselcommerciallegalapac,Remote.com,greenhouse,remotecom,7997509003,"Senior Legal Counsel, Commercial Legal  (APAC)",Remote-APAC,https://job-boards.greenhouse.io/remotecom/jobs/7997509003,2026-09-17T12:33:02-04:00,2026-09-21T16:33:41-05:00,,no,titulo fuera de perfil,desarrollo,,,,nueva,
417,greenhouse:remotecom:7979182003,remotecom:seniorlifecyclespecialistworkerscompensationemea,Remote.com,greenhouse,remotecom,7979182003,"Senior Lifecycle Specialist, Workers Compensation - EMEA",EMEA,https://job-boards.greenhouse.io/remotecom/jobs/7979182003,2026-09-15T06:12:40-04:00,2026-09-21T16:33:41-05:00,,no,titulo fuera de perfil,desarrollo,,,,nueva,
418,greenhouse:remotecom:7822268003,remotecom:seniorpartnershipsmanager,Remote.com,greenhouse,remotecom,7822268003,Senior Partnerships Manager,Remote-UK&I,https://job-boards.greenhouse.io/remotecom/jobs/7822268003,2026-08-11T18:55:40-04:00,2026-09-21T16:33:41-05:00,,no,titulo fuera de perfil,desarrollo,,,,nueva,
419,greenhouse:remotecom:7856435003,remotecom:seniorpartnershipsmanager,Remote.com,greenhouse,remotecom,7856435003,Senior Partnerships Manager,Remote-Western Europe,https://job-boards.greenhouse.io/remotecom/jobs/7856435003,2026-08-11T18:57:47-04:00,2026-09-21T16:33:41-05:00,,no,titulo fuera de perfil,desarrollo,,,,nueva,
420,greenhouse:remotecom:7856446003,remotecom:seniorpartnershipsmanager,Remote.com,greenhouse,remotecom,7856446003,Senior Partnerships Manager,Remote-DACH,https://job-boards.greenhouse.io/remotecom/jobs/7856446003,2026-08-11T18:56:55-04:00,2026-09-21T16:33:41-05:00,,no,titulo fuera de perfil,desarrollo,,,,nueva,
421,greenhouse:remotecom:7799068003,remotecom:seniorpayrollimplementationspecialistnlbelgium,Remote.com,greenhouse,remotecom,7799068003,Senior Payroll Implementation Specialist - NL & Belgium,Remote-Western Europe,https://job-boards.greenhouse.io/remotecom/jobs/7799068003,2026-07-15T13:31:34-04:00,2026-09-21T16:33:41-05:00,,no,ubicacion fuera de Colombia/LATAM/remoto global,automatizacion,,,,nueva,
422,greenhouse:remotecom:7762220003,remotecom:seniorproductdesigner,Remote.com,greenhouse,remotecom,7762220003,Senior Product Designer,EMEA,https://job-boards.greenhouse.io/remotecom/jobs/7762220003,2026-06-08T03:58:40-04:00,2026-09-21T16:33:41-05:00,,no,titulo fuera de perfil,desarrollo,,,,nueva,
423,greenhouse:remotecom:7720367003,remotecom:seniorproductmanager,Remote.com,greenhouse,remotecom,7720367003,Senior Product Manager,EMEA,https://job-boards.greenhouse.io/remotecom/jobs/7720367003,2026-04-30T07:44:53-04:00,2026-09-21T16:33:41-05:00,,no,titulo fuera de perfil,desarrollo,,,,nueva,
424,greenhouse:remotecom:7831380003,remotecom:seniorproductmanagerapis,Remote.com,greenhouse,remotecom,7831380003,"Senior Product Manager, APIs",Remote-EMEA,https://job-boards.greenhouse.io/remotecom/jobs/7831380003,2026-08-17T03:51:12-04:00,2026-09-21T16:33:41-05:00,,no,titulo fuera de perfil,desarrollo,,,,nueva,
425,greenhouse:remotecom:7514187003,remotecom:seniorproductmanagerremotebuild,Remote.com,greenhouse,remotecom,7514187003,"Senior Product Manager, Remote Build",Remote-Iberia,https://job-boards.greenhouse.io/remotecom/jobs/7514187003,2025-10-31T11:25:00-04:00,2026-09-21T16:33:41-05:00,,no,titulo fuera de perfil,desarrollo,,,,nueva,
426,greenhouse:remotecom:7514179003,remotecom:seniorproductmanagerremotebuild,Remote.com,greenhouse,remotecom,7514179003,"Senior Product Manager, Remote Build",Remote-EMEA,https://job-boards.greenhouse.io/remotecom/jobs/7514179003,2025-10-31T11:22:11-04:00,2026-09-21T16:33:41-05:00,,no,titulo fuera de perfil,desarrollo,,,,nueva,
427,greenhouse:remotecom:7514183003,remotecom:seniorproductmanagerremotebuild,Remote.com,greenhouse,remotecom,7514183003,"Senior Product Manager, Remote Build",Remote-UK&I,https://job-boards.greenhouse.io/remotecom/jobs/7514183003,2025-10-31T11:24:01-04:00,2026-09-21T16:33:41-05:00,,no,titulo fuera de perfil,desarrollo,,,,nueva,
428,greenhouse:remotecom:6909477003,remotecom:seniorproductmanagerremotebuild,Remote.com,greenhouse,remotecom,6909477003,"Senior Product Manager, Remote Build",Remote-AMER,https://job-boards.greenhouse.io/remotecom/jobs/6909477003,2025-09-16T09:47:04-04:00,2026-09-21T16:33:41-05:00,,no,titulo fuera de perfil,desarrollo,,,,nueva,
429,greenhouse:remotecom:7331443003,remotecom:seniorproductmanagerremotebuild,Remote.com,greenhouse,remotecom,7331443003,"Senior Product Manager, Remote Build",Remote-France,https://job-boards.greenhouse.io/remotecom/jobs/7331443003,2025-09-16T09:47:04-04:00,2026-09-21T16:33:41-05:00,,no,titulo fuera de perfil,desarrollo,,,,nueva,
430,greenhouse:remotecom:7815323003,remotecom:seniorspecialistemployeerelationsandtransitionsemea,Remote.com,greenhouse,remotecom,7815323003,"Senior Specialist, Employee Relations and Transitions - EMEA",Remote-France,https://job-boards.greenhouse.io/remotecom/jobs/7815323003,2026-07-28T08:37:42-04:00,2026-09-21T16:33:41-05:00,,no,titulo fuera de perfil,desarrollo,,,,nueva,
431,greenhouse:remotecom:7984236003,remotecom:seniorspecialistemployeerelationsapac,Remote.com,greenhouse,remotecom,7984236003,"Senior Specialist, Employee Relations - APAC",Remote-Singapore,https://job-boards.greenhouse.io/remotecom/jobs/7984236003,2026-09-02T07:00:43-04:00,2026-09-21T16:33:41-05:00,,no,titulo fuera de perfil,desarrollo,,,,nueva,
432,greenhouse:remotecom:7978001003,remotecom:seniorspecialistemployeerelationsapac,Remote.com,greenhouse,remotecom,7978001003,"Senior Specialist, Employee Relations - APAC",Remote-Japan,https://job-boards.greenhouse.io/remotecom/jobs/7978001003,2026-08-26T07:13:58-04:00,2026-09-21T16:33:41-05:00,,no,titulo fuera de perfil,desarrollo,,,,nueva,
433,greenhouse:remotecom:7984245003,remotecom:seniorspecialistemployeerelationsemea,Remote.com,greenhouse,remotecom,7984245003,"Senior Specialist, Employee Relations - EMEA",Remote-Czech Republic,https://job-boards.greenhouse.io/remotecom/jobs/7984245003,2026-09-02T07:08:04-04:00,2026-09-21T16:33:41-05:00,,no,titulo fuera de perfil,desarrollo,,,,nueva,
434,greenhouse:remotecom:7984243003,remotecom:seniorspecialistemployeerelationsemea,Remote.com,greenhouse,remotecom,7984243003,"Senior Specialist, Employee Relations - EMEA",Remote-France,https://job-boards.greenhouse.io/remotecom/jobs/7984243003,2026-09-02T07:07:13-04:00,2026-09-21T16:33:41-05:00,,no,titulo fuera de perfil,desarrollo,,,,nueva,
435,greenhouse:remotecom:7814925003,remotecom:seniorspecialistemployeerelationsemea,Remote.com,greenhouse,remotecom,7814925003,"Senior Specialist, Employee Relations - EMEA",Remote-Germany,https://job-boards.greenhouse.io/remotecom/jobs/7814925003,2026-07-24T02:12:22-04:00,2026-09-21T16:33:41-05:00,,no,titulo fuera de perfil,desarrollo,,,,nueva,
436,greenhouse:remotecom:7977995003,remotecom:seniorspecialistemployeerelationsemea,Remote.com,greenhouse,remotecom,7977995003,"Senior Specialist, Employee Relations - EMEA",Remote-Poland,https://job-boards.greenhouse.io/remotecom/jobs/7977995003,2026-08-26T07:04:29-04:00,2026-09-21T16:33:41-05:00,,no,titulo fuera de perfil,desarrollo,,,,nueva,
437,greenhouse:remotecom:7977997003,remotecom:seniorspecialistemployeerelationsemea,Remote.com,greenhouse,remotecom,7977997003,"Senior Specialist, Employee Relations - EMEA",Remote-Portugal,https://job-boards.greenhouse.io/remotecom/jobs/7977997003,2026-08-26T07:05:28-04:00,2026-09-21T16:33:41-05:00,,no,titulo fuera de perfil,desarrollo,,,,nueva,
438,greenhouse:remotecom:7984246003,remotecom:seniorspecialistemployeerelationsemea,Remote.com,greenhouse,remotecom,7984246003,"Senior Specialist, Employee Relations - EMEA",Remote-Germany,https://job-boards.greenhouse.io/remotecom/jobs/7984246003,2026-09-02T07:08:53-04:00,2026-09-21T16:33:41-05:00,,no,titulo fuera de perfil,desarrollo,,,,nueva,
439,greenhouse:remotecom:7869296003,remotecom:seniorspecialistglobalbenefitsriskcompliance,Remote.com,greenhouse,remotecom,7869296003,"Senior Specialist, Global Benefits Risk & Compliance",EMEA,https://job-boards.greenhouse.io/remotecom/jobs/7869296003,2026-08-19T06:56:53-04:00,2026-09-21T16:33:41-05:00,,no,titulo fuera de perfil,desarrollo,,,,nueva,
440,greenhouse:remotecom:7903335003,remotecom:srcustomersuccessmanagermmentamer,Remote.com,greenhouse,remotecom,7903335003,"Sr. Customer Success Manager, MM/ENT - AMER",Remote-AMER,https://job-boards.greenhouse.io/remotecom/jobs/7903335003,2026-08-19T12:14:00-04:00,2026-09-21T16:33:41-05:00,,no,titulo fuera de perfil,desarrollo,,,,nueva,
441,greenhouse:remotecom:8000431003,remotecom:srspecialistemployeerelations,Remote.com,greenhouse,remotecom,8000431003,Sr Specialist - Employee Relations,Colombia,https://job-boards.greenhouse.io/remotecom/jobs/8000431003,2026-09-21T04:31:08-04:00,2026-09-21T16:33:41-05:00,,no,titulo fuera de perfil,desarrollo,,,,nueva,
442,greenhouse:remotecom:7979149003,remotecom:srspecialistemployeerelations,Remote.com,greenhouse,remotecom,7979149003,Sr Specialist - Employee Relations,Argentina,https://job-boards.greenhouse.io/remotecom/jobs/7979149003,2026-09-15T06:45:10-04:00,2026-09-21T16:33:41-05:00,,no,titulo fuera de perfil,desarrollo,,,,nueva,
443,greenhouse:remotecom:7885030003,remotecom:taxanalystdirecttax,Remote.com,greenhouse,remotecom,7885030003,Tax Analyst (Direct Tax),Remote-Northern Europe,https://job-boards.greenhouse.io/remotecom/jobs/7885030003,2026-09-16T09:17:24-04:00,2026-09-21T16:33:41-05:00,,no,titulo fuera de perfil,desarrollo,,,,nueva,
444,greenhouse:remotecom:7866348003,remotecom:taxanalystdirecttax,Remote.com,greenhouse,remotecom,7866348003,Tax Analyst (Direct Tax),Remote-DACH,https://job-boards.greenhouse.io/remotecom/jobs/7866348003,2026-08-17T05:23:11-04:00,2026-09-21T16:33:41-05:00,,no,titulo fuera de perfil,desarrollo,,,,nueva,
445,greenhouse:remotecom:7992543003,remotecom:taxanalystvat,Remote.com,greenhouse,remotecom,7992543003,Tax Analyst - VAT,Remote-Northern & Southern Europe,https://job-boards.greenhouse.io/remotecom/jobs/7992543003,2026-09-11T11:49:48-04:00,2026-09-21T16:33:41-05:00,,no,titulo fuera de perfil,desarrollo,,,,nueva,
446,greenhouse:clara:5144766007,clara:accountexecutivebillpayejecutivodeventascuentasporpagarmexicocityhybrid,Clara,greenhouse,clara,5144766007,Account Executive - Bill Pay (Ejecutivo de Ventas - Cuentas por Pagar) - Mexico City (Hybrid),Mexico City / CDMX / Mexico,https://job-boards.greenhouse.io/clara/jobs/5144766007,2026-05-21T17:28:49-04:00,2026-09-21T16:33:41-05:00,,no,titulo fuera de perfil,desarrollo,,,,nueva,
447,greenhouse:clara:5199235007,clara:accountexecutiveclaracontabilidadejecutivodecuentaclaracontabilidadmexicocityhybrid,Clara,greenhouse,clara,5199235007,Account Executive - Clara Contabilidad (Ejecutivo de Cuenta - Clara Contabilidad) - Mexico City (Hybrid),Mexico City / CDMX / Mexico,https://job-boards.greenhouse.io/clara/jobs/5199235007,2026-07-29T22:26:41-04:00,2026-09-21T16:33:41-05:00,,no,titulo fuera de perfil,desarrollo,,,,nueva,
448,greenhouse:clara:5167938007,clara:accountexecutiveclaraglobalejecutivodecuentaclaraglobalmexicocityhybrid,Clara,greenhouse,clara,5167938007,Account Executive - Clara Global (Ejecutivo de Cuenta - Clara Global) - Mexico City (Hybrid),Mexico City / CDMX / Mexico,https://job-boards.greenhouse.io/clara/jobs/5167938007,2026-06-18T00:05:45-04:00,2026-09-21T16:33:41-05:00,,no,titulo fuera de perfil,desarrollo,,,,nueva,
449,greenhouse:clara:4305870007,clara:accountexecutiveejecutivoadecuentasbogotahybrid,Clara,greenhouse,clara,4305870007,Account Executive (Ejecutivo/a de Cuentas) - Bogotá (Hybrid),Bogotá / CUN / Colombia,https://job-boards.greenhouse.io/clara/jobs/4305870007,2024-03-15T17:19:00-04:00,2026-09-21T16:33:41-05:00,,no,titulo fuera de perfil,desarrollo,,,,nueva,
450,greenhouse:clara:5213360007,clara:accountexecutiveexecutivodevendasbrasiliadfhybridremote,Clara,greenhouse,clara,5213360007,Account Executive (Executivo de Vendas) - Brasília/DF (Hybrid/Remote),Brasilia / DF / Brazil,https://job-boards.greenhouse.io/clara/jobs/5213360007,2026-08-17T07:56:30-04:00,2026-09-21T16:33:41-05:00,,no,titulo fuera de perfil,desarrollo,,,,nueva,
451,greenhouse:clara:5213157007,clara:accountexecutiveexecutivodevendascampinassp,Clara,greenhouse,clara,5213157007,Account Executive (Executivo de Vendas) - Campinas/SP,Campinas / SP / Brazil,https://job-boards.greenhouse.io/clara/jobs/5213157007,2026-08-17T07:21:37-04:00,2026-09-21T16:33:41-05:00,,no,titulo fuera de perfil,desarrollo,,,,nueva,
452,greenhouse:clara:5213337007,clara:accountexecutiveexecutivodevendasmanausamhybridremote,Clara,greenhouse,clara,5213337007,Account Executive (Executivo de Vendas) - Manaus/AM (Hybrid/Remote),Manaus / AM / Brazil,https://job-boards.greenhouse.io/clara/jobs/5213337007,2026-08-17T07:19:13-04:00,2026-09-21T16:33:41-05:00,,no,titulo fuera de perfil,desarrollo,,,,nueva,
453,greenhouse:clara:5213345007,clara:accountexecutiveexecutivodevendasminasgeraishybridremote,Clara,greenhouse,clara,5213345007,Account Executive (Executivo de Vendas) - Minas Gerais (Hybrid/Remote),Belo Horizonte / MG / Brasil,https://job-boards.greenhouse.io/clara/jobs/5213345007,2026-08-17T07:32:35-04:00,2026-09-21T16:33:41-05:00,,no,titulo fuera de perfil,desarrollo,,,,nueva,
454,greenhouse:clara:5213348007,clara:accountexecutiveexecutivodevendasrecifehybridremote,Clara,greenhouse,clara,5213348007,Account Executive (Executivo de Vendas) - Recife (Hybrid/Remote),Recife / PE / Brazil,https://job-boards.greenhouse.io/clara/jobs/5213348007,2026-08-17T07:41:49-04:00,2026-09-21T16:33:41-05:00,,no,titulo fuera de perfil,desarrollo,,,,nueva,
455,greenhouse:clara:5213352007,clara:accountexecutiveexecutivodevendasriodejaneirohybridremote,Clara,greenhouse,clara,5213352007,Account Executive (Executivo de Vendas) - Rio de Janeiro (Hybrid/Remote),Rio de Janeiro / RJ / Brazil,https://job-boards.greenhouse.io/clara/jobs/5213352007,2026-08-17T07:46:27-04:00,2026-09-21T16:33:41-05:00,,no,titulo fuera de perfil,desarrollo,,,,nueva,
456,greenhouse:clara:5213356007,clara:accountexecutiveexecutivodevendassalvadorbahybridremote,Clara,greenhouse,clara,5213356007,Account Executive (Executivo de Vendas) - Salvador/BA (Hybrid/Remote),Salvador / BA / Brazil,https://job-boards.greenhouse.io/clara/jobs/5213356007,2026-08-17T07:51:50-04:00,2026-09-21T16:33:41-05:00,,no,titulo fuera de perfil,desarrollo,,,,nueva,
457,greenhouse:clara:5213163007,clara:accountexecutiveexecutivodevendasvitoriaes,Clara,greenhouse,clara,5213163007,Account Executive (Executivo de Vendas) - Vitória/ES,Vitoria / ES / Brazil,https://job-boards.greenhouse.io/clara/jobs/5213163007,2026-08-17T07:22:58-04:00,2026-09-21T16:33:41-05:00,,no,titulo fuera de perfil,desarrollo,,,,nueva,
458,greenhouse:clara:5144862007,clara:accountexecutivefuelfleetejecutivodecuentacombustibleyflotasmexicocity,Clara,greenhouse,clara,5144862007,Account Executive - Fuel & Fleet (Ejecutivo de Cuenta - Combustible y Flotas) - Mexico City,Mexico City / CDMX / Mexico,https://job-boards.greenhouse.io/clara/jobs/5144862007,2026-05-21T19:19:02-04:00,2026-09-21T16:33:41-05:00,,no,titulo fuera de perfil,desarrollo,,,,nueva,
459,greenhouse:clara:5147511007,clara:accountexecutivefuelfleetspecialistexecutivodevendasespecialistaemfrotasecombustivelsaopaulohybrid,Clara,greenhouse,clara,5147511007,Account Executive - Fuel & Fleet Specialist (Executivo de Vendas - Especialista em Frotas e Combustível) - São Paulo (Hybrid),Sao Paulo / SP / Brazil,https://job-boards.greenhouse.io/clara/jobs/5147511007,2026-05-27T10:44:19-04:00,2026-09-21T16:33:41-05:00,,no,titulo fuera de perfil,desarrollo,,,,nueva,
460,greenhouse:clara:5144796007,clara:accountexecutiveinternationalpaymentsfxejecutivodecuentapagosinternacionalesyfxmexicocityhybrid,Clara,greenhouse,clara,5144796007,Account Executive - International Payments & FX (Ejecutivo de Cuenta - Pagos Internacionales y FX) - Mexico City (Hybrid),Mexico City / CDMX / Mexico,https://job-boards.greenhouse.io/clara/jobs/5144796007,2026-05-21T17:48:42-04:00,2026-09-21T16:33:41-05:00,,no,titulo fuera de perfil,desarrollo,,,,nueva,
461,greenhouse:clara:5169723007,clara:accountexecutivesaasspecialistexecutivodevendasespecialistaemsaassaopaulohybrid,Clara,greenhouse,clara,5169723007,Account Executive - Saas Specialist (Executivo de Vendas - Especialista em SaaS)  – São Paulo (Hybrid),Sao Paulo / SP / Brazil,https://job-boards.greenhouse.io/clara/jobs/5169723007,2026-06-19T13:49:19-04:00,2026-09-21T16:33:41-05:00,,no,titulo fuera de perfil,desarrollo,,,,nueva,
462,greenhouse:clara:5222085007,clara:aibusinessoperationsanalystbogotahybrid,Clara,greenhouse,clara,5222085007,AI Business Operations Analyst - Bogotá (Hybrid),Bogota D.C. / DC / Colombia,https://job-boards.greenhouse.io/clara/jobs/5222085007,2026-08-26T20:23:05-04:00,2026-09-21T16:33:41-05:00,,si,ubicacion compatible,automatizacion,8.4,"stack 7.6 (bruto 19) | seniority 10 (sin_marca, automatizacion) | contexto 8","BRECHA: piden 3+ anos de experiencia || RIESGO: menciona presencial/hibrido, confirmar",nueva,
463,greenhouse:clara:5161494007,clara:aibusinessoperationsanalystmexicocityhybrid,Clara,greenhouse,clara,5161494007,AI Business Operations Analyst - Mexico City (Hybrid),Mexico City / CDMX / Mexico,https://job-boards.greenhouse.io/clara/jobs/5161494007,2026-06-11T02:18:50-04:00,2026-09-21T16:33:41-05:00,,no,ubicacion fuera de Colombia/LATAM/remoto global,automatizacion,,,,nueva,
464,greenhouse:clara:5161852007,clara:aibusinessoperationsanalystsaopaulohybrid,Clara,greenhouse,clara,5161852007,AI Business Operations Analyst - São Paulo (Hybrid),São Paulo / SP / Brasil,https://job-boards.greenhouse.io/clara/jobs/5161852007,2026-06-11T02:22:20-04:00,2026-09-21T16:33:41-05:00,,no,ubicacion fuera de Colombia/LATAM/remoto global,automatizacion,,,,nueva,
465,greenhouse:clara:5223308007,clara:aibusinessoperationsexpertbogotahybrid,Clara,greenhouse,clara,5223308007,AI Business Operations Expert - Bogotá (Hybrid),Bogota D.C. / DC / Colombia,https://job-boards.greenhouse.io/clara/jobs/5223308007,2026-08-26T20:31:59-04:00,2026-09-21T16:33:41-05:00,,si,ubicacion compatible,automatizacion,8.4,"stack 7.6 (bruto 19) | seniority 10 (sin_marca, automatizacion) | contexto 8","BRECHA: piden 7+ anos de experiencia || RIESGO: menciona presencial/hibrido, confirmar",nueva,
466,greenhouse:clara:5223307007,clara:aibusinessoperationsexpertmexicocityhybrid,Clara,greenhouse,clara,5223307007,AI Business Operations Expert - Mexico City (Hybrid),Mexico City / CDMX / Mexico,https://job-boards.greenhouse.io/clara/jobs/5223307007,2026-08-26T20:32:02-04:00,2026-09-21T16:33:41-05:00,,no,ubicacion fuera de Colombia/LATAM/remoto global,automatizacion,,,,nueva,
467,greenhouse:clara:5223309007,clara:aibusinessoperationsexpertsaopaulohybrid,Clara,greenhouse,clara,5223309007,AI Business Operations Expert - São Paulo (Hybrid),Sao Paulo / SP / Brazil,https://job-boards.greenhouse.io/clara/jobs/5223309007,2026-08-26T20:32:04-04:00,2026-09-21T16:33:41-05:00,,no,ubicacion fuera de Colombia/LATAM/remoto global,automatizacion,,,,nueva,
468,greenhouse:clara:5225032007,clara:aigrowthautomationengineerbogotahybrid,Clara,greenhouse,clara,5225032007,AI Growth Automation Engineer - Bogotá (Hybrid),Bogota D.C. / DC / Colombia,https://job-boards.greenhouse.io/clara/jobs/5225032007,2026-08-28T10:17:16-04:00,2026-09-21T16:33:41-05:00,,si,ubicacion compatible,automatizacion,9.4,"stack 8.8 (bruto 22) | seniority 10 (sin_marca, automatizacion) | contexto 10","RIESGO: exigen ingles alto || RIESGO: menciona presencial/hibrido, confirmar",nueva,
469,greenhouse:clara:5225033007,clara:aigrowthautomationengineerbuenosaireshybrid,Clara,greenhouse,clara,5225033007,AI Growth Automation Engineer - Buenos Aires (Hybrid),Buenos Aires / C / Argentina,https://job-boards.greenhouse.io/clara/jobs/5225033007,2026-08-28T10:17:18-04:00,2026-09-21T16:33:41-05:00,,no,ubicacion fuera de Colombia/LATAM/remoto global,automatizacion,,,,nueva,
470,greenhouse:clara:5224993007,clara:aigrowthautomationengineermexicocityhybrid,Clara,greenhouse,clara,5224993007,AI Growth Automation Engineer - Mexico City (Hybrid),Mexico City / CDMX / Mexico,https://job-boards.greenhouse.io/clara/jobs/5224993007,2026-08-28T10:17:19-04:00,2026-09-21T16:33:41-05:00,,no,ubicacion fuera de Colombia/LATAM/remoto global,automatizacion,,,,nueva,
471,greenhouse:clara:5225034007,clara:aigrowthautomationengineersaopaulohybrid,Clara,greenhouse,clara,5225034007,AI Growth Automation Engineer - São Paulo (Hybrid),Sao Paulo / SP / Brazil,https://job-boards.greenhouse.io/clara/jobs/5225034007,2026-08-28T10:17:22-04:00,2026-09-21T16:33:41-05:00,,no,ubicacion fuera de Colombia/LATAM/remoto global,automatizacion,,,,nueva,
472,greenhouse:clara:5215613007,clara:ainativeengineernewgradingenieroadesoftwareainativeiniciodecarreramexicocityhybrid,Clara,greenhouse,clara,5215613007,"AI-Native Engineer, New Grad (Ingeniero/a de Software AI-Native — Inicio de Carrera) - Mexico City (Hybrid)",Mexico City / CDMX / Mexico,https://job-boards.greenhouse.io/clara/jobs/5215613007,2026-08-21T19:14:08-04:00,2026-09-21T16:33:41-05:00,,no,ubicacion fuera de Colombia/LATAM/remoto global,desarrollo,,,,nueva,
473,greenhouse:clara:5241370007,clara:collectionsanalystanalistadecobrancasaopaulosphybrid,Clara,greenhouse,clara,5241370007,Collections Analyst (Analista de Cobrança) - Sao Paulo / SP (Hybrid),Sao Paulo / SP / Brazil,https://job-boards.greenhouse.io/clara/jobs/5241370007,2026-09-17T15:53:20-04:00,2026-09-21T16:33:41-05:00,,no,titulo fuera de perfil,desarrollo,,,,nueva,
474,greenhouse:clara:5214348007,clara:compliancelawyermexicocityhybrid,Clara,greenhouse,clara,5214348007,Compliance Lawyer - Mexico City (Hybrid),Mexico City / CDMX / Mexico,https://job-boards.greenhouse.io/clara/jobs/5214348007,2026-08-17T21:00:18-04:00,2026-09-21T16:33:41-05:00,,no,titulo fuera de perfil,desarrollo,,,,nueva,
475,greenhouse:clara:5147635007,clara:controldeskcreditanalystanalistademesadecontroleecreditosaopaulohybrid,Clara,greenhouse,clara,5147635007,Control Desk & Credit Analyst (Analista de Mesa de Controle e Crédito) – São Paulo (Hybrid),Sao Paulo / SP / Brazil,https://job-boards.greenhouse.io/clara/jobs/5147635007,2026-05-27T11:58:51-04:00,2026-09-21T16:33:41-05:00,,no,titulo fuera de perfil,desarrollo,,,,nueva,
476,greenhouse:clara:5199145007,clara:countryleadargentinahybrid,Clara,greenhouse,clara,5199145007,Country Lead - Argentina (Hybrid),Buenos Aires / Argentina,https://job-boards.greenhouse.io/clara/jobs/5199145007,2026-07-29T22:29:03-04:00,2026-09-21T16:33:41-05:00,,no,titulo fuera de perfil,desarrollo,,,,nueva,
477,greenhouse:clara:5236423007,clara:countrymanagermexicocityhybrid,Clara,greenhouse,clara,5236423007,Country Manager - Mexico City (Hybrid),Mexico City / CMX / Mexico,https://job-boards.greenhouse.io/clara/jobs/5236423007,2026-09-12T12:18:23-04:00,2026-09-21T16:33:41-05:00,,no,titulo fuera de perfil,desarrollo,,,,nueva,
478,greenhouse:clara:5218831007,clara:creditriskexpertexpertoaenriesgodecreditohybrid,Clara,greenhouse,clara,5218831007,Credit Risk Expert (Experto/a en Riesgo de Crédito) - Hybrid,Bogota / CUN / Colombia; Bogota D.C. / DC / Colombia,https://job-boards.greenhouse.io/clara/jobs/5218831007,2026-08-21T14:26:15-04:00,2026-09-21T16:33:41-05:00,,no,titulo fuera de perfil,desarrollo,,,,nueva,
479,greenhouse:clara:5218829007,clara:creditriskexpertexpertoaenriesgodecreditohybrid,Clara,greenhouse,clara,5218829007,Credit Risk Expert (Experto/a en Riesgo de Crédito) - Hybrid,Mexico City / CDMX / Mexico; Toluca / MEX / Mexico,https://job-boards.greenhouse.io/clara/jobs/5218829007,2026-08-21T14:26:12-04:00,2026-09-21T16:33:41-05:00,,no,titulo fuera de perfil,desarrollo,,,,nueva,
480,greenhouse:clara:5209694007,clara:customerhappinessassociateanalistadeexperienciadoclientesaopaulohybrid,Clara,greenhouse,clara,5209694007,Customer Happiness Associate (Analista de Experiência do Cliente) – São Paulo (Hybrid),Sao Paulo / SP / Brazil,https://job-boards.greenhouse.io/clara/jobs/5209694007,2026-08-14T13:38:54-04:00,2026-09-21T16:33:41-05:00,,no,titulo fuera de perfil,desarrollo,,,,nueva,
481,greenhouse:clara:4305934007,clara:customerhappinessassociateasociadoadeatencionalclienteciudaddemexicohybrid,Clara,greenhouse,clara,4305934007,Customer Happiness Associate (Asociado/a de Atención al Cliente) – Ciudad de México (Hybrid),Mexico City / CDMX / Mexico,https://job-boards.greenhouse.io/clara/jobs/4305934007,2024-03-15T17:30:22-04:00,2026-09-21T16:33:41-05:00,,no,titulo fuera de perfil,desarrollo,,,,nueva,
482,greenhouse:clara:4289195007,clara:customerhappinessassociateasociadoadeatencionalclientecolombiahybrid,Clara,greenhouse,clara,4289195007,Customer Happiness Associate (Asociado/a de Atención al Cliente) – Colombia (Hybrid),Bogota / CUN / Colombia,https://job-boards.greenhouse.io/clara/jobs/4289195007,2024-03-07T17:45:54-05:00,2026-09-21T16:33:41-05:00,,no,titulo fuera de perfil,desarrollo,,,,nueva,
483,greenhouse:clara:5146529007,clara:customerhappinessassociateexclusiveforpeoplewithdisabilitiespwdanalistadeexperienciadoclienteexclusivaparapcdsaopaulohybrid,Clara,greenhouse,clara,5146529007,Customer Happiness Associate - Exclusive for People with Disabilities - PWD (Analista de Experiência do Cliente - Exclusiva para PCD) – São Paulo (Hybrid),Sao Paulo / SP / Brazil,https://job-boards.greenhouse.io/clara/jobs/5146529007,2026-05-26T12:32:32-04:00,2026-09-21T16:33:41-05:00,,no,titulo fuera de perfil,desarrollo,,,,nueva,
484,greenhouse:clara:5221940007,clara:customerhappinessassociateweekendsanalistadeexperienciadoclientefinaisdesemanasaopaulohybrid,Clara,greenhouse,clara,5221940007,Customer Happiness Associate - Weekends (Analista de Experiência do Cliente - Finais de Semana) – São Paulo (Hybrid),Sao Paulo / SP / Brazil,https://job-boards.greenhouse.io/clara/jobs/5221940007,2026-08-25T17:28:22-04:00,2026-09-21T16:33:41-05:00,,no,titulo fuera de perfil,desarrollo,,,,nueva,
485,greenhouse:clara:5241598007,clara:customersuccessassociateguadalajarahybrid,Clara,greenhouse,clara,5241598007,Customer Success Associate - Guadalajara (Hybrid),Guadalajara / JAL / Mexico,https://job-boards.greenhouse.io/clara/jobs/5241598007,2026-09-17T18:28:57-04:00,2026-09-21T16:33:41-05:00,,no,titulo fuera de perfil,desarrollo,,,,nueva,
486,greenhouse:clara:5121966007,clara:customersuccessassociatemexicocityhybrid,Clara,greenhouse,clara,5121966007,Customer Success Associate - Mexico City (Hybrid),Mexico City / CDMX / Mexico,https://job-boards.greenhouse.io/clara/jobs/5121966007,2026-05-13T18:19:09-04:00,2026-09-21T16:33:41-05:00,,no,titulo fuera de perfil,desarrollo,,,,nueva,
487,greenhouse:clara:5241601007,clara:customersuccessassociatemonterreyhybrid,Clara,greenhouse,clara,5241601007,Customer Success Associate - Monterrey (Hybrid),Monterrey / NLE / Mexico,https://job-boards.greenhouse.io/clara/jobs/5241601007,2026-09-17T18:46:53-04:00,2026-09-21T16:33:41-05:00,,no,titulo fuera de perfil,desarrollo,,,,nueva,
488,greenhouse:clara:5219531007,clara:customersuccessmanagerguadalajarahybridremote,Clara,greenhouse,clara,5219531007,Customer Success Manager - Guadalajara (Hybrid/Remote),Guadalajara / JAL / Mexico,https://job-boards.greenhouse.io/clara/jobs/5219531007,,2026-09-21T16:33:41-05:00,,no,titulo fuera de perfil,desarrollo,,,,nueva,
489,greenhouse:clara:5195741007,clara:customersuccessoperationsassociateassociadodeoperacoesdecustomersuccesssaopaulohybrid,Clara,greenhouse,clara,5195741007,Customer Success Operations Associate (Associado de Operações de Customer Success) - São Paulo (Hybrid),Sao Paulo / SP / Brazil,https://job-boards.greenhouse.io/clara/jobs/5195741007,2026-07-24T12:33:46-04:00,2026-09-21T16:33:41-05:00,,no,titulo fuera de perfil,automatizacion,,,,nueva,
490,greenhouse:clara:5205085007,clara:dataanalystanalistadedatoshybrid,Clara,greenhouse,clara,5205085007,Data Analyst (Analista de Datos) - Hybrid,Bogota / CUN / Colombia; Bogota D.C. / DC / Colombia; Mexico City / CDMX / Mexico; Sao Paulo / SP / Brazil,https://job-boards.greenhouse.io/clara/jobs/5205085007,2026-08-05T18:51:34-04:00,2026-09-21T16:33:41-05:00,,si,ubicacion compatible,desarrollo,4.4,"stack 2.0 (bruto 5) | seniority 6 (sin_marca, desarrollo) | contexto 8","RIESGO: menciona presencial/hibrido, confirmar",nueva,
491,greenhouse:clara:5145371007,clara:datascientistcientificodedatoshybrid,Clara,greenhouse,clara,5145371007,Data Scientist (Científico de Datos) - Hybrid,Bogota / CUN / Colombia; Mexico City / CDMX / Mexico; Sao Paulo / SP / Brazil,https://job-boards.greenhouse.io/clara/jobs/5145371007,2026-05-22T12:33:32-04:00,2026-09-21T16:33:41-05:00,,si,ubicacion compatible,desarrollo,0,"stack 1.6 (bruto 4) | seniority 6 (sin_marca, desarrollo) | contexto 8","KNOCKOUT: stack 1.6 bajo el piso de 2.0 || BRECHA: piden 3+ anos de experiencia || RIESGO: menciona presencial/hibrido, confirmar",nueva,
492,greenhouse:clara:5088104007,clara:enterpriseaccountexecutiveejecutivodecuentasenterprisecalihybrid,Clara,greenhouse,clara,5088104007,Enterprise Account Executive (Ejecutivo de Cuentas Enterprise) - Cali [Hybrid],Cali / VAC / Colombia,https://job-boards.greenhouse.io/clara/jobs/5088104007,2026-08-03T11:35:55-04:00,2026-09-21T16:33:41-05:00,,no,titulo fuera de perfil,desarrollo,,,,nueva,
493,greenhouse:clara:4867084007,clara:enterpriseaccountexecutiveejecutivodecuentasenterprisemexicocityhybrid,Clara,greenhouse,clara,4867084007,Enterprise Account Executive (Ejecutivo de Cuentas Enterprise) - Mexico City (Hybrid),Mexico City / CDMX / Mexico,https://job-boards.greenhouse.io/clara/jobs/4867084007,2025-09-09T11:52:29-04:00,2026-09-21T16:33:41-05:00,,no,titulo fuera de perfil,desarrollo,,,,nueva,
494,greenhouse:clara:5147561007,clara:enterpriseaccountexecutiveexecutivodevendasenterprisesaopaulohybrid,Clara,greenhouse,clara,5147561007,Enterprise Account Executive (Executivo de Vendas Enterprise) - São Paulo (Hybrid),Sao Paulo / SP / Brazil,https://job-boards.greenhouse.io/clara/jobs/5147561007,2026-05-27T11:04:43-04:00,2026-09-21T16:33:41-05:00,,no,titulo fuera de perfil,desarrollo,,,,nueva,
495,greenhouse:clara:5225008007,clara:enterprisesalesleadliderdevendasenterprisesaopaulohybrid,Clara,greenhouse,clara,5225008007,Enterprise Sales Lead (Líder de Vendas Enterprise) - São Paulo (Hybrid),Sao Paulo / SP / Brazil,https://job-boards.greenhouse.io/clara/jobs/5225008007,2026-08-28T09:48:48-04:00,2026-09-21T16:33:41-05:00,,no,titulo fuera de perfil,desarrollo,,,,nueva,
496,greenhouse:clara:5218842007,clara:especialistaemriscodecreditocreditriskexperthibrido,Clara,greenhouse,clara,5218842007,Especialista em Risco de Crédito (Credit Risk Expert) - Híbrido,Sao Paulo / SP / Brazil,https://job-boards.greenhouse.io/clara/jobs/5218842007,2026-08-21T14:26:17-04:00,2026-09-21T16:33:41-05:00,,no,titulo fuera de perfil,desarrollo,,,,nueva,
497,greenhouse:clara:5204917007,clara:fullstacksoftwareengineeringenierodesoftwarefullstack,Clara,greenhouse,clara,5204917007,Fullstack Software Engineer  - [Ingeniero de Software Fullstack ],Bogota / CUN / Colombia,https://job-boards.greenhouse.io/clara/jobs/5204917007,2026-08-12T14:14:45-04:00,2026-09-21T16:33:41-05:00,,si,ubicacion compatible,desarrollo,5.4,"stack 4.0 (bruto 10) | seniority 6 (sin_marca, desarrollo) | contexto 8","BRECHA: piden 4+ anos de experiencia || RIESGO: menciona presencial/hibrido, confirmar",nueva,
498,greenhouse:clara:5204918007,clara:fullstacksoftwareengineeringenierodesoftwarefullstack,Clara,greenhouse,clara,5204918007,Fullstack Software Engineer - [Ingeniero de Software Fullstack ],São Paulo / SP / Brasil,https://job-boards.greenhouse.io/clara/jobs/5204918007,2026-08-11T13:22:47-04:00,2026-09-21T16:33:41-05:00,,no,ubicacion fuera de Colombia/LATAM/remoto global,desarrollo,,,,nueva,
499,greenhouse:clara:5204916007,clara:fullstacksoftwareengineeringenierodesoftwarefullstack,Clara,greenhouse,clara,5204916007,Fullstack Software Engineer - [Ingeniero de Software Fullstack ],Mexico City / CDMX / Mexico,https://job-boards.greenhouse.io/clara/jobs/5204916007,2026-08-05T16:57:04-04:00,2026-09-21T16:33:41-05:00,,no,ubicacion fuera de Colombia/LATAM/remoto global,desarrollo,,,,nueva,
500,greenhouse:clara:5222043007,clara:globalheadofcustomerhappinessmexicocityhybrid,Clara,greenhouse,clara,5222043007,Global Head of Customer Happiness - Mexico City (Hybrid),Mexico City / CDMX / Mexico,https://job-boards.greenhouse.io/clara/jobs/5222043007,2026-08-25T19:08:13-04:00,2026-09-21T16:33:41-05:00,,no,titulo fuera de perfil,desarrollo,,,,nueva,
501,greenhouse:clara:5222047007,clara:globalheadofcustomerhappinesssaopaulohybrid,Clara,greenhouse,clara,5222047007,Global Head of Customer Happiness - São Paulo (Hybrid),Sao Paulo / SP / Brazil,https://job-boards.greenhouse.io/clara/jobs/5222047007,2026-08-25T19:08:11-04:00,2026-09-21T16:33:41-05:00,,no,titulo fuera de perfil,desarrollo,,,,nueva,
502,greenhouse:clara:5219624007,clara:growthdesigneraifocusedbogotahybrid,Clara,greenhouse,clara,5219624007,Growth Designer (AI Focused) - Bogotá (Hybrid),Bogota / CUN / Colombia; Bogota D.C. / DC / Colombia,https://job-boards.greenhouse.io/clara/jobs/5219624007,2026-08-23T23:32:54-04:00,2026-09-21T16:33:41-05:00,,si,ubicacion compatible,desarrollo,6,"stack 5.2 (bruto 13) | seniority 6 (sin_marca, desarrollo) | contexto 8","RIESGO: menciona presencial/hibrido, confirmar",nueva,
503,greenhouse:clara:5219620007,clara:growthdesigneraifocusedmexicocityhybrid,Clara,greenhouse,clara,5219620007,Growth Designer (AI Focused) - Mexico City (Hybrid),Mexico City / CDMX / Mexico,https://job-boards.greenhouse.io/clara/jobs/5219620007,2026-08-23T23:32:03-04:00,2026-09-21T16:33:41-05:00,,no,ubicacion fuera de Colombia/LATAM/remoto global,desarrollo,,,,nueva,
504,greenhouse:clara:5219625007,clara:growthdesigneraifocusedsaopaulohybrid,Clara,greenhouse,clara,5219625007,Growth Designer (AI Focused) - São Paulo (Hybrid),São Paulo / SP / Brasil,https://job-boards.greenhouse.io/clara/jobs/5219625007,2026-08-23T23:33:42-04:00,2026-09-21T16:33:41-05:00,,no,ubicacion fuera de Colombia/LATAM/remoto global,desarrollo,,,,nueva,
505,greenhouse:clara:5228837007,clara:headofbrandbogotahybrid,Clara,greenhouse,clara,5228837007,Head of Brand - Bogotá (Hybrid),Bogota D.C. / DC / Colombia,https://job-boards.greenhouse.io/clara/jobs/5228837007,2026-09-02T15:23:43-04:00,2026-09-21T16:33:41-05:00,,no,titulo fuera de perfil,desarrollo,,,,nueva,
506,greenhouse:clara:5228838007,clara:headofbrandmexicocityhybrid,Clara,greenhouse,clara,5228838007,Head of Brand - México City  (Hybrid),Mexico City / CDMX / Mexico,https://job-boards.greenhouse.io/clara/jobs/5228838007,2026-09-02T15:23:50-04:00,2026-09-21T16:33:41-05:00,,no,titulo fuera de perfil,desarrollo,,,,nueva,
507,greenhouse:clara:5228839007,clara:headofbrandsaopaulohybrid,Clara,greenhouse,clara,5228839007,Head of Brand - São Paulo (Hybrid),Sao Paulo / SP / Brazil,https://job-boards.greenhouse.io/clara/jobs/5228839007,2026-09-02T15:23:56-04:00,2026-09-21T16:33:41-05:00,,no,titulo fuera de perfil,desarrollo,,,,nueva,
508,greenhouse:clara:4305997007,clara:keyaccountmanagerejecutivodecuentasclavebogotahybrid,Clara,greenhouse,clara,4305997007,Key Account Manager (Ejecutivo de Cuentas Clave) – Bogotá (Hybrid),Bogota / CUN / Colombia,https://job-boards.greenhouse.io/clara/jobs/4305997007,2024-03-15T17:33:05-04:00,2026-09-21T16:33:41-05:00,,no,titulo fuera de perfil,desarrollo,,,,nueva,
509,greenhouse:clara:4306062007,clara:keyaccountmanagerejecutivodecuentasclaveciudaddemexicohybrid,Clara,greenhouse,clara,4306062007,Key Account Manager (Ejecutivo de Cuentas Clave) - Ciudad de México (Hybrid),Mexico City / CDMX / Mexico,https://job-boards.greenhouse.io/clara/jobs/4306062007,2024-03-15T17:36:18-04:00,2026-09-21T16:33:41-05:00,,no,titulo fuera de perfil,desarrollo,,,,nueva,
510,greenhouse:clara:5141446007,clara:keyaccountmanagergerentedecontasestrategicassaopaulohybrid,Clara,greenhouse,clara,5141446007,Key Account Manager (Gerente de Contas Estratégicas) - São Paulo (Hybrid),Sao Paulo / SP / Brazil,https://job-boards.greenhouse.io/clara/jobs/5141446007,2026-05-19T10:05:47-04:00,2026-09-21T16:33:41-05:00,,no,titulo fuera de perfil,desarrollo,,,,nueva,
511,greenhouse:clara:5219528007,clara:keyaccountmanagermonterreyhybridremote,Clara,greenhouse,clara,5219528007,Key Account Manager - Monterrey (Hybrid/Remote),Monterrey / NLE / Mexico,https://job-boards.greenhouse.io/clara/jobs/5219528007,,2026-09-21T16:33:41-05:00,,no,titulo fuera de perfil,desarrollo,,,,nueva,
512,greenhouse:clara:5242305007,clara:keyaccountmanagersouthregiongerentedecontasestrategicasregiaosulportoalegrersbrhybrid,Clara,greenhouse,clara,5242305007,Key Account Manager South Region (Gerente de Contas Estratégicas Região Sul) - Porto Alegre / RS / Br (Hybrid),Porto Alegre / RS / Brazil,https://job-boards.greenhouse.io/clara/jobs/5242305007,2026-09-18T14:03:07-04:00,2026-09-21T16:33:41-05:00,,no,titulo fuera de perfil,desarrollo,,,,nueva,
513,greenhouse:clara:5230016007,clara:legalcomplianceexpertsaopaulohybrid,Clara,greenhouse,clara,5230016007,Legal & Compliance Expert - São Paulo (Hybrid),Sao Paulo / SP / Brazil,https://job-boards.greenhouse.io/clara/jobs/5230016007,2026-09-03T11:57:54-04:00,2026-09-21T16:33:41-05:00,,no,titulo fuera de perfil,desarrollo,,,,nueva,
514,greenhouse:clara:4990506007,clara:legalspecialistespecialistalegalbogotahybrid,Clara,greenhouse,clara,4990506007,Legal Specialist (Especialista Legal) - Bogotá (Hybrid),Bogotá / CUN / Colombia; Bogotá D.C. / DC / Colombia,https://job-boards.greenhouse.io/clara/jobs/4990506007,2025-11-24T08:01:21-05:00,2026-09-21T16:33:41-05:00,,no,titulo fuera de perfil,desarrollo,,,,nueva,
515,greenhouse:clara:5170804007,clara:legalspecialistespecialistalegalmexicocityhybrid,Clara,greenhouse,clara,5170804007,Legal Specialist (Especialista Legal) - Mexico City (Hybrid),Mexico City / CDMX / Mexico,https://job-boards.greenhouse.io/clara/jobs/5170804007,2026-06-22T16:07:44-04:00,2026-09-21T16:33:41-05:00,,no,titulo fuera de perfil,desarrollo,,,,nueva,
516,greenhouse:clara:5174201007,clara:midmarketaccountexecutiveejecutivodecuentasmidmarketmexicocityhybrid,Clara,greenhouse,clara,5174201007,Mid-Market Account Executive (Ejecutivo de Cuentas Mid-Market) - Mexico City (Hybrid),Mexico City / CDMX / Mexico,https://job-boards.greenhouse.io/clara/jobs/5174201007,2026-06-25T15:20:00-04:00,2026-09-21T16:33:41-05:00,,no,titulo fuera de perfil,desarrollo,,,,nueva,
517,greenhouse:clara:5169732007,clara:paidmediaspecialistbogotahybrid,Clara,greenhouse,clara,5169732007,Paid Media Specialist- Bogotá (Hybrid),Bogota / CUN / Colombia,https://job-boards.greenhouse.io/clara/jobs/5169732007,2026-06-19T14:14:31-04:00,2026-09-21T16:33:41-05:00,,no,titulo fuera de perfil,desarrollo,,,,nueva,
518,greenhouse:clara:5169725007,clara:paidmediaspecialistmexicocityhybrid,Clara,greenhouse,clara,5169725007,Paid Media Specialist - Mexico City (Hybrid),Mexico City / CDMX / Mexico,https://job-boards.greenhouse.io/clara/jobs/5169725007,2026-06-19T14:14:29-04:00,2026-09-21T16:33:41-05:00,,no,titulo fuera de perfil,desarrollo,,,,nueva,
519,greenhouse:clara:5239424007,clara:partnershipsexpertchannelvarsaccountantssaopaulohybrid,Clara,greenhouse,clara,5239424007,"Partnerships Expert, Channel (VARs & Accountants) - São Paulo (Hybrid)",Sao Paulo / SP / Brazil,https://job-boards.greenhouse.io/clara/jobs/5239424007,2026-09-17T16:46:51-04:00,2026-09-21T16:33:41-05:00,,no,titulo fuera de perfil,desarrollo,,,,nueva,
520,greenhouse:clara:5156306007,clara:partnershipsexpertcolombiaexpertocomercialdealianzasestrategicasbogotahybrid,Clara,greenhouse,clara,5156306007,Partnerships Expert Colombia [Experto comercial de alianzas estratégicas] - Bogotá [Hybrid],Bogota D.C. / DC / Colombia,https://job-boards.greenhouse.io/clara/jobs/5156306007,2026-06-04T18:02:16-04:00,2026-09-21T16:33:41-05:00,,no,titulo fuera de perfil,desarrollo,,,,nueva,
521,greenhouse:clara:5238319007,clara:partnershipsexpertfinancingmexicocityhybrid,Clara,greenhouse,clara,5238319007,Partnerships Expert (Financing) - Mexico City (Hybrid),Mexico City / CMX / Mexico,https://job-boards.greenhouse.io/clara/jobs/5238319007,2026-09-14T19:44:33-04:00,2026-09-21T16:33:41-05:00,,no,titulo fuera de perfil,desarrollo,,,,nueva,
522,greenhouse:clara:5239417007,clara:partnershipsexperttravelpaysaopaulohybrid,Clara,greenhouse,clara,5239417007,Partnerships Expert (TravelPay) - São Paulo (Hybrid),Sao Paulo / SP / Brazil,https://job-boards.greenhouse.io/clara/jobs/5239417007,2026-09-17T16:48:19-04:00,2026-09-21T16:33:41-05:00,,no,titulo fuera de perfil,desarrollo,,,,nueva,
523,greenhouse:clara:5238297007,clara:partnershipsexpertvarsaccountantsmexicocityhybrid,Clara,greenhouse,clara,5238297007,Partnerships Expert (VARs & Accountants) - Mexico City (Hybrid),Mexico City / CMX / Mexico,https://job-boards.greenhouse.io/clara/jobs/5238297007,2026-09-14T19:34:11-04:00,2026-09-21T16:33:41-05:00,,no,titulo fuera de perfil,desarrollo,,,,nueva,
524,greenhouse:clara:5117591007,clara:partnershipsleadliderdeparceriassaopaulohybrid,Clara,greenhouse,clara,5117591007,Partnerships Lead (Líder de Parcerias) - São Paulo (Hybrid),Sao Paulo / SP / Brazil,https://job-boards.greenhouse.io/clara/jobs/5117591007,2026-04-22T14:19:05-04:00,2026-09-21T16:33:41-05:00,,no,titulo fuera de perfil,desarrollo,,,,nueva,
525,greenhouse:clara:5234148007,clara:peoplepartnerhrbpmexicocity,Clara,greenhouse,clara,5234148007,People Partner (HRBP)  - Mexico City,Mexico City / CDMX / Mexico,https://job-boards.greenhouse.io/clara/jobs/5234148007,2026-09-09T19:31:58-04:00,2026-09-21T16:33:41-05:00,,no,titulo fuera de perfil,desarrollo,,,,nueva,
526,greenhouse:clara:5230221007,clara:productdesignerassociatedesignerdeprodutoassociadosaopaulohybrid,Clara,greenhouse,clara,5230221007,Product Designer Associate (Designer de Produto Associado) - São Paulo [Hybrid],Sao Paulo / SP / Brazil,https://job-boards.greenhouse.io/clara/jobs/5230221007,2026-09-03T14:43:20-04:00,2026-09-21T16:33:41-05:00,,no,titulo fuera de perfil,desarrollo,,,,nueva,
527,greenhouse:clara:5230220007,clara:productdesignerassociatedisenadorasociadodeproductobogotahybrid,Clara,greenhouse,clara,5230220007,Product Designer Associate (Diseñador asociado de Producto) - Bogotá [Hybrid],Bogota D.C. / DC / Colombia,https://job-boards.greenhouse.io/clara/jobs/5230220007,2026-09-03T14:43:23-04:00,2026-09-21T16:33:41-05:00,,no,titulo fuera de perfil,desarrollo,,,,nueva,
528,greenhouse:clara:5230243007,clara:productdesignerassociatedisenadorasociadodeproductomexicocityhybrid,Clara,greenhouse,clara,5230243007,Product Designer Associate (Diseñador asociado de Producto) - México City (Hybrid),Mexico City / CDMX / Mexico,https://job-boards.greenhouse.io/clara/jobs/5230243007,2026-09-03T14:43:26-04:00,2026-09-21T16:33:41-05:00,,no,titulo fuera de perfil,desarrollo,,,,nueva,
529,greenhouse:clara:5134418007,clara:productleadbillpaymexicospei,Clara,greenhouse,clara,5134418007,"Product Lead, BillPay Mexico (SPEI)",Mexico City / CMX / Mexico,https://job-boards.greenhouse.io/clara/jobs/5134418007,2026-09-14T11:33:00-04:00,2026-09-21T16:33:41-05:00,,no,titulo fuera de perfil,desarrollo,,,,nueva,
530,greenhouse:clara:5142956007,clara:productleadliderdeproductolatam,Clara,greenhouse,clara,5142956007,Product Lead (Líder de Producto) - LATAM,Bogotá / CUN / Colombia,https://job-boards.greenhouse.io/clara/jobs/5142956007,2026-05-20T19:38:10-04:00,2026-09-21T16:33:41-05:00,,no,titulo fuera de perfil,desarrollo,,,,nueva,
531,greenhouse:clara:5142970007,clara:productleadliderdeproductolatam,Clara,greenhouse,clara,5142970007,Product Lead (Líder de Producto) - LATAM,São Paulo / SP / Brasil,https://job-boards.greenhouse.io/clara/jobs/5142970007,2026-05-20T19:38:15-04:00,2026-09-21T16:33:41-05:00,,no,titulo fuera de perfil,desarrollo,,,,nueva,
532,greenhouse:clara:5142952007,clara:productleadliderdeproductolatam,Clara,greenhouse,clara,5142952007,Product Lead (Líder de Producto) - LATAM,Mexico City / CDMX / Mexico,https://job-boards.greenhouse.io/clara/jobs/5142952007,2026-05-20T12:46:44-04:00,2026-09-21T16:33:41-05:00,,no,titulo fuera de perfil,desarrollo,,,,nueva,
533,greenhouse:clara:5136291007,clara:productleadliderdeproductolatam,Clara,greenhouse,clara,5136291007,Product Lead (Líder de Producto) - LATAM,Bogota / CUN / Colombia; Mexico City / CDMX / Mexico; Sao Paulo / SP / Brazil,https://job-boards.greenhouse.io/clara/jobs/5136291007,2026-05-12T22:29:36-04:00,2026-09-21T16:33:41-05:00,,no,titulo fuera de perfil,desarrollo,,,,nueva,
534,greenhouse:clara:5153328007,clara:productleadrisk,Clara,greenhouse,clara,5153328007,Product Lead - Risk,Bogota / CUN / Colombia,https://job-boards.greenhouse.io/clara/jobs/5153328007,2026-06-02T15:30:21-04:00,2026-09-21T16:33:41-05:00,,no,titulo fuera de perfil,desarrollo,,,,nueva,
535,greenhouse:clara:5220436007,clara:salesdevelopmentrepresentativeaiautomationbogotahybrid,Clara,greenhouse,clara,5220436007,Sales Development Representative (AI & Automation) - Bogotá (Hybrid),Bogota / CUN / Colombia; Bogota D.C. / DC / Colombia,https://job-boards.greenhouse.io/clara/jobs/5220436007,2026-08-24T16:16:21-04:00,2026-09-21T16:33:41-05:00,,si,ubicacion compatible,automatizacion,7.4,"stack 5.6 (bruto 14) | seniority 10 (sin_marca, automatizacion) | contexto 8","RIESGO: menciona presencial/hibrido, confirmar",nueva,
536,greenhouse:clara:5190561007,clara:salesdevelopmentrepresentativeaiautomationmexicocityhybrid,Clara,greenhouse,clara,5190561007,Sales Development Representative (AI & Automation) - Mexico City (Hybrid),Mexico City / CDMX / Mexico,https://job-boards.greenhouse.io/clara/jobs/5190561007,2026-07-19T14:20:31-04:00,2026-09-21T16:33:41-05:00,,no,ubicacion fuera de Colombia/LATAM/remoto global,automatizacion,,,,nueva,
537,greenhouse:clara:5209793007,clara:salesleadliderdeventasregionalaguascalientesterritoryhybridremote,Clara,greenhouse,clara,5209793007,Sales Lead [Líder de Ventas Regional] - Aguascalientes Territory (Hybrid/Remote),Aguascalientes / AGU / Mexico,https://job-boards.greenhouse.io/clara/jobs/5209793007,2026-08-11T16:45:00-04:00,2026-09-21T16:33:41-05:00,,no,titulo fuera de perfil,desarrollo,,,,nueva,
538,greenhouse:clara:4721588007,clara:salesleadliderdeventasregionalchihuahuaterritoryhybridremote,Clara,greenhouse,clara,4721588007,Sales Lead [Líder de Ventas Regional] - Chihuahua Territory (Hybrid/Remote),Chihuahua / CHH / Mexico,https://job-boards.greenhouse.io/clara/jobs/4721588007,2025-04-29T14:19:50-04:00,2026-09-21T16:33:41-05:00,,no,titulo fuera de perfil,desarrollo,,,,nueva,
539,greenhouse:clara:5147317007,clara:salesleadliderdeventasregionalguadalajaraterritoryhybridremote,Clara,greenhouse,clara,5147317007,Sales Lead [Líder de Ventas Regional] - Guadalajara Territory (Hybrid/Remote),Guadalajara / JAL / Mexico,https://job-boards.greenhouse.io/clara/jobs/5147317007,2026-05-27T02:35:50-04:00,2026-09-21T16:33:41-05:00,,no,titulo fuera de perfil,desarrollo,,,,nueva,
540,greenhouse:clara:5209736007,clara:salesleadliderdeventasregionalhermosilloterritoryhybridremote,Clara,greenhouse,clara,5209736007,Sales Lead [Líder de Ventas Regional] - Hermosillo Territory (Hybrid/Remote),Hermosillo / SON / Mexico,https://job-boards.greenhouse.io/clara/jobs/5209736007,2026-08-11T16:20:26-04:00,2026-09-21T16:33:41-05:00,,no,titulo fuera de perfil,desarrollo,,,,nueva,
541,greenhouse:clara:5209727007,clara:salesleadliderdeventasregionalleonterritoryhybridremote,Clara,greenhouse,clara,5209727007,Sales Lead [Líder de Ventas Regional] - León Territory (Hybrid/Remote),Guanajuato / GUA / Mexico,https://job-boards.greenhouse.io/clara/jobs/5209727007,2026-08-11T16:09:08-04:00,2026-09-21T16:33:41-05:00,,no,titulo fuera de perfil,desarrollo,,,,nueva,
542,greenhouse:clara:5231801007,clara:salesleadliderdeventasregionalmonterreyhybridremote,Clara,greenhouse,clara,5231801007,Sales Lead (Líder de Ventas Regional) - Monterrey (Hybrid/Remote),Monterrey / NLE / Mexico,https://job-boards.greenhouse.io/clara/jobs/5231801007,2026-09-05T09:55:20-04:00,2026-09-21T16:33:41-05:00,,no,titulo fuera de perfil,desarrollo,,,,nueva,
543,greenhouse:clara:5209720007,clara:salesleadliderdeventasregionalpueblaterritoryhybridremote,Clara,greenhouse,clara,5209720007,Sales Lead [Líder de Ventas Regional] - Puebla Territory (Hybrid/Remote),Puebla / PUE / Mexico,https://job-boards.greenhouse.io/clara/jobs/5209720007,2026-08-11T16:04:41-04:00,2026-09-21T16:33:41-05:00,,no,titulo fuera de perfil,desarrollo,,,,nueva,
544,greenhouse:clara:4721622007,clara:salesleadliderdeventasregionalqueretaroterritoryhybridremote,Clara,greenhouse,clara,4721622007,Sales Lead [Líder de Ventas Regional] - Querétaro Territory (Hybrid/Remote),Querétaro / QUE / Mexico,https://job-boards.greenhouse.io/clara/jobs/4721622007,2025-04-29T14:25:50-04:00,2026-09-21T16:33:41-05:00,,no,titulo fuera de perfil,desarrollo,,,,nueva,
545,greenhouse:clara:4721637007,clara:salesleadliderdeventasregionaltijuanaterritoryhybrid,Clara,greenhouse,clara,4721637007,Sales Lead [Líder de Ventas Regional] - Tijuana Territory (Hybrid),Mexico City / CDMX / Mexico,https://job-boards.greenhouse.io/clara/jobs/4721637007,2025-04-29T14:37:09-04:00,2026-09-21T16:33:41-05:00,,no,titulo fuera de perfil,desarrollo,,,,nueva,
546,greenhouse:clara:5209702007,clara:salesleadliderdeventasregionaltolucaterritoryhybrid,Clara,greenhouse,clara,5209702007,Sales Lead [Líder de Ventas Regional] - Toluca Territory (Hybrid),Toluca / MEX / Mexico,https://job-boards.greenhouse.io/clara/jobs/5209702007,2026-08-11T15:59:06-04:00,2026-09-21T16:33:41-05:00,,no,titulo fuera de perfil,desarrollo,,,,nueva,
547,greenhouse:clara:5209758007,clara:salesleadliderdeventasregionalveracruzterritoryhybridremote,Clara,greenhouse,clara,5209758007,Sales Lead [Líder de Ventas Regional] - Veracruz Territory (Hybrid/Remote),Xalapa / VER / Mexico,https://job-boards.greenhouse.io/clara/jobs/5209758007,2026-08-11T16:32:06-04:00,2026-09-21T16:33:41-05:00,,no,titulo fuera de perfil,desarrollo,,,,nueva,
548,greenhouse:clara:5236274007,clara:securityengineerearlycareeringenieroadeseguridadcarreratempranamexicocityhybrid,Clara,greenhouse,clara,5236274007,Security Engineer (Early Career) (Ingeniero/a de Seguridad - Carrera Temprana) - Mexico City (Hybrid),Mexico City / CDMX / Mexico,https://job-boards.greenhouse.io/clara/jobs/5236274007,2026-09-11T19:43:07-04:00,2026-09-21T16:33:41-05:00,,no,ubicacion fuera de Colombia/LATAM/remoto global,desarrollo,,,,nueva,
549,greenhouse:clara:5236289007,clara:securityengineeringenieroadeseguridad,Clara,greenhouse,clara,5236289007,Security Engineer (Ingeniero/a de Seguridad),Bogota D.C. / DC / Colombia; Mexico City / CDMX / Mexico,https://job-boards.greenhouse.io/clara/jobs/5236289007,2026-09-11T20:03:50-04:00,2026-09-21T16:33:41-05:00,,si,ubicacion compatible,desarrollo,6.5,"stack 5.4 (bruto 13.5) | seniority 6 (sin_marca, desarrollo) | contexto 10","RIESGO: menciona presencial/hibrido, confirmar",nueva,
550,greenhouse:clara:5235807007,clara:seniorauthengineerusersauth,Clara,greenhouse,clara,5235807007,Senior Auth Engineer — Users & Auth,Latin America,https://job-boards.greenhouse.io/clara/jobs/5235807007,2026-09-11T14:42:28-04:00,2026-09-21T16:33:41-05:00,,si,ubicacion compatible,desarrollo,0,"stack 0.8 (bruto 2) | seniority 3 (senior, desarrollo) | contexto 8","KNOCKOUT: stack 0.8 bajo el piso de 2.0 || BRECHA: titulo 'senior' en rol de desarrollo || RIESGO: menciona presencial/hibrido, confirmar",nueva,
551,greenhouse:clara:5150839007,clara:seniorbackendengineeringenierobackendseniorhybrid,Clara,greenhouse,clara,5150839007,Senior Backend Engineer (Ingeniero Backend Senior) - Hybrid,Bogota / CUN / Colombia; Mexico City / CDMX / Mexico; Sao Paulo / SP / Brazil,https://job-boards.greenhouse.io/clara/jobs/5150839007,2026-05-30T01:24:42-04:00,2026-09-21T16:33:41-05:00,2026-09-23,si,ubicacion compatible,desarrollo,3.7,"stack 2.4 (bruto 6) | seniority 3 (senior, desarrollo) | contexto 8","BRECHA: titulo 'senior' en rol de desarrollo || BRECHA: piden 5+ anos de experiencia || RIESGO: menciona presencial/hibrido, confirmar",nueva,
552,greenhouse:clara:5204462007,clara:seniorfullstackengineer,Clara,greenhouse,clara,5204462007,Senior Fullstack Engineer,Sao Paulo / SP / Brazil,https://job-boards.greenhouse.io/clara/jobs/5204462007,2026-08-12T14:15:30-04:00,2026-09-21T16:33:41-05:00,,no,ubicacion fuera de Colombia/LATAM/remoto global,desarrollo,,,,nueva,
553,greenhouse:clara:5177057007,clara:seniorfullstackengineeringenieroadesoftwarefullstackseniorhybrid,Clara,greenhouse,clara,5177057007,Senior Fullstack Engineer (Ingeniero/a de Software Fullstack Senior) - Hybrid,Bogota / CUN / Colombia; Mexico City / CDMX / Mexico; Sao Paulo / SP / Brazil,https://job-boards.greenhouse.io/clara/jobs/5177057007,2026-06-30T11:48:30-04:00,2026-09-21T16:33:41-05:00,,si,ubicacion compatible,desarrollo,4.3,"stack 3.6 (bruto 9) | seniority 3 (senior, desarrollo) | contexto 8","BRECHA: titulo 'senior' en rol de desarrollo || BRECHA: piden 5+ anos de experiencia || RIESGO: menciona presencial/hibrido, confirmar",nueva,
554,greenhouse:clara:5204461007,clara:seniorfullstackengineeringenierofullstackseniorhybrid,Clara,greenhouse,clara,5204461007,Senior Fullstack Engineer (Ingeniero Fullstack Senior) - Hybrid,Mexico City / CDMX / Mexico,https://job-boards.greenhouse.io/clara/jobs/5204461007,2026-08-05T11:40:26-04:00,2026-09-21T16:33:41-05:00,,no,ubicacion fuera de Colombia/LATAM/remoto global,desarrollo,,,,nueva,
555,greenhouse:clara:5238753007,clara:solutionsengineerengenheiroadesolucoesspobrasilhybrid,Clara,greenhouse,clara,5238753007,"Solutions Engineer (Engenheiro(a) de Soluções) - SPO, Brasil [Hybrid]",Sao Paulo / SP / Brazil,https://job-boards.greenhouse.io/clara/jobs/5238753007,2026-09-15T11:09:24-04:00,2026-09-21T16:33:41-05:00,,no,ubicacion fuera de Colombia/LATAM/remoto global,automatizacion,,,,nueva,
556,greenhouse:clara:5241645007,clara:strategicfinanceexpert,Clara,greenhouse,clara,5241645007,Strategic Finance Expert,Mexico City / CDMX / Mexico,https://job-boards.greenhouse.io/clara/jobs/5241645007,2026-09-17T19:58:13-04:00,2026-09-21T16:33:41-05:00,,no,titulo fuera de perfil,desarrollo,,,,nueva,
557,greenhouse:clara:5241646007,clara:strategicfinanceexpert,Clara,greenhouse,clara,5241646007,Strategic Finance Expert,Sao Paulo / SP / Brazil,https://job-boards.greenhouse.io/clara/jobs/5241646007,2026-09-17T19:58:16-04:00,2026-09-21T16:33:41-05:00,,no,titulo fuera de perfil,desarrollo,,,,nueva,
558,greenhouse:clara:4996719007,clara:talentattractionspecialistespecialistadeatracciondetalentomexicocityhybrid,Clara,greenhouse,clara,4996719007,Talent Attraction Specialist (Especialista de Atracción de Talento) – Mexico City (Hybrid),Mexico City / CDMX / Mexico,https://job-boards.greenhouse.io/clara/jobs/4996719007,2025-12-02T20:00:17-05:00,2026-09-21T16:33:41-05:00,,no,titulo fuera de perfil,desarrollo,,,,nueva,
559,greenhouse:clara:4996724007,clara:talentattractionspecialistespecialistaematracaodetalentossaopaulohybrid,Clara,greenhouse,clara,4996724007,Talent Attraction Specialist (Especialista em Atração de Talentos) – São Paulo (Hybrid),Sao Paulo / SP / Brazil,https://job-boards.greenhouse.io/clara/jobs/4996724007,2025-12-02T20:01:37-05:00,2026-09-21T16:33:41-05:00,,no,titulo fuera de perfil,desarrollo,,,,nueva,
560,greenhouse:clara:5208458007,clara:techleadusersauthliderancatecnicausuarioseautenticacaosaopaulohybrid,Clara,greenhouse,clara,5208458007,Tech Lead — Users & Auth (Liderança Técnica - Usuários e Autenticação) - São Paulo (Hybrid),São Paulo / SP / Brasil,https://job-boards.greenhouse.io/clara/jobs/5208458007,2026-08-11T13:24:48-04:00,2026-09-21T16:33:41-05:00,,no,titulo fuera de perfil,desarrollo,,,,nueva,
561,greenhouse:clara:5208457007,clara:techleadusersauthlidertecnicoausuariosyautenticacionhybrid,Clara,greenhouse,clara,5208457007,Tech Lead — Users & Auth (Líder Técnico/a - Usuarios y Autenticación) - Hybrid,Bogotá / CUN / Colombia,https://job-boards.greenhouse.io/clara/jobs/5208457007,2026-08-11T13:24:47-04:00,2026-09-21T16:33:41-05:00,,no,titulo fuera de perfil,desarrollo,,,,nueva,
562,greenhouse:clara:5208456007,clara:techleadusersauthlidertecnicoausuariosyautenticacionmexicocityhybrid,Clara,greenhouse,clara,5208456007,Tech Lead — Users & Auth (Líder Técnico/a - Usuarios y Autenticación) - Mexico City (Hybrid),Mexico City / CDMX / Mexico,https://job-boards.greenhouse.io/clara/jobs/5208456007,2026-08-10T15:42:44-04:00,2026-09-21T16:33:41-05:00,,no,titulo fuera de perfil,desarrollo,,,,nueva,
563,greenhouse:clara:4604461007,clara:territorysalesexecutiveejecutivodeventasregionalmonterreyhybridremote,Clara,greenhouse,clara,4604461007,Territory Sales Executive (Ejecutivo de Ventas Regional) - Monterrey (Hybrid/Remote),Monterrey / NLE / Mexico,https://job-boards.greenhouse.io/clara/jobs/4604461007,2024-12-13T15:28:39-05:00,2026-09-21T16:33:41-05:00,,no,titulo fuera de perfil,desarrollo,,,,nueva,
564,greenhouse:clara:5230330007,clara:territorysalesexpertexpertdevendaslocaisaracajusehybridremote,Clara,greenhouse,clara,5230330007,Territory Sales Expert (Expert de Vendas Locais) - Aracaju/ SE (Hybrid/Remote),Aracaju / SE / Brazil,https://job-boards.greenhouse.io/clara/jobs/5230330007,2026-09-03T14:30:47-04:00,2026-09-21T16:33:41-05:00,,no,titulo fuera de perfil,desarrollo,,,,nueva,
565,greenhouse:clara:5230227007,clara:territorysalesexpertexpertdevendaslocaisbelempahybridremote,Clara,greenhouse,clara,5230227007,Territory Sales Expert (Expert de Vendas Locais) - Belem/PA (Hybrid/Remote),Belem / PA / Brazil,https://job-boards.greenhouse.io/clara/jobs/5230227007,2026-09-03T13:54:04-04:00,2026-09-21T16:33:41-05:00,,no,titulo fuera de perfil,desarrollo,,,,nueva,
566,greenhouse:clara:5230343007,clara:territorysalesexpertexpertdevendaslocaiscampinagrandepbhybridremote,Clara,greenhouse,clara,5230343007,Territory Sales Expert (Expert de Vendas Locais) - Campina Grande/ PB (Hybrid/Remote),Campina Grande/ PB / Brazil,https://job-boards.greenhouse.io/clara/jobs/5230343007,2026-09-03T14:37:51-04:00,2026-09-21T16:33:41-05:00,,no,titulo fuera de perfil,desarrollo,,,,nueva,
567,greenhouse:clara:5230302007,clara:territorysalesexpertexpertdevendaslocaiscampograndemshybridremote,Clara,greenhouse,clara,5230302007,Territory Sales Expert (Expert de Vendas Locais) - Campo Grande/ MS (Hybrid/Remote),Campo Grande / MS / Brazil,https://job-boards.greenhouse.io/clara/jobs/5230302007,2026-09-03T14:19:04-04:00,2026-09-21T16:33:41-05:00,,no,titulo fuera de perfil,desarrollo,,,,nueva,
568,greenhouse:clara:5230265007,clara:territorysalesexpertexpertdevendaslocaiscascavelprhybridremote,Clara,greenhouse,clara,5230265007,Territory Sales Expert (Expert de Vendas Locais) - Cascavel/PR (Hybrid/Remote),Cascavel / PR / Brazil,https://job-boards.greenhouse.io/clara/jobs/5230265007,2026-09-03T14:08:54-04:00,2026-09-21T16:33:41-05:00,,no,titulo fuera de perfil,desarrollo,,,,nueva,
569,greenhouse:clara:5230239007,clara:territorysalesexpertexpertdevendaslocaisgoianiagohybridremote,Clara,greenhouse,clara,5230239007,Territory Sales Expert (Expert de Vendas Locais) - Goiania/ GO (Hybrid/Remote),Goiania / GO / Brazil,https://job-boards.greenhouse.io/clara/jobs/5230239007,2026-09-03T13:59:50-04:00,2026-09-21T16:33:41-05:00,,no,titulo fuera de perfil,desarrollo,,,,nueva,
570,greenhouse:clara:5230334007,clara:territorysalesexpertexpertdevendaslocaisjoinvilleschybridremote,Clara,greenhouse,clara,5230334007,Territory Sales Expert (Expert de Vendas Locais) - Joinville/ SC (Hybrid/Remote),Joinville / SC / Brazil,https://job-boards.greenhouse.io/clara/jobs/5230334007,2026-09-03T14:33:13-04:00,2026-09-21T16:33:41-05:00,,no,titulo fuera de perfil,desarrollo,,,,nueva,
571,greenhouse:clara:5230256007,clara:territorysalesexpertexpertdevendaslocaismaringaprhybridremote,Clara,greenhouse,clara,5230256007,Territory Sales Expert (Expert de Vendas Locais) - Maringa/ PR (Hybrid/Remote),Maringa / PR / Brazil,https://job-boards.greenhouse.io/clara/jobs/5230256007,2026-09-03T14:04:55-04:00,2026-09-21T16:33:41-05:00,,no,titulo fuera de perfil,desarrollo,,,,nueva,
572,greenhouse:clara:5230291007,clara:territorysalesexpertexpertdevendaslocaisnatalrnhybridremote,Clara,greenhouse,clara,5230291007,Territory Sales Expert (Expert de Vendas Locais) - Natal/ RN (Hybrid/Remote),Natal / RN / Brazil,https://job-boards.greenhouse.io/clara/jobs/5230291007,2026-09-03T14:15:57-04:00,2026-09-21T16:33:41-05:00,,no,titulo fuera de perfil,desarrollo,,,,nueva,
573,greenhouse:clara:5230317007,clara:territorysalesexpertexpertdevendaslocaisrondonopolismthybridremote,Clara,greenhouse,clara,5230317007,Territory Sales Expert (Expert de Vendas Locais) - Rondonopolis/ MT (Hybrid/Remote),Rondonopolis / MT / Brazil,https://job-boards.greenhouse.io/clara/jobs/5230317007,2026-09-03T14:26:21-04:00,2026-09-21T16:33:41-05:00,,no,titulo fuera de perfil,desarrollo,,,,nueva,
574,greenhouse:clara:5230309007,clara:territorysalesexpertexpertdevendaslocaissaojosedoriopretosphybridremote,Clara,greenhouse,clara,5230309007,Territory Sales Expert (Expert de Vendas Locais) - Sao Jose do Rio Preto / SP (Hybrid/Remote),Sao Jose do Rio Preto / SP / Brazil,https://job-boards.greenhouse.io/clara/jobs/5230309007,2026-09-03T14:22:34-04:00,2026-09-21T16:33:41-05:00,,no,titulo fuera de perfil,desarrollo,,,,nueva,
575,greenhouse:clara:5230283007,clara:territorysalesexpertexpertdevendaslocaissaoluismahybridremote,Clara,greenhouse,clara,5230283007,Territory Sales Expert (Expert de Vendas Locais) - Sao Luis/ MA (Hybrid/Remote),Sao Luis / MA / Brazil,https://job-boards.greenhouse.io/clara/jobs/5230283007,2026-09-03T14:13:43-04:00,2026-09-21T16:33:41-05:00,,no,titulo fuera de perfil,desarrollo,,,,nueva,
576,greenhouse:clara:4721614007,clara:territorysalesleadejecutivodeventasregionalguanajuatohybridremote,Clara,greenhouse,clara,4721614007,Territory Sales Lead (Ejecutivo de Ventas Regional) - Guanajuato (Hybrid/Remote),Guanajuato / GUA / Mexico,https://job-boards.greenhouse.io/clara/jobs/4721614007,2025-04-29T14:23:19-04:00,2026-09-21T16:33:41-05:00,,no,titulo fuera de perfil,desarrollo,,,,nueva,
577,greenhouse:clara:5167213007,clara:territorysalesleadliderdevendaslocaisbelohorizontemghybridremote,Clara,greenhouse,clara,5167213007,Territory Sales Lead (Líder de Vendas Locais) - Belo Horizonte / MG (Hybrid/Remote),Belo Horizonte / MG / Brazil,https://job-boards.greenhouse.io/clara/jobs/5167213007,2026-06-17T13:29:46-04:00,2026-09-21T16:33:41-05:00,,no,titulo fuera de perfil,desarrollo,,,,nueva,
578,greenhouse:clara:5170877007,clara:territorysalesleadliderdevendaslocaisbrasiliadfhybridremote,Clara,greenhouse,clara,5170877007,Territory Sales Lead (Líder de Vendas Locais) - Brasília/DF (Hybrid/Remote),Brasilia / DF / Brazil,https://job-boards.greenhouse.io/clara/jobs/5170877007,2026-06-22T16:50:55-04:00,2026-09-21T16:33:41-05:00,,no,titulo fuera de perfil,desarrollo,,,,nueva,
579,greenhouse:clara:5167225007,clara:territorysalesleadliderdevendaslocaismanausamhybridremote,Clara,greenhouse,clara,5167225007,Territory Sales Lead (Líder de Vendas Locais) - Manaus/AM (Hybrid/Remote),Manaus / AM / Brazil,https://job-boards.greenhouse.io/clara/jobs/5167225007,2026-06-17T16:10:06-04:00,2026-09-21T16:33:41-05:00,,no,titulo fuera de perfil,desarrollo,,,,nueva,
580,greenhouse:clara:5098593007,clara:territorysalesleadliderdevendaslocaisrecifepehybridremote,Clara,greenhouse,clara,5098593007,Territory Sales Lead (Líder de Vendas Locais) - Recife/PE (Hybrid/Remote),Recife / PE / Brazil,https://job-boards.greenhouse.io/clara/jobs/5098593007,2026-04-02T17:19:10-04:00,2026-09-21T16:33:41-05:00,,no,titulo fuera de perfil,desarrollo,,,,nueva,
581,greenhouse:twilio:8177722,twilio:accountexecutive3,Twilio,greenhouse,twilio,8177722,Account Executive 3,Remote - US,https://job-boards.greenhouse.io/twilio/jobs/8177722,2026-09-04T11:07:38-04:00,2026-09-21T16:33:41-05:00,,no,titulo fuera de perfil,desarrollo,,,,nueva,
582,greenhouse:twilio:8164465,twilio:accountexecutive4,Twilio,greenhouse,twilio,8164465,Account Executive 4,Remote - Colombia,https://job-boards.greenhouse.io/twilio/jobs/8164465,2026-09-03T12:39:50-04:00,2026-09-21T16:33:41-05:00,,no,titulo fuera de perfil,desarrollo,,,,nueva,
583,greenhouse:twilio:7906141,twilio:accountexecutive4,Twilio,greenhouse,twilio,7906141,Account Executive 4,Remote - Singapore,https://job-boards.greenhouse.io/twilio/jobs/7906141,2026-05-11T07:48:24-04:00,2026-09-21T16:33:41-05:00,,no,titulo fuera de perfil,desarrollo,,,,nueva,
584,greenhouse:twilio:8172319,twilio:businessintelligenceanalyst2,Twilio,greenhouse,twilio,8172319,Business Intelligence Analyst 2,Remote - Colombia,https://job-boards.greenhouse.io/twilio/jobs/8172319,2026-09-07T22:26:27-04:00,2026-09-21T16:33:41-05:00,,no,titulo fuera de perfil,desarrollo,,,,nueva,
585,greenhouse:twilio:8077538,twilio:ceocommunicationsdirector,Twilio,greenhouse,twilio,8077538,CEO Communications Director,Remote - US,https://job-boards.greenhouse.io/twilio/jobs/8077538,2026-07-21T18:57:38-04:00,2026-09-21T16:33:41-05:00,,no,titulo fuera de perfil,desarrollo,,,,nueva,
586,greenhouse:twilio:8185918,twilio:complianceoperationsspecialist,Twilio,greenhouse,twilio,8185918,Compliance Operations Specialist,Remote - Estonia,https://job-boards.greenhouse.io/twilio/jobs/8185918,2026-09-09T07:11:39-04:00,2026-09-21T16:33:41-05:00,,no,titulo fuera de perfil,automatizacion,,,,nueva,
587,greenhouse:twilio:7861935,twilio:complianceoperationsspecialist1,Twilio,greenhouse,twilio,7861935,Compliance Operations Specialist 1,Remote - Colombia,https://job-boards.greenhouse.io/twilio/jobs/7861935,2026-05-08T17:27:09-04:00,2026-09-21T16:33:41-05:00,2026-09-23,no,titulo fuera de perfil,automatizacion,,,,nueva,
588,greenhouse:twilio:8162071,twilio:customersuccessmanager,Twilio,greenhouse,twilio,8162071,Customer Success Manager,Remote - US,https://job-boards.greenhouse.io/twilio/jobs/8162071,2026-09-03T15:24:32-04:00,2026-09-21T16:33:41-05:00,,no,titulo fuera de perfil,desarrollo,,,,nueva,
589,greenhouse:twilio:8141694,twilio:dealdeskanalyst,Twilio,greenhouse,twilio,8141694,Deal Desk Analyst,Remote - Canada,https://job-boards.greenhouse.io/twilio/jobs/8141694,2026-08-20T21:09:20-04:00,2026-09-21T16:33:41-05:00,,no,titulo fuera de perfil,desarrollo,,,,nueva,
590,greenhouse:twilio:8141692,twilio:dealdesksenioranalyst,Twilio,greenhouse,twilio,8141692,Deal Desk Senior Analyst,Remote - Colombia,https://job-boards.greenhouse.io/twilio/jobs/8141692,2026-08-19T15:02:45-04:00,2026-09-21T16:33:41-05:00,,no,titulo fuera de perfil,desarrollo,,,,nueva,
591,greenhouse:twilio:8108771,twilio:devopsengineerobservability,Twilio,greenhouse,twilio,8108771,DevOps Engineer (Observability),Remote - Ireland,https://job-boards.greenhouse.io/twilio/jobs/8108771,2026-08-05T11:42:36-04:00,2026-09-21T16:33:41-05:00,,no,ubicacion fuera de Colombia/LATAM/remoto global,desarrollo,,,,nueva,
592,greenhouse:twilio:8176810,twilio:digitalmarketingmanager,Twilio,greenhouse,twilio,8176810,Digital Marketing Manager,Remote - India,https://job-boards.greenhouse.io/twilio/jobs/8176810,2026-09-07T05:44:34-04:00,2026-09-21T16:33:41-05:00,,no,titulo fuera de perfil,desarrollo,,,,nueva,
593,greenhouse:twilio:8168599,twilio:digitalsalesrepresentative,Twilio,greenhouse,twilio,8168599,Digital Sales Representative,Remote - United Kingdom,https://job-boards.greenhouse.io/twilio/jobs/8168599,2026-09-05T03:26:03-04:00,2026-09-21T16:33:41-05:00,,no,titulo fuera de perfil,desarrollo,,,,nueva,
594,greenhouse:twilio:8122899,twilio:digitalsalesrepresentative2,Twilio,greenhouse,twilio,8122899,Digital Sales Representative 2,Remote - US,https://job-boards.greenhouse.io/twilio/jobs/8122899,2026-08-18T11:57:16-04:00,2026-09-21T16:33:41-05:00,,no,titulo fuera de perfil,desarrollo,,,,nueva,
595,greenhouse:twilio:8205254,twilio:digitalsalesrepresentativeactivate,Twilio,greenhouse,twilio,8205254,Digital Sales Representative - Activate,Remote - US,https://job-boards.greenhouse.io/twilio/jobs/8205254,2026-09-16T15:44:50-04:00,2026-09-21T16:33:41-05:00,,no,titulo fuera de perfil,desarrollo,,,,nueva,
596,greenhouse:twilio:8138860,twilio:directorglobalcampaigns,Twilio,greenhouse,twilio,8138860,"Director, Global Campaigns",Remote - United Kingdom,https://job-boards.greenhouse.io/twilio/jobs/8138860,2026-08-19T06:09:20-04:00,2026-09-21T16:33:41-05:00,,no,titulo fuera de perfil,desarrollo,,,,nueva,
597,greenhouse:twilio:8175075,twilio:directorlatamcarrierrelations,Twilio,greenhouse,twilio,8175075,"Director, LATAM Carrier Relations",Remote - Brazil; Remote - Colombia,https://job-boards.greenhouse.io/twilio/jobs/8175075,2026-09-11T13:21:13-04:00,2026-09-21T16:33:41-05:00,,no,titulo fuera de perfil,desarrollo,,,,nueva,
598,greenhouse:twilio:8078099,twilio:directorrevenuecogsaccounting,Twilio,greenhouse,twilio,8078099,"Director, Revenue & CoGS Accounting",Remote - US,https://job-boards.greenhouse.io/twilio/jobs/8078099,2026-07-21T18:10:32-04:00,2026-09-21T16:33:41-05:00,,no,titulo fuera de perfil,desarrollo,,,,nueva,
599,greenhouse:twilio:8204152,twilio:emergingfraudresearcher,Twilio,greenhouse,twilio,8204152,Emerging Fraud Researcher,Remote - US,https://job-boards.greenhouse.io/twilio/jobs/8204152,2026-09-16T10:23:59-04:00,2026-09-21T16:33:41-05:00,,no,titulo fuera de perfil,desarrollo,,,,nueva,
600,greenhouse:twilio:8026619,twilio:enterpriseaccountexecutive,Twilio,greenhouse,twilio,8026619,Enterprise Account Executive,Remote - United Kingdom,https://job-boards.greenhouse.io/twilio/jobs/8026619,2026-06-24T13:32:15-04:00,2026-09-21T16:33:41-05:00,2026-09-23,no,titulo fuera de perfil,desarrollo,,,,nueva,
601,greenhouse:twilio:8208337,twilio:executivecommunicationsdirectorchiefproducttechnologyofficer,Twilio,greenhouse,twilio,8208337,"Executive Communications Director, Chief Product & Technology Officer",Remote - US,https://job-boards.greenhouse.io/twilio/jobs/8208337,2026-09-16T18:00:44-04:00,2026-09-21T16:33:41-05:00,,no,titulo fuera de perfil,desarrollo,,,,nueva,
602,greenhouse:twilio:8097520,twilio:fasttrackoperationsspecialist2,Twilio,greenhouse,twilio,8097520,Fast Track Operations Specialist 2,Remote - Colombia,https://job-boards.greenhouse.io/twilio/jobs/8097520,2026-08-19T10:16:44-04:00,2026-09-21T16:33:41-05:00,2026-09-22,no,titulo fuera de perfil,automatizacion,,,,nueva,
603,greenhouse:twilio:8045297,twilio:fieldmarketingmanagerjapan,Twilio,greenhouse,twilio,8045297,"Field Marketing Manager, Japan",Remote - Japan,https://job-boards.greenhouse.io/twilio/jobs/8045297,2026-07-07T22:50:42-04:00,2026-09-21T16:33:41-05:00,,no,titulo fuera de perfil,desarrollo,,,,nueva,
604,greenhouse:twilio:8196096,twilio:financialmanager,Twilio,greenhouse,twilio,8196096,Financial Manager,Remote - Canada,https://job-boards.greenhouse.io/twilio/jobs/8196096,2026-09-14T09:27:38-04:00,2026-09-21T16:33:41-05:00,,no,titulo fuera de perfil,desarrollo,,,,nueva,
605,greenhouse:twilio:8132266,twilio:fraudspecialist1,Twilio,greenhouse,twilio,8132266,Fraud Specialist 1,Remote - Estonia,https://job-boards.greenhouse.io/twilio/jobs/8132266,2026-08-17T12:36:50-04:00,2026-09-21T16:33:41-05:00,,no,titulo fuera de perfil,desarrollo,,,,nueva,
606,greenhouse:twilio:8131314,twilio:globalsalesbusinesspartnerssrmanager,Twilio,greenhouse,twilio,8131314,Global Sales Business Partners Sr. Manager,Remote - US,https://job-boards.greenhouse.io/twilio/jobs/8131314,2026-08-27T23:10:48-04:00,2026-09-21T16:33:41-05:00,,no,titulo fuera de perfil,desarrollo,,,,nueva,
607,greenhouse:twilio:7808464,twilio:globalsecurityoperationscenteroperator,Twilio,greenhouse,twilio,7808464,Global Security Operations Center Operator,Remote - US,https://job-boards.greenhouse.io/twilio/jobs/7808464,2026-04-17T14:19:53-04:00,2026-09-21T16:33:41-05:00,,no,titulo fuera de perfil,automatizacion,,,,nueva,
608,greenhouse:twilio:8209103,twilio:gtminnovationaccountexecutive,Twilio,greenhouse,twilio,8209103,GTM Innovation Account Executive,Remote - US,https://job-boards.greenhouse.io/twilio/jobs/8209103,2026-09-17T16:07:28-04:00,2026-09-21T16:33:41-05:00,,no,titulo fuera de perfil,desarrollo,,,,nueva,
609,greenhouse:twilio:8089122,twilio:incidentcommander,Twilio,greenhouse,twilio,8089122,Incident Commander,Remote - US,https://job-boards.greenhouse.io/twilio/jobs/8089122,2026-07-29T00:34:09-04:00,2026-09-21T16:33:41-05:00,,no,titulo fuera de perfil,desarrollo,,,,nueva,
610,greenhouse:twilio:7702644,twilio:machinelearningengineer,Twilio,greenhouse,twilio,7702644,Machine Learning Engineer,Remote - US,https://job-boards.greenhouse.io/twilio/jobs/7702644,2026-03-20T06:07:25-04:00,2026-09-21T16:33:41-05:00,,no,ubicacion fuera de Colombia/LATAM/remoto global,desarrollo,,,,nueva,
611,greenhouse:twilio:7996774,twilio:machinelearningengineer,Twilio,greenhouse,twilio,7996774,Machine Learning Engineer,Remote - Ireland,https://job-boards.greenhouse.io/twilio/jobs/7996774,2026-06-18T13:31:02-04:00,2026-09-21T16:33:41-05:00,,no,ubicacion fuera de Colombia/LATAM/remoto global,desarrollo,,,,nueva,
612,greenhouse:twilio:8007455,twilio:machinelearningengineer,Twilio,greenhouse,twilio,8007455,Machine Learning Engineer,Remote - Spain,https://job-boards.greenhouse.io/twilio/jobs/8007455,2026-06-18T13:25:20-04:00,2026-09-21T16:33:41-05:00,,no,ubicacion fuera de Colombia/LATAM/remoto global,desarrollo,,,,nueva,
613,greenhouse:twilio:8178588,twilio:machinelearningengineerl2,Twilio,greenhouse,twilio,8178588,Machine Learning Engineer L2,Remote - US,https://job-boards.greenhouse.io/twilio/jobs/8178588,2026-09-15T18:22:21-04:00,2026-09-21T16:33:41-05:00,2026-09-21,no,ubicacion fuera de Colombia/LATAM/remoto global,desarrollo,,,,nueva,
614,greenhouse:twilio:8173554,twilio:marketingfinancialmanager,Twilio,greenhouse,twilio,8173554,Marketing Financial Manager,Remote - US,https://job-boards.greenhouse.io/twilio/jobs/8173554,2026-09-04T22:30:57-04:00,2026-09-21T16:33:41-05:00,,no,titulo fuera de perfil,desarrollo,,,,nueva,
615,greenhouse:twilio:8201128,twilio:marketingoperationsspecialist,Twilio,greenhouse,twilio,8201128,Marketing Operations Specialist,Remote - India,https://job-boards.greenhouse.io/twilio/jobs/8201128,2026-09-15T06:37:26-04:00,2026-09-21T16:33:41-05:00,,no,titulo fuera de perfil,automatizacion,,,,nueva,
616,greenhouse:twilio:8104438,twilio:marketingstrategyandanalyticsmanager,Twilio,greenhouse,twilio,8104438,Marketing Strategy and Analytics Manager,Remote - India,https://job-boards.greenhouse.io/twilio/jobs/8104438,2026-08-05T09:14:34-04:00,2026-09-21T16:33:41-05:00,,no,titulo fuera de perfil,desarrollo,,,,nueva,
617,greenhouse:twilio:8125581,twilio:newbusinessaccountexecutive,Twilio,greenhouse,twilio,8125581,New Business Account Executive,Remote - Japan,https://job-boards.greenhouse.io/twilio/jobs/8125581,2026-08-13T11:32:02-04:00,2026-09-21T16:33:41-05:00,,no,titulo fuera de perfil,desarrollo,,,,nueva,
618,greenhouse:twilio:6372770,twilio:newbusinessaccountexecutive,Twilio,greenhouse,twilio,6372770,New Business Account Executive,Remote - Singapore,https://job-boards.greenhouse.io/twilio/jobs/6372770,2025-01-20T08:02:56-05:00,2026-09-21T16:33:41-05:00,,no,titulo fuera de perfil,desarrollo,,,,nueva,
619,greenhouse:twilio:8143768,twilio:newbusinessaccountexecutivegermanspeaker,Twilio,greenhouse,twilio,8143768,New Business Account Executive (German speaker),Remote - United Kingdom,https://job-boards.greenhouse.io/twilio/jobs/8143768,2026-08-24T07:09:24-04:00,2026-09-21T16:33:41-05:00,,no,titulo fuera de perfil,desarrollo,,,,nueva,
620,greenhouse:twilio:8142281,twilio:onboardingoperationsspecialist1,Twilio,greenhouse,twilio,8142281,Onboarding Operations Specialist 1,Remote - Colombia,https://job-boards.greenhouse.io/twilio/jobs/8142281,2026-08-19T17:35:44-04:00,2026-09-21T16:33:41-05:00,2026-09-22,no,titulo fuera de perfil,automatizacion,,,,nueva,
621,greenhouse:twilio:8213541,twilio:onboardingoperationstechlead,Twilio,greenhouse,twilio,8213541,Onboarding Operations Tech Lead,Remote - US,https://job-boards.greenhouse.io/twilio/jobs/8213541,2026-09-18T16:22:50-04:00,2026-09-21T16:33:41-05:00,,no,titulo fuera de perfil,automatizacion,,,,nueva,
622,greenhouse:twilio:8170599,twilio:partnermarketingmanager,Twilio,greenhouse,twilio,8170599,Partner Marketing Manager,Remote - US,https://job-boards.greenhouse.io/twilio/jobs/8170599,2026-09-02T14:52:51-04:00,2026-09-21T16:33:41-05:00,,no,titulo fuera de perfil,desarrollo,,,,nueva,
623,greenhouse:twilio:8170555,twilio:partnermarketingspecialist,Twilio,greenhouse,twilio,8170555,Partner Marketing Specialist,Remote - US,https://job-boards.greenhouse.io/twilio/jobs/8170555,2026-09-02T14:52:39-04:00,2026-09-21T16:33:41-05:00,,no,titulo fuera de perfil,desarrollo,,,,nueva,
624,greenhouse:twilio:8120421,twilio:phonenumbersoperationsspecialist1,Twilio,greenhouse,twilio,8120421,Phone Numbers Operations Specialist 1,Remote - Colombia,https://job-boards.greenhouse.io/twilio/jobs/8120421,2026-08-19T10:13:17-04:00,2026-09-21T16:33:41-05:00,,no,titulo fuera de perfil,automatizacion,,,,nueva,
625,greenhouse:twilio:8157509,twilio:presalesengineergermanspeaker,Twilio,greenhouse,twilio,8157509,Presales Engineer  (German speaker),Remote - Spain,https://job-boards.greenhouse.io/twilio/jobs/8157509,2026-08-28T06:19:45-04:00,2026-09-21T16:33:41-05:00,,no,ubicacion fuera de Colombia/LATAM/remoto global,desarrollo,,,,nueva,
626,greenhouse:twilio:8000178,twilio:presalesengineergermanspeaking,Twilio,greenhouse,twilio,8000178,Presales Engineer (German Speaking),Remote - United Kingdom,https://job-boards.greenhouse.io/twilio/jobs/8000178,2026-06-12T10:27:45-04:00,2026-09-21T16:33:41-05:00,,no,ubicacion fuera de Colombia/LATAM/remoto global,desarrollo,,,,nueva,
627,greenhouse:twilio:7944264,twilio:principalengineer,Twilio,greenhouse,twilio,7944264,Principal Engineer,Remote - US,https://job-boards.greenhouse.io/twilio/jobs/7944264,2026-06-18T15:10:49-04:00,2026-09-21T16:33:41-05:00,,no,ubicacion fuera de Colombia/LATAM/remoto global,desarrollo,,,,nueva,
628,greenhouse:twilio:7996776,twilio:principalengineerl5,Twilio,greenhouse,twilio,7996776,Principal Engineer (L5),Remote - India,https://job-boards.greenhouse.io/twilio/jobs/7996776,2026-06-15T03:04:37-04:00,2026-09-21T16:33:41-05:00,,no,ubicacion fuera de Colombia/LATAM/remoto global,desarrollo,,,,nueva,
629,greenhouse:twilio:8115128,twilio:principalpresalesengineer,Twilio,greenhouse,twilio,8115128,Principal Presales Engineer,Remote - US,https://job-boards.greenhouse.io/twilio/jobs/8115128,2026-08-10T15:02:26-04:00,2026-09-21T16:33:41-05:00,,no,ubicacion fuera de Colombia/LATAM/remoto global,desarrollo,,,,nueva,
630,greenhouse:twilio:8139748,twilio:principalpresalesengineer,Twilio,greenhouse,twilio,8139748,Principal Presales Engineer,Remote - US,https://job-boards.greenhouse.io/twilio/jobs/8139748,2026-08-21T10:50:06-04:00,2026-09-21T16:33:41-05:00,,no,ubicacion fuera de Colombia/LATAM/remoto global,desarrollo,,,,nueva,
631,greenhouse:twilio:8145984,twilio:principalpresalesengineerisv,Twilio,greenhouse,twilio,8145984,Principal Presales Engineer - ISV,Remote - US,https://job-boards.greenhouse.io/twilio/jobs/8145984,2026-08-24T14:06:34-04:00,2026-09-21T16:33:41-05:00,,no,ubicacion fuera de Colombia/LATAM/remoto global,desarrollo,,,,nueva,
632,greenhouse:twilio:8171112,twilio:principalpresalesengineerisvhls,Twilio,greenhouse,twilio,8171112,"Principal Presales Engineer, ISV HLS",Remote - US,https://job-boards.greenhouse.io/twilio/jobs/8171112,2026-09-03T14:40:08-04:00,2026-09-21T16:33:41-05:00,,no,ubicacion fuera de Colombia/LATAM/remoto global,desarrollo,,,,nueva,
633,greenhouse:twilio:8180238,twilio:principalpresalesproductspecialist,Twilio,greenhouse,twilio,8180238,Principal Presales Product Specialist,Remote - US,https://job-boards.greenhouse.io/twilio/jobs/8180238,2026-09-08T14:47:54-04:00,2026-09-21T16:33:41-05:00,,no,titulo fuera de perfil,desarrollo,,,,nueva,
634,greenhouse:twilio:7987837,twilio:principalpricerealizationstrategymanagerdigitalplgpricing,Twilio,greenhouse,twilio,7987837,Principal Price Realization Strategy Manager - Digital & PLG Pricing,Remote - US,https://job-boards.greenhouse.io/twilio/jobs/7987837,2026-06-16T18:20:26-04:00,2026-09-21T16:33:41-05:00,,no,titulo fuera de perfil,desarrollo,,,,nueva,
635,greenhouse:twilio:7987840,twilio:principalpricerealizationstrategymanagerenterpriseaccountledpricing,Twilio,greenhouse,twilio,7987840,Principal Price Realization Strategy Manager - Enterprise & Account-Led Pricing,Remote - US,https://job-boards.greenhouse.io/twilio/jobs/7987840,2026-06-16T17:44:13-04:00,2026-09-21T16:33:41-05:00,,no,titulo fuera de perfil,desarrollo,,,,nueva,
636,greenhouse:twilio:8197775,twilio:principalprmanager,Twilio,greenhouse,twilio,8197775,Principal PR Manager,Remote - US,https://job-boards.greenhouse.io/twilio/jobs/8197775,2026-09-11T16:44:01-04:00,2026-09-21T16:33:41-05:00,,no,titulo fuera de perfil,desarrollo,,,,nueva,
637,greenhouse:twilio:8081530,twilio:principalsoftwareengineer,Twilio,greenhouse,twilio,8081530,Principal Software Engineer,Remote - US,https://job-boards.greenhouse.io/twilio/jobs/8081530,2026-07-27T10:42:37-04:00,2026-09-21T16:33:41-05:00,,no,ubicacion fuera de Colombia/LATAM/remoto global,desarrollo,,,,nueva,
638,greenhouse:twilio:8067270,twilio:principalsoftwareengineeridentitygraph,Twilio,greenhouse,twilio,8067270,Principal Software Engineer - Identity Graph,Remote - US,https://job-boards.greenhouse.io/twilio/jobs/8067270,2026-07-17T13:46:15-04:00,2026-09-21T16:33:41-05:00,2026-09-22,no,ubicacion fuera de Colombia/LATAM/remoto global,desarrollo,,,,nueva,
639,greenhouse:twilio:8136763,twilio:productmanagerl2midlevel,Twilio,greenhouse,twilio,8136763,Product Manager L2 (mid-level),Remote - Estonia,https://job-boards.greenhouse.io/twilio/jobs/8136763,2026-08-17T16:30:59-04:00,2026-09-21T16:33:41-05:00,,no,titulo fuera de perfil,desarrollo,,,,nueva,
640,greenhouse:twilio:7895241,twilio:programmanager,Twilio,greenhouse,twilio,7895241,Program Manager,Remote - Colombia,https://job-boards.greenhouse.io/twilio/jobs/7895241,2026-08-11T14:59:56-04:00,2026-09-21T16:33:41-05:00,2026-09-23,no,titulo fuera de perfil,desarrollo,,,,nueva,
641,greenhouse:twilio:8157995,twilio:salesbusinesspartnerseniormanager,Twilio,greenhouse,twilio,8157995,Sales Business Partner Senior Manager,Remote - US,https://job-boards.greenhouse.io/twilio/jobs/8157995,2026-09-08T13:37:34-04:00,2026-09-21T16:33:41-05:00,,no,titulo fuera de perfil,desarrollo,,,,nueva,
642,greenhouse:twilio:7481689,twilio:salesdevelopmentrepresentative,Twilio,greenhouse,twilio,7481689,Sales Development Representative,Remote - US,https://job-boards.greenhouse.io/twilio/jobs/7481689,2025-12-17T13:51:55-05:00,2026-09-21T16:33:41-05:00,,no,titulo fuera de perfil,desarrollo,,,,nueva,
643,greenhouse:twilio:8112239,twilio:salesdevelopmentrepresentative2,Twilio,greenhouse,twilio,8112239,Sales Development Representative 2,Remote - United Kingdom,https://job-boards.greenhouse.io/twilio/jobs/8112239,2026-08-18T09:18:09-04:00,2026-09-21T16:33:41-05:00,2026-09-22,no,titulo fuera de perfil,desarrollo,,,,nueva,
644,greenhouse:twilio:8045978,twilio:senioraccountexecutive,Twilio,greenhouse,twilio,8045978,Senior Account Executive,Remote - Ireland,https://job-boards.greenhouse.io/twilio/jobs/8045978,2026-07-21T13:43:47-04:00,2026-09-21T16:33:41-05:00,2026-09-23,no,titulo fuera de perfil,desarrollo,,,,nueva,
645,greenhouse:twilio:8048661,twilio:seniorapplicationengineerzuorabilling,Twilio,greenhouse,twilio,8048661,"Senior Application Engineer, Zuora Billing",Remote - India,https://job-boards.greenhouse.io/twilio/jobs/8048661,2026-07-17T06:14:08-04:00,2026-09-21T16:33:41-05:00,,no,ubicacion fuera de Colombia/LATAM/remoto global,desarrollo,,,,nueva,
646,greenhouse:twilio:8076802,twilio:seniorbusinessintelligenceengineer,Twilio,greenhouse,twilio,8076802,"Senior, Business Intelligence Engineer",Remote - US,https://job-boards.greenhouse.io/twilio/jobs/8076802,2026-07-22T14:30:33-04:00,2026-09-21T16:33:41-05:00,,no,ubicacion fuera de Colombia/LATAM/remoto global,desarrollo,,,,nueva,
647,greenhouse:twilio:8084593,twilio:seniorcounselcommercial,Twilio,greenhouse,twilio,8084593,"Senior Counsel, Commercial",Remote - Canada,https://job-boards.greenhouse.io/twilio/jobs/8084593,2026-07-24T22:59:01-04:00,2026-09-21T16:33:41-05:00,,no,titulo fuera de perfil,desarrollo,,,,nueva,
648,greenhouse:twilio:8143120,twilio:seniordataandaispecialist,Twilio,greenhouse,twilio,8143120,Senior Data and AI Specialist,Remote - Canada,https://job-boards.greenhouse.io/twilio/jobs/8143120,2026-08-19T19:39:27-04:00,2026-09-21T16:33:41-05:00,,no,ubicacion fuera de Colombia/LATAM/remoto global,desarrollo,,,,nueva,
649,greenhouse:twilio:8141644,twilio:seniordataandaispecialist,Twilio,greenhouse,twilio,8141644,Senior Data and AI Specialist,Remote - US,https://job-boards.greenhouse.io/twilio/jobs/8141644,2026-08-19T19:35:31-04:00,2026-09-21T16:33:41-05:00,,no,ubicacion fuera de Colombia/LATAM/remoto global,desarrollo,,,,nueva,
650,greenhouse:twilio:8204351,twilio:seniorengineeringmanager,Twilio,greenhouse,twilio,8204351,Senior Engineering Manager,Remote - US,https://job-boards.greenhouse.io/twilio/jobs/8204351,2026-09-15T16:07:57-04:00,2026-09-21T16:33:41-05:00,,no,ubicacion fuera de Colombia/LATAM/remoto global,desarrollo,,,,nueva,
651,greenhouse:twilio:8001804,twilio:seniorengineeringmanagerl5,Twilio,greenhouse,twilio,8001804,Senior Engineering Manager (L5),Remote - India,https://job-boards.greenhouse.io/twilio/jobs/8001804,2026-06-16T03:38:10-04:00,2026-09-21T16:33:41-05:00,,no,ubicacion fuera de Colombia/LATAM/remoto global,desarrollo,,,,nueva,
652,greenhouse:twilio:7926887,twilio:seniorengineeringmanagertwiliosconversationalagents,Twilio,greenhouse,twilio,7926887,Senior Engineering Manager Twilio’s Conversational Agents,Remote - US,https://job-boards.greenhouse.io/twilio/jobs/7926887,2026-08-18T15:41:13-04:00,2026-09-21T16:33:41-05:00,,no,ubicacion fuera de Colombia/LATAM/remoto global,desarrollo,,,,nueva,
653,greenhouse:twilio:8073683,twilio:seniorengineeringmanagervoiceandvideo,Twilio,greenhouse,twilio,8073683,"Senior Engineering Manager, Voice and Video",Remote - Ireland,https://job-boards.greenhouse.io/twilio/jobs/8073683,2026-07-19T09:41:26-04:00,2026-09-21T16:33:41-05:00,,no,ubicacion fuera de Colombia/LATAM/remoto global,desarrollo,,,,nueva,
654,greenhouse:twilio:8067501,twilio:seniorengineeringmanagervvmedia,Twilio,greenhouse,twilio,8067501,Senior Engineering Manager V&V Media,"Remote - Ontario, Canada (DNU)",https://job-boards.greenhouse.io/twilio/jobs/8067501,2026-07-15T12:37:04-04:00,2026-09-21T16:33:41-05:00,,no,ubicacion fuera de Colombia/LATAM/remoto global,desarrollo,,,,nueva,
655,greenhouse:twilio:8067147,twilio:seniorengineeringmanagervvmedia,Twilio,greenhouse,twilio,8067147,Senior Engineering Manager V&V Media,Remote - United Kingdom,https://job-boards.greenhouse.io/twilio/jobs/8067147,2026-07-15T10:54:16-04:00,2026-09-21T16:33:41-05:00,,no,ubicacion fuera de Colombia/LATAM/remoto global,desarrollo,,,,nueva,
656,greenhouse:twilio:8067500,twilio:seniorengineeringmanagervvmedia,Twilio,greenhouse,twilio,8067500,Senior Engineering Manager V&V Media,"Remote - Alberta, Canada (DNU)",https://job-boards.greenhouse.io/twilio/jobs/8067500,2026-07-15T12:37:03-04:00,2026-09-21T16:33:41-05:00,,no,ubicacion fuera de Colombia/LATAM/remoto global,desarrollo,,,,nueva,
657,greenhouse:twilio:8067678,twilio:seniorengineeringmanagervvmedia,Twilio,greenhouse,twilio,8067678,Senior Engineering Manager V&V Media,Remote - US,https://job-boards.greenhouse.io/twilio/jobs/8067678,2026-07-15T13:25:24-04:00,2026-09-21T16:33:41-05:00,,no,ubicacion fuera de Colombia/LATAM/remoto global,desarrollo,,,,nueva,
658,greenhouse:twilio:8213826,twilio:seniormanagercustomersuccess,Twilio,greenhouse,twilio,8213826,"Senior Manager, Customer Success",Remote - Australia,https://job-boards.greenhouse.io/twilio/jobs/8213826,2026-09-21T11:50:22-04:00,2026-09-21T16:33:41-05:00,,no,titulo fuera de perfil,desarrollo,,,,nueva,
659,greenhouse:twilio:8172311,twilio:seniormanagerescalationmanagement,Twilio,greenhouse,twilio,8172311,"Senior Manager, Escalation Management",Remote - US,https://job-boards.greenhouse.io/twilio/jobs/8172311,2026-09-03T17:08:01-04:00,2026-09-21T16:33:41-05:00,,no,titulo fuera de perfil,desarrollo,,,,nueva,
660,greenhouse:twilio:7919148,twilio:seniormanagermachinelearning,Twilio,greenhouse,twilio,7919148,"Senior Manager, Machine Learning",Remote - India,https://job-boards.greenhouse.io/twilio/jobs/7919148,2026-05-14T00:28:38-04:00,2026-09-21T16:33:41-05:00,,no,titulo fuera de perfil,desarrollo,,,,nueva,
661,greenhouse:twilio:8201677,twilio:seniormanagernewbusinessdachbenelux,Twilio,greenhouse,twilio,8201677,"Senior Manager, New Business DACH & Benelux",Remote - United Kingdom,https://job-boards.greenhouse.io/twilio/jobs/8201677,2026-09-14T14:04:32-04:00,2026-09-21T16:33:41-05:00,,no,titulo fuera de perfil,desarrollo,,,,nueva,
662,greenhouse:twilio:8138870,twilio:seniormarketinganalyst,Twilio,greenhouse,twilio,8138870,Senior Marketing Analyst,Remote - India,https://job-boards.greenhouse.io/twilio/jobs/8138870,2026-08-19T13:50:17-04:00,2026-09-21T16:33:41-05:00,,no,titulo fuera de perfil,desarrollo,,,,nueva,
663,greenhouse:twilio:7657993,twilio:seniornetworkengineer,Twilio,greenhouse,twilio,7657993,Senior Network Engineer,Remote - India,https://job-boards.greenhouse.io/twilio/jobs/7657993,2026-03-13T13:36:33-04:00,2026-09-21T16:33:41-05:00,,no,ubicacion fuera de Colombia/LATAM/remoto global,desarrollo,,,,nueva,
664,greenhouse:twilio:8202189,twilio:seniorpeopletechnologyanalysttalentacquisition,Twilio,greenhouse,twilio,8202189,Senior People Technology Analyst - Talent Acquisition,Remote - US,https://job-boards.greenhouse.io/twilio/jobs/8202189,2026-09-15T13:51:47-04:00,2026-09-21T16:33:41-05:00,,no,titulo fuera de perfil,desarrollo,,,,nueva,
665,greenhouse:twilio:8096642,twilio:seniorpresalesengineer,Twilio,greenhouse,twilio,8096642,Senior Presales Engineer,Remote - Mexico,https://job-boards.greenhouse.io/twilio/jobs/8096642,2026-07-30T17:33:35-04:00,2026-09-21T16:33:41-05:00,,no,ubicacion fuera de Colombia/LATAM/remoto global,desarrollo,,,,nueva,
666,greenhouse:twilio:8204150,twilio:seniorproductmanager,Twilio,greenhouse,twilio,8204150,Senior Product Manager,Remote - US,https://job-boards.greenhouse.io/twilio/jobs/8204150,2026-09-16T10:24:18-04:00,2026-09-21T16:33:41-05:00,,no,titulo fuera de perfil,desarrollo,,,,nueva,
667,greenhouse:twilio:8065040,twilio:seniorsecurityengineerincidentresponse,Twilio,greenhouse,twilio,8065040,"Senior Security Engineer, Incident Response",Remote - US,https://job-boards.greenhouse.io/twilio/jobs/8065040,2026-07-17T18:35:00-04:00,2026-09-21T16:33:41-05:00,,no,ubicacion fuera de Colombia/LATAM/remoto global,desarrollo,,,,nueva,
668,greenhouse:twilio:8065028,twilio:seniorsoftwareengineer,Twilio,greenhouse,twilio,8065028,Senior Software Engineer,Remote - US,https://job-boards.greenhouse.io/twilio/jobs/8065028,2026-07-21T21:50:58-04:00,2026-09-21T16:33:41-05:00,,no,ubicacion fuera de Colombia/LATAM/remoto global,desarrollo,,,,nueva,
669,greenhouse:twilio:8015771,twilio:seniorsoftwareengineer,Twilio,greenhouse,twilio,8015771,Senior Software Engineer,Remote - Ireland,https://job-boards.greenhouse.io/twilio/jobs/8015771,2026-07-16T04:12:48-04:00,2026-09-21T16:33:41-05:00,,no,ubicacion fuera de Colombia/LATAM/remoto global,desarrollo,,,,nueva,
670,greenhouse:twilio:7595407,twilio:seniorsoftwareengineerfraud,Twilio,greenhouse,twilio,7595407,"Senior Software Engineer, Fraud",Remote - US,https://job-boards.greenhouse.io/twilio/jobs/7595407,2026-02-19T13:50:01-05:00,2026-09-21T16:33:41-05:00,,no,ubicacion fuera de Colombia/LATAM/remoto global,desarrollo,,,,nueva,
671,greenhouse:twilio:8171110,twilio:seniorsolutionsengineer,Twilio,greenhouse,twilio,8171110,Senior Solutions Engineer,Remote - US,https://job-boards.greenhouse.io/twilio/jobs/8171110,2026-09-01T17:51:14-04:00,2026-09-21T16:33:41-05:00,,no,ubicacion fuera de Colombia/LATAM/remoto global,automatizacion,,,,nueva,
672,greenhouse:twilio:8164891,twilio:seniorsolutionsengineer,Twilio,greenhouse,twilio,8164891,Senior Solutions Engineer,Remote - US,https://job-boards.greenhouse.io/twilio/jobs/8164891,2026-09-02T11:07:52-04:00,2026-09-21T16:33:41-05:00,,no,ubicacion fuera de Colombia/LATAM/remoto global,automatizacion,,,,nueva,
673,greenhouse:twilio:8007449,twilio:seniorstaffappliedresearchsoftwareengineer,Twilio,greenhouse,twilio,8007449,Senior/Staff Applied Research Software Engineer,Remote - India,https://job-boards.greenhouse.io/twilio/jobs/8007449,2026-06-16T09:01:03-04:00,2026-09-21T16:33:41-05:00,,no,ubicacion fuera de Colombia/LATAM/remoto global,desarrollo,,,,nueva,
674,greenhouse:twilio:8156362,twilio:seniorstrategicaccountexecutive,Twilio,greenhouse,twilio,8156362,Senior Strategic Account Executive,Remote - Australia,https://job-boards.greenhouse.io/twilio/jobs/8156362,2026-08-26T04:58:22-04:00,2026-09-21T16:33:41-05:00,,no,titulo fuera de perfil,desarrollo,,,,nueva,
675,greenhouse:twilio:8157507,twilio:seniorstrategicaccountexecutivefrenchspeaker,Twilio,greenhouse,twilio,8157507,Senior Strategic Account Executive (French Speaker),Remote - United Kingdom,https://job-boards.greenhouse.io/twilio/jobs/8157507,2026-08-27T13:01:22-04:00,2026-09-21T16:33:41-05:00,,no,titulo fuera de perfil,desarrollo,,,,nueva,
676,greenhouse:twilio:8185629,twilio:seniorstrategicaccountexecutivesea,Twilio,greenhouse,twilio,8185629,Senior Strategic Account Executive - SEA,Remote - Singapore,https://job-boards.greenhouse.io/twilio/jobs/8185629,2026-09-09T10:18:57-04:00,2026-09-21T16:33:41-05:00,,no,titulo fuera de perfil,desarrollo,,,,nueva,
677,greenhouse:twilio:8141746,twilio:seniortaxandcomplianceanalystpayroll,Twilio,greenhouse,twilio,8141746,Senior Tax and Compliance Analyst (Payroll),Remote - US,https://job-boards.greenhouse.io/twilio/jobs/8141746,2026-08-20T14:11:16-04:00,2026-09-21T16:33:41-05:00,,no,titulo fuera de perfil,desarrollo,,,,nueva,
678,greenhouse:twilio:8067440,twilio:seniortechnicalprogrammanagerservicestoolsdiagnostics,Twilio,greenhouse,twilio,8067440,"Senior Technical Program Manager, Services Tools & Diagnostics",Remote - US,https://job-boards.greenhouse.io/twilio/jobs/8067440,2026-07-17T17:23:06-04:00,2026-09-21T16:33:41-05:00,,no,ubicacion fuera de Colombia/LATAM/remoto global,desarrollo,,,,nueva,
679,greenhouse:twilio:8119052,twilio:seniortelecombillingspecialist,Twilio,greenhouse,twilio,8119052,Senior Telecom Billing Specialist,Remote - United Kingdom,https://job-boards.greenhouse.io/twilio/jobs/8119052,2026-08-13T13:14:38-04:00,2026-09-21T16:33:41-05:00,,no,titulo fuera de perfil,desarrollo,,,,nueva,
680,greenhouse:twilio:8213861,twilio:softwarearchitectenterpriseai,Twilio,greenhouse,twilio,8213861,Software Architect - Enterprise AI,Remote - Canada,https://job-boards.greenhouse.io/twilio/jobs/8213861,2026-09-18T14:34:54-04:00,2026-09-21T16:33:41-05:00,,no,ubicacion fuera de Colombia/LATAM/remoto global,desarrollo,,,,nueva,
681,greenhouse:twilio:7825089,twilio:softwarearchitectl6,Twilio,greenhouse,twilio,7825089,Software Architect (L6),Remote - India,https://job-boards.greenhouse.io/twilio/jobs/7825089,2026-05-04T00:45:33-04:00,2026-09-21T16:33:41-05:00,,no,ubicacion fuera de Colombia/LATAM/remoto global,desarrollo,,,,nueva,
682,greenhouse:twilio:8102950,twilio:softwaredevelopmentengineerl3,Twilio,greenhouse,twilio,8102950,Software Development Engineer (L3),Remote - Colombia,https://job-boards.greenhouse.io/twilio/jobs/8102950,2026-08-03T12:41:53-04:00,2026-09-21T16:33:41-05:00,,si,ubicacion compatible,desarrollo,6.1,"stack 4.6 (bruto 11.5) | seniority 10 (mid, desarrollo) | contexto 4",,nueva,
683,greenhouse:twilio:7647708,twilio:softwareengineer,Twilio,greenhouse,twilio,7647708,Software Engineer,Remote - Estonia,https://job-boards.greenhouse.io/twilio/jobs/7647708,2026-03-13T06:49:02-04:00,2026-09-21T16:33:41-05:00,,no,ubicacion fuera de Colombia/LATAM/remoto global,desarrollo,,,,nueva,
684,greenhouse:twilio:8100236,twilio:softwareengineerl2,Twilio,greenhouse,twilio,8100236,Software Engineer (L2),Remote - US,https://job-boards.greenhouse.io/twilio/jobs/8100236,2026-07-31T16:58:59-04:00,2026-09-21T16:33:41-05:00,,no,ubicacion fuera de Colombia/LATAM/remoto global,desarrollo,,,,nueva,
685,greenhouse:twilio:7689461,twilio:softwareengineerl2,Twilio,greenhouse,twilio,7689461,Software Engineer (L2),Remote - US,https://job-boards.greenhouse.io/twilio/jobs/7689461,2026-07-23T16:53:32-04:00,2026-09-21T16:33:41-05:00,,no,ubicacion fuera de Colombia/LATAM/remoto global,desarrollo,,,,nueva,
686,greenhouse:twilio:7434770,twilio:softwareengineerl2cloudinfrastructure,Twilio,greenhouse,twilio,7434770,Software Engineer L2 - Cloud Infrastructure,Remote - US,https://job-boards.greenhouse.io/twilio/jobs/7434770,2025-12-02T10:25:21-05:00,2026-09-21T16:33:41-05:00,,no,ubicacion fuera de Colombia/LATAM/remoto global,desarrollo,,,,nueva,
687,greenhouse:twilio:8052068,twilio:softwareengineerl2identity,Twilio,greenhouse,twilio,8052068,"Software Engineer (L2), Identity",Remote - US,https://job-boards.greenhouse.io/twilio/jobs/8052068,2026-09-09T15:12:46-04:00,2026-09-21T16:33:41-05:00,,no,ubicacion fuera de Colombia/LATAM/remoto global,desarrollo,,,,nueva,
688,greenhouse:twilio:8009057,twilio:softwareengineerl3,Twilio,greenhouse,twilio,8009057,Software Engineer L3,Remote - US,https://job-boards.greenhouse.io/twilio/jobs/8009057,2026-06-22T10:46:51-04:00,2026-09-21T16:33:41-05:00,,no,ubicacion fuera de Colombia/LATAM/remoto global,desarrollo,,,,nueva,
689,greenhouse:twilio:7954715,twilio:softwareengineerl3datasubstrate,Twilio,greenhouse,twilio,7954715,Software Engineer (L3) Data Substrate,Remote - US,https://job-boards.greenhouse.io/twilio/jobs/7954715,2026-06-01T13:07:39-04:00,2026-09-21T16:33:41-05:00,,no,ubicacion fuera de Colombia/LATAM/remoto global,desarrollo,,,,nueva,
690,greenhouse:twilio:8026207,twilio:softwareengineerplatformengineeringl2,Twilio,greenhouse,twilio,8026207,"Software Engineer, Platform Engineering (L2)",Remote - US,https://job-boards.greenhouse.io/twilio/jobs/8026207,2026-08-04T16:00:02-04:00,2026-09-21T16:33:41-05:00,,no,ubicacion fuera de Colombia/LATAM/remoto global,desarrollo,,,,nueva,
691,greenhouse:twilio:8026203,twilio:softwareengineerplatformengineeringl3,Twilio,greenhouse,twilio,8026203,Software Engineer-Platform Engineering (L3),Remote - US,https://job-boards.greenhouse.io/twilio/jobs/8026203,2026-08-04T15:52:01-04:00,2026-09-21T16:33:41-05:00,2026-09-23,no,ubicacion fuera de Colombia/LATAM/remoto global,desarrollo,,,,nueva,
692,greenhouse:twilio:7661919,twilio:softwareengineervideo,Twilio,greenhouse,twilio,7661919,Software Engineer - Video,Remote - US,https://job-boards.greenhouse.io/twilio/jobs/7661919,2026-02-27T11:24:08-05:00,2026-09-21T16:33:41-05:00,,no,ubicacion fuera de Colombia/LATAM/remoto global,desarrollo,,,,nueva,
693,greenhouse:twilio:7926891,twilio:sraiarchitectconversationalai,Twilio,greenhouse,twilio,7926891,Sr AI Architect - Conversational AI,Remote - US,https://job-boards.greenhouse.io/twilio/jobs/7926891,2026-07-24T18:14:38-04:00,2026-09-21T16:33:41-05:00,,no,ubicacion fuera de Colombia/LATAM/remoto global,desarrollo,,,,nueva,
694,greenhouse:twilio:7960476,twilio:srarchitectemergingtechnologies,Twilio,greenhouse,twilio,7960476,Sr Architect - Emerging Technologies,Remote - US,https://job-boards.greenhouse.io/twilio/jobs/7960476,2026-07-24T18:02:54-04:00,2026-09-21T16:33:41-05:00,,no,titulo fuera de perfil,desarrollo,,,,nueva,
695,greenhouse:twilio:8189769,twilio:srmarketingstrategyandanalyticsmanager,Twilio,greenhouse,twilio,8189769,Sr. Marketing Strategy and Analytics Manager,Remote - US,https://job-boards.greenhouse.io/twilio/jobs/8189769,2026-09-15T14:25:10-04:00,2026-09-21T16:33:41-05:00,,no,titulo fuera de perfil,desarrollo,,,,nueva,
696,greenhouse:twilio:8108776,twilio:srprincipalproductmanager,Twilio,greenhouse,twilio,8108776,Sr. Principal Product Manager,Remote - US,https://job-boards.greenhouse.io/twilio/jobs/8108776,2026-08-07T14:00:14-04:00,2026-09-21T16:33:41-05:00,,no,titulo fuera de perfil,desarrollo,,,,nueva,
697,greenhouse:twilio:8128863,twilio:srstrategyoperationsanalystdealdesk,Twilio,greenhouse,twilio,8128863,"Sr. Strategy & Operations Analyst, Deal Desk",Remote - US,https://job-boards.greenhouse.io/twilio/jobs/8128863,2026-08-13T16:46:47-04:00,2026-09-21T16:33:41-05:00,,no,titulo fuera de perfil,automatizacion,,,,nueva,
698,greenhouse:twilio:8074762,twilio:staffbusinessintelligenceengineer,Twilio,greenhouse,twilio,8074762,"Staff, Business Intelligence Engineer",Remote - US,https://job-boards.greenhouse.io/twilio/jobs/8074762,2026-07-22T14:32:05-04:00,2026-09-21T16:33:41-05:00,,no,ubicacion fuera de Colombia/LATAM/remoto global,desarrollo,,,,nueva,
699,greenhouse:twilio:8160279,twilio:staffenterprisesecurityengineeraisecurity,Twilio,greenhouse,twilio,8160279,"Staff Enterprise Security Engineer, AI Security",Remote - US,https://job-boards.greenhouse.io/twilio/jobs/8160279,2026-08-26T15:25:54-04:00,2026-09-21T16:33:41-05:00,,no,ubicacion fuera de Colombia/LATAM/remoto global,desarrollo,,,,nueva,
700,greenhouse:twilio:7904293,twilio:staffproductmanager,Twilio,greenhouse,twilio,7904293,Staff Product Manager,Remote - Canada,https://job-boards.greenhouse.io/twilio/jobs/7904293,2026-06-12T16:58:59-04:00,2026-09-21T16:33:41-05:00,,no,titulo fuera de perfil,desarrollo,,,,nueva,
701,greenhouse:twilio:8131091,twilio:staffproductmanager,Twilio,greenhouse,twilio,8131091,Staff Product Manager,Remote - US,https://job-boards.greenhouse.io/twilio/jobs/8131091,2026-08-26T13:01:51-04:00,2026-09-21T16:33:41-05:00,,no,titulo fuera de perfil,desarrollo,,,,nueva,
702,greenhouse:twilio:8157344,twilio:staffsecurityengineerthreathunting,Twilio,greenhouse,twilio,8157344,"Staff Security Engineer, Threat Hunting",Remote - US,https://job-boards.greenhouse.io/twilio/jobs/8157344,2026-09-04T11:25:32-04:00,2026-09-21T16:33:41-05:00,,no,ubicacion fuera de Colombia/LATAM/remoto global,desarrollo,,,,nueva,
703,greenhouse:twilio:8065043,twilio:staffsoftwareengineer,Twilio,greenhouse,twilio,8065043,Staff Software Engineer,Remote - US,https://job-boards.greenhouse.io/twilio/jobs/8065043,2026-07-21T21:50:36-04:00,2026-09-21T16:33:41-05:00,,no,ubicacion fuera de Colombia/LATAM/remoto global,desarrollo,,,,nueva,
704,greenhouse:twilio:8071710,twilio:staffsoftwareengineer,Twilio,greenhouse,twilio,8071710,Staff Software Engineer,Remote - Ireland,https://job-boards.greenhouse.io/twilio/jobs/8071710,2026-07-17T11:35:27-04:00,2026-09-21T16:33:41-05:00,,no,ubicacion fuera de Colombia/LATAM/remoto global,desarrollo,,,,nueva,
705,greenhouse:twilio:7944328,twilio:staffsoftwareengineer,Twilio,greenhouse,twilio,7944328,Staff Software Engineer,Remote - Canada,https://job-boards.greenhouse.io/twilio/jobs/7944328,2026-06-18T15:08:29-04:00,2026-09-21T16:33:41-05:00,,no,ubicacion fuera de Colombia/LATAM/remoto global,desarrollo,,,,nueva,
706,greenhouse:twilio:7716279,twilio:staffsoftwareengineerl4,Twilio,greenhouse,twilio,7716279,Staff Software Engineer (L4),Remote - Canada,https://job-boards.greenhouse.io/twilio/jobs/7716279,2026-03-13T17:04:29-04:00,2026-09-21T16:33:41-05:00,,no,ubicacion fuera de Colombia/LATAM/remoto global,desarrollo,,,,nueva,
707,greenhouse:twilio:7782805,twilio:staffsoftwareengineerl4dataplatform,Twilio,greenhouse,twilio,7782805,Staff Software Engineer (L4) Data Platform,Remote - US,https://job-boards.greenhouse.io/twilio/jobs/7782805,2026-04-06T18:00:59-04:00,2026-09-21T16:33:41-05:00,,no,ubicacion fuera de Colombia/LATAM/remoto global,desarrollo,,,,nueva,
708,greenhouse:twilio:7979240,twilio:staffsolutionsarchitectopportunitylifecyclemanagement,Twilio,greenhouse,twilio,7979240,"Staff Solutions Architect, Opportunity LifeCycle Management",Remote - US,https://job-boards.greenhouse.io/twilio/jobs/7979240,2026-06-05T09:45:32-04:00,2026-09-21T16:33:41-05:00,,no,ubicacion fuera de Colombia/LATAM/remoto global,automatizacion,,,,nueva,
709,greenhouse:twilio:8172315,twilio:stafftechnicalaccountmanager,Twilio,greenhouse,twilio,8172315,"Staff, Technical Account Manager",Remote - US,https://job-boards.greenhouse.io/twilio/jobs/8172315,2026-09-07T22:35:02-04:00,2026-09-21T16:33:41-05:00,,no,ubicacion fuera de Colombia/LATAM/remoto global,desarrollo,,,,nueva,
710,greenhouse:twilio:7785025,twilio:strategicaccountexecutive,Twilio,greenhouse,twilio,7785025,Strategic Account Executive,Remote - United Kingdom,https://job-boards.greenhouse.io/twilio/jobs/7785025,2026-04-09T11:38:13-04:00,2026-09-21T16:33:41-05:00,,no,titulo fuera de perfil,desarrollo,,,,nueva,
711,greenhouse:twilio:7972644,twilio:strategicaccountexecutive,Twilio,greenhouse,twilio,7972644,Strategic Account Executive,Remote - Mexico,https://job-boards.greenhouse.io/twilio/jobs/7972644,2026-06-03T15:56:42-04:00,2026-09-21T16:33:41-05:00,,no,titulo fuera de perfil,desarrollo,,,,nueva,
712,greenhouse:twilio:8160532,twilio:strategicaccountexecutive,Twilio,greenhouse,twilio,8160532,Strategic Account Executive,Remote - United Kingdom,https://job-boards.greenhouse.io/twilio/jobs/8160532,2026-09-02T15:25:06-04:00,2026-09-21T16:33:41-05:00,,no,titulo fuera de perfil,desarrollo,,,,nueva,
713,greenhouse:twilio:8178812,twilio:strategicaccountexecutive,Twilio,greenhouse,twilio,8178812,Strategic Account Executive,Remote - Singapore,https://job-boards.greenhouse.io/twilio/jobs/8178812,2026-09-08T08:02:13-04:00,2026-09-21T16:33:41-05:00,,no,titulo fuera de perfil,desarrollo,,,,nueva,
714,greenhouse:twilio:8088055,twilio:strategicaccountexecutive,Twilio,greenhouse,twilio,8088055,Strategic Account Executive,Remote - Japan,https://job-boards.greenhouse.io/twilio/jobs/8088055,2026-07-29T01:09:31-04:00,2026-09-21T16:33:41-05:00,,no,titulo fuera de perfil,desarrollo,,,,nueva,
715,greenhouse:twilio:8056267,twilio:strategicaccountexecutive4,Twilio,greenhouse,twilio,8056267,Strategic Account Executive 4,Remote - US,https://job-boards.greenhouse.io/twilio/jobs/8056267,2026-09-03T09:29:17-04:00,2026-09-21T16:33:41-05:00,,no,titulo fuera de perfil,desarrollo,,,,nueva,
716,greenhouse:twilio:7865849,twilio:strategicaccountexecutivegermanspeaking,Twilio,greenhouse,twilio,7865849,Strategic Account Executive (German Speaking),Remote - Spain,https://job-boards.greenhouse.io/twilio/jobs/7865849,2026-04-29T06:50:58-04:00,2026-09-21T16:33:41-05:00,,no,titulo fuera de perfil,desarrollo,,,,nueva,
717,greenhouse:twilio:7966928,twilio:techleadsrprincipalengineerl6,Twilio,greenhouse,twilio,7966928,Tech Lead /Sr. Principal Engineer (L6),Remote - India,https://job-boards.greenhouse.io/twilio/jobs/7966928,2026-06-16T08:38:35-04:00,2026-09-21T16:33:41-05:00,,no,ubicacion fuera de Colombia/LATAM/remoto global,desarrollo,,,,nueva,
718,greenhouse:twilio:8067909,twilio:technicalaccountmanager3,Twilio,greenhouse,twilio,8067909,Technical Account Manager 3,Remote - Colombia,https://job-boards.greenhouse.io/twilio/jobs/8067909,2026-07-22T13:10:03-04:00,2026-09-21T16:33:41-05:00,,si,ubicacion compatible,desarrollo,0,"stack 2.4 (bruto 6) | seniority 0 (lead, desarrollo) | contexto 4",KNOCKOUT: seniority 'lead' fuera de alcance en rol de desarrollo || BRECHA: piden 4+ anos de experiencia,nueva,
719,greenhouse:twilio:8208126,twilio:technicalsupportengineer,Twilio,greenhouse,twilio,8208126,Technical Support Engineer,Remote - Ireland,https://job-boards.greenhouse.io/twilio/jobs/8208126,2026-09-17T03:45:00-04:00,2026-09-21T16:33:41-05:00,,no,ubicacion fuera de Colombia/LATAM/remoto global,desarrollo,,,,nueva,
720,greenhouse:twilio:8140436,twilio:technicalsupportengineer2,Twilio,greenhouse,twilio,8140436,Technical Support Engineer 2,Remote - Colombia,https://job-boards.greenhouse.io/twilio/jobs/8140436,2026-08-21T17:14:45-04:00,2026-09-21T16:33:41-05:00,,si,ubicacion compatible,desarrollo,4,"stack 2.8 (bruto 7) | seniority 6 (sin_marca, desarrollo) | contexto 4",,nueva,
721,greenhouse:twilio:8079708,twilio:technicalsupportengineer2,Twilio,greenhouse,twilio,8079708,Technical Support Engineer 2,Remote - India,https://job-boards.greenhouse.io/twilio/jobs/8079708,2026-07-30T00:40:00-04:00,2026-09-21T16:33:41-05:00,,no,ubicacion fuera de Colombia/LATAM/remoto global,desarrollo,,,,nueva,
722,greenhouse:twilio:8206834,twilio:technicalsupportexpert2,Twilio,greenhouse,twilio,8206834,Technical Support Expert 2,Remote - Colombia,https://job-boards.greenhouse.io/twilio/jobs/8206834,2026-09-17T14:46:16-04:00,2026-09-21T16:33:41-05:00,,si,ubicacion compatible,desarrollo,3.6,"stack 2.0 (bruto 5) | seniority 6 (sin_marca, desarrollo) | contexto 4",BRECHA: piden 3+ anos de experiencia || RIESGO: exigen ingles alto,nueva,
723,greenhouse:twilio:8185920,twilio:vendoroperationsgovernancespecialist,Twilio,greenhouse,twilio,8185920,Vendor Operations & Governance Specialist,Remote - US,https://job-boards.greenhouse.io/twilio/jobs/8185920,2026-09-09T18:42:32-04:00,2026-09-21T16:33:41-05:00,,no,titulo fuera de perfil,automatizacion,,,,nueva,
724,greenhouse:wizeline:7027885,wizeline:accountexecutive,Wizeline,greenhouse,wizeline,7027885,Account Executive,"San Francisco, California, United States",https://www.wizeline.ai/careers/job?gh_jid=7027885,2025-07-01T15:25:29-04:00,2026-09-21T16:33:41-05:00,,no,titulo fuera de perfil,desarrollo,,,,nueva,
725,greenhouse:wizeline:8214794,wizeline:aiengineerbarcelonaspain,Wizeline,greenhouse,wizeline,8214794,AI Engineer (Barcelona-Spain),Barcelona - Spain,https://www.wizeline.ai/careers/job?gh_jid=8214794,2026-09-18T17:48:16-04:00,2026-09-21T16:33:41-05:00,2026-09-22,no,ubicacion fuera de Colombia/LATAM/remoto global,desarrollo,,,,nueva,
726,greenhouse:wizeline:8148341,wizeline:aisolutionsarchitect,Wizeline,greenhouse,wizeline,8148341,AI Solutions Architect,Colombia,https://www.wizeline.ai/careers/job?gh_jid=8148341,2026-08-21T15:53:58-04:00,2026-09-21T16:33:41-05:00,2026-09-21,si,ubicacion compatible,automatizacion,2.8,"stack 3.2 (bruto 8) | seniority 4 (lead, automatizacion) | contexto 0",BRECHA: titulo 'lead' en rol de automatizacion || BRECHA: piden 7+ anos de experiencia || RIESGO: exigen ingles alto,nueva,
727,greenhouse:wizeline:8148335,wizeline:aisolutionsarchitect,Wizeline,greenhouse,wizeline,8148335,AI Solutions Architect,Mexico,https://www.wizeline.ai/careers/job?gh_jid=8148335,2026-08-21T15:49:39-04:00,2026-09-21T16:33:41-05:00,2026-09-21,no,ubicacion fuera de Colombia/LATAM/remoto global,automatizacion,,,,nueva,
728,greenhouse:wizeline:2593140,wizeline:androidengineer,Wizeline,greenhouse,wizeline,2593140,Android Engineer,Mexico City- On-site,https://www.wizeline.ai/careers/job?gh_jid=2593140,2021-02-08T12:40:32-05:00,2026-09-21T16:33:41-05:00,,no,ubicacion fuera de Colombia/LATAM/remoto global,desarrollo,,,,nueva,
729,greenhouse:wizeline:7233442,wizeline:copyeditor,Wizeline,greenhouse,wizeline,7233442,Copy Editor,Mexico,https://www.wizeline.ai/careers/job?gh_jid=7233442,2026-03-25T17:46:09-04:00,2026-09-21T16:33:41-05:00,,no,titulo fuera de perfil,desarrollo,,,,nueva,
730,greenhouse:wizeline:7264950,wizeline:fullstacksoftwareengineerreactnode,Wizeline,greenhouse,wizeline,7264950,Fullstack Software Engineer - React & Node,Colombia,https://www.wizeline.ai/careers/job?gh_jid=7264950,2025-09-19T19:05:44-04:00,2026-09-21T16:33:41-05:00,,si,ubicacion compatible,desarrollo,3.4,"stack 3.2 (bruto 8) | seniority 6 (sin_marca, desarrollo) | contexto 0",BRECHA: piden 4+ anos de experiencia,nueva,
731,greenhouse:wizeline:3444939,wizeline:iosdeveloper,Wizeline,greenhouse,wizeline,3444939,iOS Developer,Mexico City- On-site,https://www.wizeline.ai/careers/job?gh_jid=3444939,2021-09-02T15:16:01-04:00,2026-09-21T16:33:41-05:00,,no,ubicacion fuera de Colombia/LATAM/remoto global,desarrollo,,,,nueva,
732,greenhouse:wizeline:8204896,wizeline:javadeveloper,Wizeline,greenhouse,wizeline,8204896,Java Developer,Mexico,https://www.wizeline.ai/careers/job?gh_jid=8204896,2026-09-15T14:32:17-04:00,2026-09-21T16:33:41-05:00,,no,ubicacion fuera de Colombia/LATAM/remoto global,desarrollo,,,,nueva,
733,greenhouse:wizeline:6128467,wizeline:javasoftwareengineerbarcelonahybrid,Wizeline,greenhouse,wizeline,6128467,Java Software Engineer - Barcelona (Hybrid),Barcelona,https://www.wizeline.ai/careers/job?gh_jid=6128467,2024-07-23T06:38:39-04:00,2026-09-21T16:33:41-05:00,2026-09-21,no,ubicacion fuera de Colombia/LATAM/remoto global,desarrollo,,,,nueva,
734,greenhouse:wizeline:8082197,wizeline:leadvisualcommunicator,Wizeline,greenhouse,wizeline,8082197,Lead Visual Communicator,Mexico City,https://www.wizeline.ai/careers/job?gh_jid=8082197,2026-07-23T15:03:44-04:00,2026-09-21T16:33:41-05:00,,no,titulo fuera de perfil,desarrollo,,,,nueva,
735,greenhouse:wizeline:7389898,wizeline:literaturecoordinatorprintproducer,Wizeline,greenhouse,wizeline,7389898,Literature coordinator / Print Producer,Mexico,https://www.wizeline.ai/careers/job?gh_jid=7389898,2025-11-11T15:50:55-05:00,2026-09-21T16:33:41-05:00,,no,titulo fuera de perfil,desarrollo,,,,nueva,
736,greenhouse:wizeline:6427141,wizeline:llmnetsoftwareengineer,Wizeline,greenhouse,wizeline,6427141,LLM/.NET Software Engineer,Spain,https://www.wizeline.ai/careers/job?gh_jid=6427141,2024-11-22T14:14:48-05:00,2026-09-21T16:33:41-05:00,,no,ubicacion fuera de Colombia/LATAM/remoto global,desarrollo,,,,nueva,
737,greenhouse:wizeline:7475540,wizeline:middataengineerbarcelonahybrid,Wizeline,greenhouse,wizeline,7475540,Mid Data Engineer (Barcelona hybrid),Barcelona,https://www.wizeline.ai/careers/job?gh_jid=7475540,2025-12-16T08:38:57-05:00,2026-09-21T16:33:41-05:00,,no,ubicacion fuera de Colombia/LATAM/remoto global,desarrollo,,,,nueva,
738,greenhouse:wizeline:7379405,wizeline:mobileengineerkotlin,Wizeline,greenhouse,wizeline,7379405,Mobile Engineer (Kotlin),Ciudad de Mexico,https://www.wizeline.ai/careers/job?gh_jid=7379405,2025-11-06T01:06:04-05:00,2026-09-21T16:33:41-05:00,,no,ubicacion fuera de Colombia/LATAM/remoto global,desarrollo,,,,nueva,
739,greenhouse:wizeline:6428142,wizeline:netsoftwareengineer,Wizeline,greenhouse,wizeline,6428142,.NET Software Engineer,Romania based Remote,https://www.wizeline.ai/careers/job?gh_jid=6428142,2024-11-22T21:45:05-05:00,2026-09-21T16:33:41-05:00,,no,ubicacion fuera de Colombia/LATAM/remoto global,desarrollo,,,,nueva,
740,greenhouse:wizeline:8130648,wizeline:printproductionprojectmanager,Wizeline,greenhouse,wizeline,8130648,Print Production Project Manager,Mexico,https://www.wizeline.ai/careers/job?gh_jid=8130648,2026-08-14T13:42:42-04:00,2026-09-21T16:33:41-05:00,,no,titulo fuera de perfil,desarrollo,,,,nueva,
741,greenhouse:wizeline:7406176,wizeline:productdesignerhybridbarcelona,Wizeline,greenhouse,wizeline,7406176,Product Designer (Hybrid Barcelona),"Barcelona, Spain",https://www.wizeline.ai/careers/job?gh_jid=7406176,2025-11-18T13:03:19-05:00,2026-09-21T16:33:41-05:00,,no,titulo fuera de perfil,desarrollo,,,,nueva,
742,greenhouse:wizeline:6799359,wizeline:projectmanager,Wizeline,greenhouse,wizeline,6799359,Project Manager,Mexico City,https://www.wizeline.ai/careers/job?gh_jid=6799359,2025-04-11T17:33:12-04:00,2026-09-21T16:33:41-05:00,,no,titulo fuera de perfil,desarrollo,,,,nueva,
743,greenhouse:wizeline:6566944,wizeline:senioraiengineer,Wizeline,greenhouse,wizeline,6566944,Senior AI Engineer,Colombia,https://www.wizeline.ai/careers/job?gh_jid=6566944,2025-01-22T16:47:34-05:00,2026-09-21T16:33:41-05:00,2026-09-21,si,ubicacion compatible,desarrollo,3.3,"stack 4.8 (bruto 12) | seniority 3 (senior, desarrollo) | contexto 0","BRECHA: titulo 'senior' en rol de desarrollo || BRECHA: piden 5+ anos de experiencia || RIESGO: menciona presencial/hibrido, confirmar",nueva,
744,greenhouse:wizeline:7306267,wizeline:senioraiengineerpythonadvanced,Wizeline,greenhouse,wizeline,7306267,Senior AI Engineer (Python Advanced),Colombia,https://www.wizeline.ai/careers/job?gh_jid=7306267,2025-10-07T14:56:42-04:00,2026-09-21T16:33:41-05:00,2026-09-21,si,ubicacion compatible,desarrollo,4.3,"stack 6.8 (bruto 17) | seniority 3 (senior, desarrollo) | contexto 0",BRECHA: titulo 'senior' en rol de desarrollo,nueva,
745,greenhouse:wizeline:7808480,wizeline:seniorbideveloperdataanalyticsspecialist,Wizeline,greenhouse,wizeline,7808480,Senior BI Developer / Data & Analytics Specialist,Mexico,https://www.wizeline.ai/careers/job?gh_jid=7808480,2026-04-10T14:59:40-04:00,2026-09-21T16:33:41-05:00,2026-09-22,no,ubicacion fuera de Colombia/LATAM/remoto global,desarrollo,,,,nueva,
746,greenhouse:wizeline:3769493,wizeline:seniorbusinessanalyst,Wizeline,greenhouse,wizeline,3769493,Senior Business Analyst,Mexico City,https://www.wizeline.ai/careers/job?gh_jid=3769493,2021-12-22T19:48:06-05:00,2026-09-21T16:33:41-05:00,,no,titulo fuera de perfil,desarrollo,,,,nueva,
747,greenhouse:wizeline:8095397,wizeline:seniorfullstacksoftwareengineerai,Wizeline,greenhouse,wizeline,8095397,Senior Full-Stack Software Engineer & AI,Barcelona,https://www.wizeline.ai/careers/job?gh_jid=8095397,2026-07-29T18:47:22-04:00,2026-09-21T16:33:41-05:00,,no,ubicacion fuera de Colombia/LATAM/remoto global,desarrollo,,,,nueva,
748,greenhouse:wizeline:4635298,wizeline:seniorjavascriptsoftwareengineerbarcelonahybrid,Wizeline,greenhouse,wizeline,4635298,Senior JavaScript Software Engineer (Barcelona - Hybrid),"Barcelona, Spain",https://www.wizeline.ai/careers/job?gh_jid=4635298,2025-03-21T07:45:50-04:00,2026-09-21T16:33:41-05:00,2026-09-22,no,ubicacion fuera de Colombia/LATAM/remoto global,desarrollo,,,,nueva,
749,greenhouse:wizeline:7905176,wizeline:seniormarketingprojectmanager,Wizeline,greenhouse,wizeline,7905176,Senior Marketing Project Manager,Guadalajara,https://www.wizeline.ai/careers/job?gh_jid=7905176,2026-05-07T18:03:10-04:00,2026-09-21T16:33:41-05:00,,no,titulo fuera de perfil,desarrollo,,,,nueva,
750,greenhouse:wizeline:6428143,wizeline:seniornetsoftwareengineer,Wizeline,greenhouse,wizeline,6428143,Senior .NET Software Engineer,Romania based Remote,https://www.wizeline.ai/careers/job?gh_jid=6428143,2025-01-27T18:14:21-05:00,2026-09-21T16:33:41-05:00,,no,ubicacion fuera de Colombia/LATAM/remoto global,desarrollo,,,,nueva,
751,greenhouse:wizeline:7384390,wizeline:seniorproductdesignerbarcelonahybrid,Wizeline,greenhouse,wizeline,7384390,Senior Product Designer - Barcelona Hybrid,Barcelona,https://www.wizeline.ai/careers/job?gh_jid=7384390,2026-02-19T15:33:09-05:00,2026-09-21T16:33:41-05:00,,no,titulo fuera de perfil,desarrollo,,,,nueva,
752,greenhouse:wizeline:8204597,wizeline:seniorproductmanager,Wizeline,greenhouse,wizeline,8204597,Senior Product Manager,Mexico,https://www.wizeline.ai/careers/job?gh_jid=8204597,2026-09-15T12:42:33-04:00,2026-09-21T16:33:41-05:00,,no,titulo fuera de perfil,desarrollo,,,,nueva,
753,greenhouse:wizeline:6605156,wizeline:seniorsitereliabilityengineerawscloud,Wizeline,greenhouse,wizeline,6605156,Senior Site Reliability Engineer (AWS Cloud),Romania,https://www.wizeline.ai/careers/job?gh_jid=6605156,2026-07-01T13:29:32-04:00,2026-09-21T16:33:41-05:00,,no,ubicacion fuera de Colombia/LATAM/remoto global,desarrollo,,,,nueva,
754,greenhouse:wizeline:8041565,wizeline:sitereliabilityengineer,Wizeline,greenhouse,wizeline,8041565,Site Reliability Engineer,Romania,https://www.wizeline.ai/careers/job?gh_jid=8041565,2026-07-01T12:09:17-04:00,2026-09-21T16:33:41-05:00,,no,ubicacion fuera de Colombia/LATAM/remoto global,desarrollo,,,,nueva,
755,greenhouse:wizeline:5882669,wizeline:sitereliabilityengineercloudsecurityposturemanagement,Wizeline,greenhouse,wizeline,5882669,Site Reliability Engineer / Cloud Security & Posture Management,Argentina based Remote,https://www.wizeline.ai/careers/job?gh_jid=5882669,2024-10-29T17:24:20-04:00,2026-09-21T16:33:41-05:00,2026-09-22,no,ubicacion fuera de Colombia/LATAM/remoto global,desarrollo,,,,nueva,
756,greenhouse:wizeline:7939095,wizeline:staffbackendengineergraphqlawspython,Wizeline,greenhouse,wizeline,7939095,Staff Backend Engineer (GraphQL / AWS / Python),Colombia,https://www.wizeline.ai/careers/job?gh_jid=7939095,2026-05-18T11:18:39-04:00,2026-09-21T16:33:41-05:00,,si,ubicacion compatible,desarrollo,0,"stack 5.2 (bruto 13) | seniority 0 (top, desarrollo) | contexto 0",KNOCKOUT: seniority 'top' fuera de alcance en rol de desarrollo || KNOCKOUT: presencial o hibrido exigido,nueva,
757,greenhouse:wizeline:2956165,wizeline:staffnodejssoftwareengineer,Wizeline,greenhouse,wizeline,2956165,Staff Node.js Software Engineer,Spain,https://www.wizeline.ai/careers/job?gh_jid=2956165,2023-01-16T12:48:47-05:00,2026-09-21T16:33:41-05:00,,no,ubicacion fuera de Colombia/LATAM/remoto global,desarrollo,,,,nueva,
758,greenhouse:wizeline:7627098,wizeline:techdirectorhealthtechai,Wizeline,greenhouse,wizeline,7627098,Tech Director (Health Tech & AI),Guadalajara,https://www.wizeline.ai/careers/job?gh_jid=7627098,2026-02-18T09:51:51-05:00,2026-09-21T16:33:41-05:00,,no,ubicacion fuera de Colombia/LATAM/remoto global,desarrollo,,,,nueva,
759,greenhouse:wizeline:7895350,wizeline:visualdesignerdatavisualizationproduction,Wizeline,greenhouse,wizeline,7895350,Visual Designer (Data Visualization & Production),Mexico City and Guadalajara,https://www.wizeline.ai/careers/job?gh_jid=7895350,2026-05-05T14:25:38-04:00,2026-09-21T16:33:41-05:00,,no,ubicacion fuera de Colombia/LATAM/remoto global,desarrollo,,,,nueva,
760,greenhouse:factored:5387548008,factored:deliverymanager,Factored,greenhouse,factored,5387548008,Delivery Manager,Colombia,https://job-boards.greenhouse.io/factored/jobs/5387548008,2026-08-25T16:54:36-04:00,2026-09-21T16:33:41-05:00,,no,titulo fuera de perfil,desarrollo,,,,nueva,
761,greenhouse:factored:5364982008,factored:engagementconsultant,Factored,greenhouse,factored,5364982008,Engagement Consultant,Colombia,https://job-boards.greenhouse.io/factored/jobs/5364982008,2026-07-20T22:08:36-04:00,2026-09-21T16:33:41-05:00,,no,titulo fuera de perfil,desarrollo,,,,nueva,
762,greenhouse:factored:5025597008,factored:enterpriseaccountexecutive,Factored,greenhouse,factored,5025597008,Enterprise Account Executive,United States,https://job-boards.greenhouse.io/factored/jobs/5025597008,2025-12-15T10:28:57-05:00,2026-09-21T16:33:41-05:00,,no,titulo fuera de perfil,desarrollo,,,,nueva,
763,greenhouse:factored:5424770008,factored:financeanalyst,Factored,greenhouse,factored,5424770008,Finance Analyst,Colombia,https://job-boards.greenhouse.io/factored/jobs/5424770008,2026-09-19T21:47:05-04:00,2026-09-21T16:33:41-05:00,,no,titulo fuera de perfil,desarrollo,,,,nueva,
764,greenhouse:factored:5386618008,factored:headofenterpriseaccountmanagement,Factored,greenhouse,factored,5386618008,Head of Enterprise Account Management,United States,https://job-boards.greenhouse.io/factored/jobs/5386618008,2026-08-13T11:24:08-04:00,2026-09-21T16:33:41-05:00,,no,titulo fuera de perfil,desarrollo,,,,nueva,
765,greenhouse:factored:5378056008,factored:salesengineer,Factored,greenhouse,factored,5378056008,Sales Engineer,Colombia,https://job-boards.greenhouse.io/factored/jobs/5378056008,2026-08-05T09:50:54-04:00,2026-09-21T16:33:41-05:00,,si,ubicacion compatible,desarrollo,5.8,"stack 4.0 (bruto 10) | seniority 6 (sin_marca, desarrollo) | contexto 10",BRECHA: piden 3+ anos de experiencia || RIESGO: exigen ingles alto,nueva,
766,greenhouse:factored:4514946008,factored:senioraiengineer,Factored,greenhouse,factored,4514946008,Senior AI Engineer,Latin America,https://job-boards.greenhouse.io/factored/jobs/4514946008,2025-01-30T13:02:39-05:00,2026-09-21T16:33:41-05:00,,si,ubicacion compatible,desarrollo,6,"stack 6.2 (bruto 15.5) | seniority 3 (senior, desarrollo) | contexto 10",BRECHA: titulo 'senior' en rol de desarrollo || BRECHA: piden 5+ anos de experiencia || RIESGO: exigen ingles alto,nueva,
767,greenhouse:factored:4502771008,factored:senioranalyticsengineer,Factored,greenhouse,factored,4502771008,Senior Analytics Engineer,Latin America,https://job-boards.greenhouse.io/factored/jobs/4502771008,2025-04-22T16:34:48-04:00,2026-09-21T16:33:41-05:00,,si,ubicacion compatible,desarrollo,3.1,"stack 2.8 (bruto 7) | seniority 3 (senior, desarrollo) | contexto 4",BRECHA: titulo 'senior' en rol de desarrollo || BRECHA: piden 5+ anos de experiencia,nueva,
768,greenhouse:factored:4502752008,factored:seniordataanalysttableau,Factored,greenhouse,factored,4502752008,Senior Data Analyst (Tableau),Colombia,https://job-boards.greenhouse.io/factored/jobs/4502752008,2025-02-18T18:07:09-05:00,2026-09-21T16:33:41-05:00,,si,ubicacion compatible,desarrollo,3.1,"stack 2.8 (bruto 7) | seniority 3 (senior, desarrollo) | contexto 4",BRECHA: titulo 'senior' en rol de desarrollo || BRECHA: piden 4+ anos de experiencia,nueva,
769,greenhouse:factored:5345017008,factored:seniormachinelearningengineerllmsagenticworkflows,Factored,greenhouse,factored,5345017008,Senior Machine Learning Engineer (LLMs - Agentic Workflows),Latin America,https://job-boards.greenhouse.io/factored/jobs/5345017008,2026-07-13T18:37:35-04:00,2026-09-21T16:33:41-05:00,,si,ubicacion compatible,automatizacion,6.4,"stack 6.4 (bruto 16) | seniority 8 (senior, automatizacion) | contexto 4",BRECHA: piden 5+ anos de experiencia,nueva,
770,greenhouse:factored:4514912008,factored:seniormachinelearningengineerrags,Factored,greenhouse,factored,4514912008,Senior Machine Learning Engineer (RAGs),Latin America,https://job-boards.greenhouse.io/factored/jobs/4514912008,2025-01-30T13:02:32-05:00,2026-09-21T16:33:41-05:00,,si,ubicacion compatible,desarrollo,4.1,"stack 3.2 (bruto 8) | seniority 3 (senior, desarrollo) | contexto 8",BRECHA: titulo 'senior' en rol de desarrollo,nueva,
771,greenhouse:factored:4514928008,factored:seniormachinelearningengineerrecommendersystems,Factored,greenhouse,factored,4514928008,Senior Machine Learning Engineer (Recommender Systems),Latin America,https://job-boards.greenhouse.io/factored/jobs/4514928008,2025-01-30T13:02:30-05:00,2026-09-21T16:33:41-05:00,,si,ubicacion compatible,desarrollo,0,"stack 1.0 (bruto 2.5) | seniority 3 (senior, desarrollo) | contexto 4",KNOCKOUT: stack 1.0 bajo el piso de 2.0 || BRECHA: titulo 'senior' en rol de desarrollo,nueva,
772,greenhouse:factored:4502954008,factored:seniormlopsengineer,Factored,greenhouse,factored,4502954008,Senior MLOps Engineer,Latin America,https://job-boards.greenhouse.io/factored/jobs/4502954008,2025-03-26T11:50:45-04:00,2026-09-21T16:33:41-05:00,,si,ubicacion compatible,desarrollo,0,"stack 1.0 (bruto 2.5) | seniority 3 (senior, desarrollo) | contexto 4",KNOCKOUT: stack 1.0 bajo el piso de 2.0 || BRECHA: titulo 'senior' en rol de desarrollo,nueva,
773,greenhouse:factored:5427667008,factored:srfpaanalyst,Factored,greenhouse,factored,5427667008,Sr. FP&A Analyst,Colombia,https://job-boards.greenhouse.io/factored/jobs/5427667008,2026-09-19T22:37:09-04:00,2026-09-21T16:33:41-05:00,,no,titulo fuera de perfil,desarrollo,,,,nueva,
774,greenhouse:factored:5425364008,factored:staffaiengineer,Factored,greenhouse,factored,5425364008,Staff AI Engineer,Latin America,https://job-boards.greenhouse.io/factored/jobs/5425364008,2026-09-16T18:25:29-04:00,2026-09-21T16:33:41-05:00,,si,ubicacion compatible,desarrollo,0,"stack 7.0 (bruto 17.5) | seniority 0 (top, desarrollo) | contexto 8",KNOCKOUT: seniority 'top' fuera de alcance en rol de desarrollo || RIESGO: exigen ingles alto,nueva,
775,greenhouse:cobre:4395704009,cobre:abogadocobrefinancial,Cobre,greenhouse,cobre,4395704009,Abogado - Cobre Financial,"Bogotá, Colombia",https://job-boards.greenhouse.io/cobre/jobs/4395704009,2026-09-16T22:09:48-04:00,2026-09-21T16:33:41-05:00,,no,titulo fuera de perfil,desarrollo,,,,nueva,
776,greenhouse:cobre:4396896009,cobre:accountingspecialist,Cobre,greenhouse,cobre,4396896009,Accounting Specialist,"Bogotá, Colombia",https://job-boards.greenhouse.io/cobre/jobs/4396896009,2026-09-04T22:36:30-04:00,2026-09-21T16:33:41-05:00,,no,titulo fuera de perfil,desarrollo,,,,nueva,
777,greenhouse:cobre:4402066009,cobre:analistadeonboarding,Cobre,greenhouse,cobre,4402066009,Analista de Onboarding,Mexico,https://job-boards.greenhouse.io/cobre/jobs/4402066009,2026-09-10T12:55:40-04:00,2026-09-21T16:33:41-05:00,,no,titulo fuera de perfil,desarrollo,,,,nueva,
778,greenhouse:cobre:4010915009,cobre:businessdevelopment,Cobre,greenhouse,cobre,4010915009,Business Development,"Ciudad de México, México",https://job-boards.greenhouse.io/cobre/jobs/4010915009,2025-07-30T17:40:09-04:00,2026-09-21T16:33:41-05:00,,no,titulo fuera de perfil,desarrollo,,,,nueva,
779,greenhouse:cobre:4109639009,cobre:businessdevelopment,Cobre,greenhouse,cobre,4109639009,Business Development,"Bogotá, Colombia",https://job-boards.greenhouse.io/cobre/jobs/4109639009,2026-01-21T16:34:02-05:00,2026-09-21T16:33:41-05:00,,no,titulo fuera de perfil,desarrollo,,,,nueva,
780,greenhouse:cobre:4239541009,cobre:cbmmpaymentsoperationsspecialist,Cobre,greenhouse,cobre,4239541009,CBMM Payments Operations Specialist,LATAM,https://job-boards.greenhouse.io/cobre/jobs/4239541009,2026-05-04T18:32:19-04:00,2026-09-21T16:33:41-05:00,,no,titulo fuera de perfil,automatizacion,,,,nueva,
781,greenhouse:cobre:4402014009,cobre:complianceduediligenceanalyst,Cobre,greenhouse,cobre,4402014009,Compliance & Due Diligence Analyst,"Bogotá, Colombia",https://job-boards.greenhouse.io/cobre/jobs/4402014009,2026-09-10T12:54:05-04:00,2026-09-21T16:33:41-05:00,,no,titulo fuera de perfil,desarrollo,,,,nueva,
782,greenhouse:cobre:4407828009,cobre:especialistaenriesgosoperacionales,Cobre,greenhouse,cobre,4407828009,Especialista en Riesgos Operacionales,Colombia,https://job-boards.greenhouse.io/cobre/jobs/4407828009,2026-09-15T21:27:42-04:00,2026-09-21T16:33:41-05:00,,no,titulo fuera de perfil,desarrollo,,,,nueva,
783,greenhouse:cobre:4069113009,cobre:frontendengineer,Cobre,greenhouse,cobre,4069113009,Frontend Engineer,LATAM,https://job-boards.greenhouse.io/cobre/jobs/4069113009,2025-11-27T20:20:12-05:00,2026-09-21T16:33:41-05:00,,si,ubicacion compatible,desarrollo,0,"stack 1.6 (bruto 4) | seniority 6 (sin_marca, desarrollo) | contexto 8",KNOCKOUT: stack 1.6 bajo el piso de 2.0 || BRECHA: piden 5+ anos de experiencia,nueva,
784,greenhouse:cobre:4068737009,cobre:juniorbusinessarchitectbaprogram,Cobre,greenhouse,cobre,4068737009,Junior Business Architect - BA Program,"Bogotá, Bogotá, Colombia, Mexico City, Mexico City, Mexico",https://job-boards.greenhouse.io/cobre/jobs/4068737009,2025-12-02T14:56:39-05:00,2026-09-21T16:33:41-05:00,,no,titulo fuera de perfil,desarrollo,,,,nueva,
785,greenhouse:cobre:4381184009,cobre:productmanagerliquidityproductssquad,Cobre,greenhouse,cobre,4381184009,"Product Manager, Liquidity Products Squad",LATAM,https://job-boards.greenhouse.io/cobre/jobs/4381184009,2026-08-25T12:45:51-04:00,2026-09-21T16:33:41-05:00,,no,titulo fuera de perfil,desarrollo,,,,nueva,
786,greenhouse:cobre:4396899009,cobre:senioraccountinganalyst,Cobre,greenhouse,cobre,4396899009,Senior Accounting Analyst,"Ciudad de México, México",https://job-boards.greenhouse.io/cobre/jobs/4396899009,2026-09-04T22:52:39-04:00,2026-09-21T16:33:41-05:00,,no,titulo fuera de perfil,desarrollo,,,,nueva,
787,greenhouse:cobre:4392110009,cobre:senioraiengineerinternalsolutions,Cobre,greenhouse,cobre,4392110009,Senior AI Engineer - Internal Solutions,LATAM,https://job-boards.greenhouse.io/cobre/jobs/4392110009,2026-09-04T10:48:08-04:00,2026-09-21T16:33:41-05:00,,si,ubicacion compatible,automatizacion,8.6,"stack 9.2 (bruto 23) | seniority 8 (senior, automatizacion) | contexto 8",BRECHA: piden 5+ anos de experiencia,nueva,
788,greenhouse:cobre:4355195009,cobre:senioraiproductengineer,Cobre,greenhouse,cobre,4355195009,Senior AI Product Engineer,LATAM,https://job-boards.greenhouse.io/cobre/jobs/4355195009,2026-08-04T16:41:49-04:00,2026-09-21T16:33:41-05:00,,si,ubicacion compatible,desarrollo,5.6,"stack 5.4 (bruto 13.5) | seniority 3 (senior, desarrollo) | contexto 10",BRECHA: titulo 'senior' en rol de desarrollo || BRECHA: piden 5+ anos de experiencia,nueva,
789,greenhouse:cobre:4340334009,cobre:seniorproductdesigner,Cobre,greenhouse,cobre,4340334009,Senior Product Designer,Latin America,https://job-boards.greenhouse.io/cobre/jobs/4340334009,2026-07-30T12:14:01-04:00,2026-09-21T16:33:41-05:00,,no,titulo fuera de perfil,desarrollo,,,,nueva,
790,greenhouse:cobre:4009743009,cobre:seniorsoftwareengineer,Cobre,greenhouse,cobre,4009743009,Senior Software Engineer,LATAM,https://job-boards.greenhouse.io/cobre/jobs/4009743009,2025-07-24T10:57:27-04:00,2026-09-21T16:33:41-05:00,,si,ubicacion compatible,desarrollo,3.7,"stack 2.4 (bruto 6) | seniority 3 (senior, desarrollo) | contexto 8",BRECHA: titulo 'senior' en rol de desarrollo,nueva,
791,greenhouse:cobre:4305756009,cobre:sitereliabilityengineersenior,Cobre,greenhouse,cobre,4305756009,Site Reliability Engineer Senior,Colombia,https://job-boards.greenhouse.io/cobre/jobs/4305756009,2026-07-03T17:52:28-04:00,2026-09-21T16:33:41-05:00,,si,ubicacion compatible,desarrollo,4.1,"stack 3.2 (bruto 8) | seniority 3 (senior, desarrollo) | contexto 8",BRECHA: titulo 'senior' en rol de desarrollo || BRECHA: piden 5+ anos de experiencia,nueva,
792,greenhouse:cobre:4294319009,cobre:speicomplianceofficercumplimientonormativo,Cobre,greenhouse,cobre,4294319009,SPEI Compliance Officer (Cumplimiento Normativo),México,https://job-boards.greenhouse.io/cobre/jobs/4294319009,2026-06-23T12:47:22-04:00,2026-09-21T16:33:41-05:00,,no,titulo fuera de perfil,desarrollo,,,,nueva,
793,greenhouse:cobre:4381331009,cobre:technicalleaddatascience,Cobre,greenhouse,cobre,4381331009,"Technical Lead, Data Science",LATAM,https://job-boards.greenhouse.io/cobre/jobs/4381331009,2026-08-25T12:45:36-04:00,2026-09-21T16:33:41-05:00,,si,ubicacion compatible,desarrollo,0,"stack 3.2 (bruto 8) | seniority 0 (lead, desarrollo) | contexto 8",KNOCKOUT: seniority 'lead' fuera de alcance en rol de desarrollo,nueva,
794,greenhouse:cobre:4363684009,cobre:traderseniorposicionpropiamexico,Cobre,greenhouse,cobre,4363684009,Trader Senior Posición Propia - México,"Ciudad de México, México",https://job-boards.greenhouse.io/cobre/jobs/4363684009,2026-08-11T15:02:00-04:00,2026-09-21T16:33:41-05:00,,no,titulo fuera de perfil,desarrollo,,,,nueva,
795,greenhouse:cobre:4396901009,cobre:transactionalmonitoringanalyst,Cobre,greenhouse,cobre,4396901009,Transactional Monitoring Analyst,Colombia,https://job-boards.greenhouse.io/cobre/jobs/4396901009,2026-09-04T23:06:46-04:00,2026-09-21T16:33:41-05:00,,no,titulo fuera de perfil,desarrollo,,,,nueva,
796,greenhouse:canonical:5569916,canonical:accountant,Canonical,greenhouse,canonical,5569916,Accountant,Home based - EMEA,https://job-boards.greenhouse.io/canonical/jobs/5569916,2024-01-22T18:02:51-05:00,2026-09-21T16:33:41-05:00,,no,titulo fuera de perfil,desarrollo,,,,nueva,
797,greenhouse:canonical:7971310,canonical:accountspayableclerk,Canonical,greenhouse,canonical,7971310,Accounts Payable Clerk,"Home based - EMEA; Office Based - London, UK",https://job-boards.greenhouse.io/canonical/jobs/7971310,2026-05-31T15:37:49-04:00,2026-09-21T16:33:41-05:00,,no,titulo fuera de perfil,desarrollo,,,,nueva,
798,greenhouse:canonical:5243483,canonical:accountsreceivableclerk,Canonical,greenhouse,canonical,5243483,Accounts Receivable Clerk,Home based - EMEA,https://job-boards.greenhouse.io/canonical/jobs/5243483,2023-07-27T16:52:55-04:00,2026-09-21T16:33:41-05:00,,no,titulo fuera de perfil,desarrollo,,,,nueva,
799,greenhouse:canonical:8002334,canonical:allianceschannelsleader,Canonical,greenhouse,canonical,8002334,Alliances & Channels Leader,Home Based - Americas; Home based - EMEA; Home based - Worldwide,https://job-boards.greenhouse.io/canonical/jobs/8002334,2026-06-29T06:28:10-04:00,2026-09-21T16:33:41-05:00,,no,titulo fuera de perfil,desarrollo,,,,nueva,
800,greenhouse:canonical:3433732,canonical:alliancesfieldengineer,Canonical,greenhouse,canonical,3433732,Alliances Field Engineer,Home based - Worldwide,https://job-boards.greenhouse.io/canonical/jobs/3433732,2021-09-20T14:14:26-04:00,2026-09-21T16:33:41-05:00,,si,"remoto sin pais, confirmar elegibilidad",desarrollo,2.8,"stack 2.0 (bruto 5) | seniority 6 (sin_marca, desarrollo) | contexto 0",,nueva,
801,greenhouse:canonical:6448444,canonical:associatelinuxsupportengineer,Canonical,greenhouse,canonical,6448444,Associate Linux Support Engineer,Home based - Worldwide,https://job-boards.greenhouse.io/canonical/jobs/6448444,2025-02-10T04:37:24-05:00,2026-09-21T16:33:41-05:00,,si,"remoto sin pais, confirmar elegibilidad",desarrollo,0,"stack 1.2 (bruto 3) | seniority 9 (junior, desarrollo) | contexto 0",KNOCKOUT: stack 1.2 bajo el piso de 2.0,nueva,
802,greenhouse:canonical:7267406,canonical:beijingofficeadministrator,Canonical,greenhouse,canonical,7267406,Beijing Office Administrator,"Office Based - Beijing, China",https://job-boards.greenhouse.io/canonical/jobs/7267406,2026-02-09T05:17:41-05:00,2026-09-21T16:33:41-05:00,,no,titulo fuera de perfil,desarrollo,,,,nueva,
803,greenhouse:canonical:6713184,canonical:businessdevelopmentrepresentative,Canonical,greenhouse,canonical,6713184,Business Development Representative,Home based - Worldwide,https://job-boards.greenhouse.io/canonical/jobs/6713184,2025-03-14T12:22:58-04:00,2026-09-21T16:33:41-05:00,,no,titulo fuera de perfil,desarrollo,,,,nueva,
804,greenhouse:canonical:5798264,canonical:businessservicesteammanager,Canonical,greenhouse,canonical,5798264,Business Services Team Manager,Home based - Worldwide,https://job-boards.greenhouse.io/canonical/jobs/5798264,2025-04-16T09:16:52-04:00,2026-09-21T16:33:41-05:00,,no,titulo fuera de perfil,desarrollo,,,,nueva,
805,greenhouse:canonical:4124053,canonical:cgolangsoftwareengineerworkingondqlitearaftextensionforsqlite,Canonical,greenhouse,canonical,4124053,"C, Golang Software Engineer working on dqlite, a Raft extension for SQLite",Home based - EMEA,https://job-boards.greenhouse.io/canonical/jobs/4124053,2022-05-16T09:23:22-04:00,2026-09-21T16:33:41-05:00,,no,ubicacion fuera de Colombia/LATAM/remoto global,desarrollo,,,,nueva,
806,greenhouse:canonical:7982278,canonical:channelpartnersalesexecutive,Canonical,greenhouse,canonical,7982278,Channel Partner Sales Executive,Home based - Worldwide,https://job-boards.greenhouse.io/canonical/jobs/7982278,2026-06-04T09:33:52-04:00,2026-09-21T16:33:41-05:00,,no,titulo fuera de perfil,desarrollo,,,,nueva,
807,greenhouse:canonical:6861186,canonical:channelpartnersalesexecutivejapan,Canonical,greenhouse,canonical,6861186,"Channel Partner Sales Executive, Japan",Home Based - APAC,https://job-boards.greenhouse.io/canonical/jobs/6861186,2025-05-04T15:27:47-04:00,2026-09-21T16:33:41-05:00,,no,titulo fuera de perfil,desarrollo,,,,nueva,
808,greenhouse:canonical:8001736,canonical:channelpartnersalesexecutiveuki,Canonical,greenhouse,canonical,8001736,"Channel Partner Sales Executive, UKI",Home based - EMEA,https://job-boards.greenhouse.io/canonical/jobs/8001736,2026-06-11T16:55:35-04:00,2026-09-21T16:33:41-05:00,,no,titulo fuera de perfil,desarrollo,,,,nueva,
809,greenhouse:canonical:4934551,canonical:cloudalliancesbusinessdevelopmentlead,Canonical,greenhouse,canonical,4934551,Cloud Alliances Business Development Lead,Home Based - Americas,https://job-boards.greenhouse.io/canonical/jobs/4934551,2026-02-17T11:03:02-05:00,2026-09-21T16:33:41-05:00,,no,titulo fuera de perfil,desarrollo,,,,nueva,
810,greenhouse:canonical:4676649,canonical:cloudengineeringmanager,Canonical,greenhouse,canonical,4676649,Cloud Engineering Manager,Home based - Worldwide,https://job-boards.greenhouse.io/canonical/jobs/4676649,2022-11-03T12:58:11-04:00,2026-09-21T16:33:41-05:00,,si,"remoto sin pais, confirmar elegibilidad",desarrollo,0,"stack 0.8 (bruto 2) | seniority 0 (lead, desarrollo) | contexto 0",KNOCKOUT: stack 0.8 bajo el piso de 2.0 || KNOCKOUT: seniority 'lead' fuera de alcance en rol de desarrollo,nueva,
811,greenhouse:canonical:6132532,canonical:cloudfieldengineer,Canonical,greenhouse,canonical,6132532,Cloud Field Engineer,Home based - Worldwide,https://job-boards.greenhouse.io/canonical/jobs/6132532,2024-07-24T14:41:05-04:00,2026-09-21T16:33:41-05:00,,si,"remoto sin pais, confirmar elegibilidad",desarrollo,0,"stack 0.8 (bruto 2) | seniority 6 (sin_marca, desarrollo) | contexto 0",KNOCKOUT: stack 0.8 bajo el piso de 2.0,nueva,
812,greenhouse:canonical:7410479,canonical:cloudfieldengineeringmanager,Canonical,greenhouse,canonical,7410479,Cloud Field Engineering Manager,Home based - Worldwide,https://job-boards.greenhouse.io/canonical/jobs/7410479,2025-11-20T06:30:15-05:00,2026-09-21T16:33:41-05:00,,si,"remoto sin pais, confirmar elegibilidad",desarrollo,0,"stack 1.2 (bruto 3) | seniority 0 (lead, desarrollo) | contexto 0",KNOCKOUT: stack 1.2 bajo el piso de 2.0 || KNOCKOUT: seniority 'lead' fuera de alcance en rol de desarrollo,nueva,
813,greenhouse:canonical:6283017,canonical:cloudprofessionalservicesmanager,Canonical,greenhouse,canonical,6283017,Cloud Professional Services Manager,Home based - Worldwide,https://job-boards.greenhouse.io/canonical/jobs/6283017,2024-10-28T13:27:21-04:00,2026-09-21T16:33:41-05:00,,no,titulo fuera de perfil,desarrollo,,,,nueva,
814,greenhouse:canonical:5915936,canonical:cloudsolutionsarchitectalliances,Canonical,greenhouse,canonical,5915936,Cloud Solutions Architect - Alliances,Home based - Worldwide,https://job-boards.greenhouse.io/canonical/jobs/5915936,2024-04-18T12:41:01-04:00,2026-09-21T16:33:41-05:00,,si,"remoto sin pais, confirmar elegibilidad",automatizacion,2.2,"stack 2.0 (bruto 5) | seniority 4 (lead, automatizacion) | contexto 0",BRECHA: titulo 'lead' en rol de automatizacion,nueva,
815,greenhouse:canonical:2456563,canonical:cloudsupportengineer,Canonical,greenhouse,canonical,2456563,Cloud Support Engineer,Home based - Worldwide,https://job-boards.greenhouse.io/canonical/jobs/2456563,2020-11-19T14:48:12-05:00,2026-09-21T16:33:41-05:00,,si,"remoto sin pais, confirmar elegibilidad",desarrollo,0,"stack 0.2 (bruto 0.5) | seniority 6 (sin_marca, desarrollo) | contexto 0",KNOCKOUT: stack 0.2 bajo el piso de 2.0,nueva,
816,greenhouse:canonical:8023546,canonical:cloudsupportengineerlondonukoffice,Canonical,greenhouse,canonical,8023546,Cloud Support Engineer (London UK office),"Office Based - London, UK",https://job-boards.greenhouse.io/canonical/jobs/8023546,2026-06-23T11:25:47-04:00,2026-09-21T16:33:41-05:00,,no,ubicacion fuera de Colombia/LATAM/remoto global,desarrollo,,,,nueva,
817,greenhouse:canonical:3275433,canonical:communityengineermultiplerolesandsenioritylevels,Canonical,greenhouse,canonical,3275433,Community Engineer (multiple roles and seniority levels),Home based - Worldwide,https://job-boards.greenhouse.io/canonical/jobs/3275433,2021-09-16T09:49:46-04:00,2026-09-21T16:33:41-05:00,,si,"remoto sin pais, confirmar elegibilidad",desarrollo,0,"stack 0.0 (bruto 0) | seniority 6 (sin_marca, desarrollo) | contexto 0",KNOCKOUT: stack 0.0 bajo el piso de 2.0,nueva,
818,greenhouse:canonical:5172247,canonical:containerizationvirtualisationengineer,Canonical,greenhouse,canonical,5172247,Containerization & Virtualisation Engineer,Home based - Worldwide,https://job-boards.greenhouse.io/canonical/jobs/5172247,2023-09-24T08:28:59-04:00,2026-09-21T16:33:41-05:00,,si,"remoto sin pais, confirmar elegibilidad",desarrollo,3.5,"stack 3.4 (bruto 8.5) | seniority 6 (sin_marca, desarrollo) | contexto 0",,nueva,
819,greenhouse:canonical:6943565,canonical:contentmarketinglead,Canonical,greenhouse,canonical,6943565,Content marketing lead,Home based - EMEA,https://job-boards.greenhouse.io/canonical/jobs/6943565,2025-06-03T04:27:08-04:00,2026-09-21T16:33:41-05:00,,no,titulo fuera de perfil,desarrollo,,,,nueva,
820,greenhouse:canonical:8046372,canonical:contentmarketingmanager,Canonical,greenhouse,canonical,8046372,Content Marketing Manager,Home based - EMEA,https://job-boards.greenhouse.io/canonical/jobs/8046372,2026-07-06T11:27:27-04:00,2026-09-21T16:33:41-05:00,,no,titulo fuera de perfil,desarrollo,,,,nueva,
821,greenhouse:canonical:7980589,canonical:costaccountingmanager,Canonical,greenhouse,canonical,7980589,Cost Accounting Manager,"Home based - EMEA; Office Based - London, UK",https://job-boards.greenhouse.io/canonical/jobs/7980589,2026-06-03T17:48:31-04:00,2026-09-21T16:33:41-05:00,,no,titulo fuera de perfil,desarrollo,,,,nueva,
822,greenhouse:canonical:4439935,canonical:crustgraphicsandwindowingsystemsoftwareengineermir,Canonical,greenhouse,canonical,4439935,C++/Rust Graphics and Windowing System Software Engineer - Mir,Home Based - APAC; Home based - EMEA,https://job-boards.greenhouse.io/canonical/jobs/4439935,2022-09-07T12:59:06-04:00,2026-09-21T16:33:41-05:00,,no,ubicacion fuera de Colombia/LATAM/remoto global,desarrollo,,,,nueva,
823,greenhouse:canonical:7548330,canonical:customersuccessteammanager,Canonical,greenhouse,canonical,7548330,Customer Success  - Team Manager,Home Based - Americas; Home Based - APAC,https://job-boards.greenhouse.io/canonical/jobs/7548330,2026-03-25T11:32:19-04:00,2026-09-21T16:33:41-05:00,,no,titulo fuera de perfil,desarrollo,,,,nueva,
824,greenhouse:canonical:7569126,canonical:dedicatedlinuxdesktopdevicessupportengineersingapore,Canonical,greenhouse,canonical,7569126,"Dedicated Linux Desktop & Devices Support Engineer, Singapore",Home Based - APAC,https://job-boards.greenhouse.io/canonical/jobs/7569126,2026-05-29T17:09:34-04:00,2026-09-21T16:33:41-05:00,,no,ubicacion fuera de Colombia/LATAM/remoto global,desarrollo,,,,nueva,
825,greenhouse:canonical:6366166,canonical:dellglobalalliancedirector,Canonical,greenhouse,canonical,6366166,Dell Global Alliance Director,Home Based - Americas,https://job-boards.greenhouse.io/canonical/jobs/6366166,2024-11-14T09:17:55-05:00,2026-09-21T16:33:41-05:00,,no,titulo fuera de perfil,desarrollo,,,,nueva,
826,greenhouse:canonical:7566317,canonical:designmanagervisual,Canonical,greenhouse,canonical,7566317,Design Manager (Visual),Home based - EMEA,https://job-boards.greenhouse.io/canonical/jobs/7566317,2026-01-29T09:32:40-05:00,2026-09-21T16:33:41-05:00,,no,titulo fuera de perfil,desarrollo,,,,nueva,
827,greenhouse:canonical:5143011,canonical:developerrelationsengineer,Canonical,greenhouse,canonical,5143011,Developer Relations Engineer,Home Based - APAC; Home based - EMEA,https://job-boards.greenhouse.io/canonical/jobs/5143011,2023-10-13T12:40:10-04:00,2026-09-21T16:33:41-05:00,,no,ubicacion fuera de Colombia/LATAM/remoto global,desarrollo,,,,nueva,
828,greenhouse:canonical:3756791,canonical:devicesiotfieldengineeringmanageramericas,Canonical,greenhouse,canonical,3756791,Devices & IOT Field Engineering Manager (Americas),Home based - Worldwide,https://job-boards.greenhouse.io/canonical/jobs/3756791,2021-12-19T03:41:28-05:00,2026-09-21T16:33:41-05:00,,si,"remoto sin pais, confirmar elegibilidad",desarrollo,0,"stack 0.0 (bruto 0) | seniority 0 (lead, desarrollo) | contexto 0",KNOCKOUT: stack 0.0 bajo el piso de 2.0 || KNOCKOUT: seniority 'lead' fuera de alcance en rol de desarrollo,nueva,
829,greenhouse:canonical:6460571,canonical:directortalentanalytics,Canonical,greenhouse,canonical,6460571,"Director, Talent Analytics",Home based - EMEA,https://job-boards.greenhouse.io/canonical/jobs/6460571,2025-04-22T02:13:21-04:00,2026-09-21T16:33:41-05:00,,no,titulo fuera de perfil,desarrollo,,,,nueva,
830,greenhouse:canonical:4581200,canonical:distributedsystemsengineer,Canonical,greenhouse,canonical,4581200,Distributed Systems Engineer,Home based - Worldwide,https://job-boards.greenhouse.io/canonical/jobs/4581200,2023-07-19T16:46:09-04:00,2026-09-21T16:33:41-05:00,,si,"remoto sin pais, confirmar elegibilidad",desarrollo,4.2,"stack 3.2 (bruto 8) | seniority 6 (sin_marca, desarrollo) | contexto 4",,nueva,
831,greenhouse:canonical:2969042,canonical:distributedsystemstestingsoftwareengineerpythongo,Canonical,greenhouse,canonical,2969042,"Distributed Systems Testing Software Engineer, Python / Go",Home Based - Americas; Home based - EMEA,https://job-boards.greenhouse.io/canonical/jobs/2969042,2021-03-18T12:52:37-04:00,2026-09-21T16:33:41-05:00,,si,"remoto sin pais, confirmar elegibilidad",desarrollo,3.4,"stack 3.2 (bruto 8) | seniority 6 (sin_marca, desarrollo) | contexto 0",,nueva,
832,greenhouse:canonical:3821346,canonical:embeddeddesktoplinuxsystemsengineeroptimisation,Canonical,greenhouse,canonical,3821346,Embedded & Desktop Linux Systems Engineer - Optimisation,Home based - Worldwide,https://job-boards.greenhouse.io/canonical/jobs/3821346,2022-03-26T12:32:45-04:00,2026-09-21T16:33:41-05:00,,si,"remoto sin pais, confirmar elegibilidad",desarrollo,0,"stack 1.0 (bruto 2.5) | seniority 6 (sin_marca, desarrollo) | contexto 0",KNOCKOUT: stack 1.0 bajo el piso de 2.0,nueva,
833,greenhouse:canonical:7911753,canonical:embeddeddevicessoftwaresolutionsalesaccountmanager,Canonical,greenhouse,canonical,7911753,Embedded Devices Software Solution Sales Account Manager,Home based - Worldwide,https://job-boards.greenhouse.io/canonical/jobs/7911753,2026-05-09T12:53:11-04:00,2026-09-21T16:33:41-05:00,,si,"remoto sin pais, confirmar elegibilidad",desarrollo,0,"stack 0.0 (bruto 0) | seniority 0 (lead, desarrollo) | contexto 4",KNOCKOUT: stack 0.0 bajo el piso de 2.0 || KNOCKOUT: seniority 'lead' fuera de alcance en rol de desarrollo,nueva,
834,greenhouse:canonical:5823852,canonical:embeddeddevicessoftwaresolutionsalesallroles,Canonical,greenhouse,canonical,5823852,Embedded Devices Software Solution Sales - All Roles,Home based - Worldwide,https://job-boards.greenhouse.io/canonical/jobs/5823852,2024-03-27T15:00:15-04:00,2026-09-21T16:33:41-05:00,,si,"remoto sin pais, confirmar elegibilidad",desarrollo,0,"stack 0.0 (bruto 0) | seniority 6 (sin_marca, desarrollo) | contexto 4",KNOCKOUT: stack 0.0 bajo el piso de 2.0,nueva,
835,greenhouse:canonical:7911756,canonical:embeddeddevicessoftwaresolutionsalesdirectorjapan,Canonical,greenhouse,canonical,7911756,Embedded Devices Software Solution Sales Director (Japan),Home Based - APAC,https://job-boards.greenhouse.io/canonical/jobs/7911756,2026-05-09T12:53:13-04:00,2026-09-21T16:33:41-05:00,,no,ubicacion fuera de Colombia/LATAM/remoto global,desarrollo,,,,nueva,
836,greenhouse:canonical:7911758,canonical:embeddeddevicessoftwaresolutionsalesmanageramericas,Canonical,greenhouse,canonical,7911758,Embedded Devices Software Solution Sales Manager (Americas),Home Based - Americas,https://job-boards.greenhouse.io/canonical/jobs/7911758,2026-05-09T12:53:14-04:00,2026-09-21T16:33:41-05:00,,si,"remoto sin pais, confirmar elegibilidad",desarrollo,0,"stack 0.0 (bruto 0) | seniority 0 (lead, desarrollo) | contexto 4",KNOCKOUT: stack 0.0 bajo el piso de 2.0 || KNOCKOUT: seniority 'lead' fuera de alcance en rol de desarrollo,nueva,
837,greenhouse:canonical:7911757,canonical:embeddeddevicessoftwaresolutionsalesmanagerapac,Canonical,greenhouse,canonical,7911757,Embedded Devices Software Solution Sales Manager (APAC),Home Based - APAC,https://job-boards.greenhouse.io/canonical/jobs/7911757,2026-05-09T12:53:16-04:00,2026-09-21T16:33:41-05:00,,no,ubicacion fuera de Colombia/LATAM/remoto global,desarrollo,,,,nueva,
838,greenhouse:canonical:7911759,canonical:embeddeddevicessoftwaresolutionsalesmanagertaipei,Canonical,greenhouse,canonical,7911759,Embedded Devices Software Solution Sales Manager (Taipei),"Office Based - Taipei, Taiwan",https://job-boards.greenhouse.io/canonical/jobs/7911759,2026-05-09T12:53:18-04:00,2026-09-21T16:33:41-05:00,,no,ubicacion fuera de Colombia/LATAM/remoto global,desarrollo,,,,nueva,
839,greenhouse:canonical:6224403,canonical:embeddedlinuxconsultantjapan,Canonical,greenhouse,canonical,6224403,Embedded Linux Consultant - Japan,Home Based - APAC,https://job-boards.greenhouse.io/canonical/jobs/6224403,2024-08-30T15:27:17-04:00,2026-09-21T16:33:41-05:00,,no,titulo fuera de perfil,desarrollo,,,,nueva,
840,greenhouse:canonical:3362765,canonical:embeddedlinuxfieldengineerfordevicesiot,Canonical,greenhouse,canonical,3362765,Embedded Linux Field Engineer for Devices/IoT,Home based - Worldwide,https://job-boards.greenhouse.io/canonical/jobs/3362765,2021-08-04T13:32:15-04:00,2026-09-21T16:33:41-05:00,,si,"remoto sin pais, confirmar elegibilidad",desarrollo,0,"stack 0.8 (bruto 2) | seniority 6 (sin_marca, desarrollo) | contexto 4",KNOCKOUT: stack 0.8 bajo el piso de 2.0,nueva,
841,greenhouse:canonical:6994398,canonical:embeddedlinuxfieldengineermandarinspeaking,Canonical,greenhouse,canonical,6994398,Embedded Linux Field Engineer (Mandarin speaking),Home Based - APAC,https://job-boards.greenhouse.io/canonical/jobs/6994398,2025-06-18T08:47:28-04:00,2026-09-21T16:33:41-05:00,,no,ubicacion fuera de Colombia/LATAM/remoto global,desarrollo,,,,nueva,
842,greenhouse:canonical:6189337,canonical:embeddedlinuxseniorsoftwareengineeroptimisation,Canonical,greenhouse,canonical,6189337,Embedded Linux Senior Software Engineer - Optimisation,Home based - Worldwide,https://job-boards.greenhouse.io/canonical/jobs/6189337,2025-02-10T19:06:02-05:00,2026-09-21T16:33:41-05:00,,si,"remoto sin pais, confirmar elegibilidad",desarrollo,0,"stack 1.0 (bruto 2.5) | seniority 3 (senior, desarrollo) | contexto 0",KNOCKOUT: stack 1.0 bajo el piso de 2.0 || BRECHA: titulo 'senior' en rol de desarrollo,nueva,
843,greenhouse:canonical:7646448,canonical:engineeringdirectorbusinessdata,Canonical,greenhouse,canonical,7646448,Engineering Director - Business Data,Home based - EMEA,https://job-boards.greenhouse.io/canonical/jobs/7646448,2026-02-23T11:13:36-05:00,2026-09-21T16:33:41-05:00,,no,ubicacion fuera de Colombia/LATAM/remoto global,desarrollo,,,,nueva,
844,greenhouse:canonical:7646454,canonical:engineeringdirectorcommercialsystems,Canonical,greenhouse,canonical,7646454,Engineering Director - Commercial Systems,Home based - EMEA,https://job-boards.greenhouse.io/canonical/jobs/7646454,2026-02-23T11:13:39-05:00,2026-09-21T16:33:41-05:00,,no,ubicacion fuera de Colombia/LATAM/remoto global,desarrollo,,,,nueva,
845,greenhouse:canonical:7074861,canonical:engineeringdirectordevicessoftwareengineering,Canonical,greenhouse,canonical,7074861,"Engineering Director, Devices Software Engineering","Office Based - Taipei, Taiwan",https://job-boards.greenhouse.io/canonical/jobs/7074861,2025-07-15T16:00:36-04:00,2026-09-21T16:33:41-05:00,,no,ubicacion fuera de Colombia/LATAM/remoto global,desarrollo,,,,nueva,
846,greenhouse:canonical:5188002,canonical:engineeringmanager,Canonical,greenhouse,canonical,5188002,Engineering Manager,Home based - Worldwide,https://job-boards.greenhouse.io/canonical/jobs/5188002,2023-10-19T13:59:48-04:00,2026-09-21T16:33:41-05:00,,si,"remoto sin pais, confirmar elegibilidad",desarrollo,0,"stack 1.8 (bruto 4.5) | seniority 0 (lead, desarrollo) | contexto 0",KNOCKOUT: stack 1.8 bajo el piso de 2.0 || KNOCKOUT: seniority 'lead' fuera de alcance en rol de desarrollo,nueva,
847,greenhouse:canonical:6215502,canonical:engineeringmanagerapparmor,Canonical,greenhouse,canonical,6215502,Engineering Manager - AppArmor,Home based - Worldwide,https://job-boards.greenhouse.io/canonical/jobs/6215502,2024-08-29T06:28:30-04:00,2026-09-21T16:33:41-05:00,,si,"remoto sin pais, confirmar elegibilidad",desarrollo,0,"stack 0.0 (bruto 0) | seniority 0 (lead, desarrollo) | contexto 0",KNOCKOUT: stack 0.0 bajo el piso de 2.0 || KNOCKOUT: seniority 'lead' fuera de alcance en rol de desarrollo,nueva,
848,greenhouse:canonical:4175808,canonical:engineeringmanagercephdistributedstorage,Canonical,greenhouse,canonical,4175808,Engineering Manager- Ceph & Distributed Storage,Home Based - Americas; Home based - EMEA,https://job-boards.greenhouse.io/canonical/jobs/4175808,2022-07-22T09:56:07-04:00,2026-09-21T16:33:41-05:00,,si,"remoto sin pais, confirmar elegibilidad",desarrollo,0,"stack 0.8 (bruto 2) | seniority 0 (lead, desarrollo) | contexto 0",KNOCKOUT: stack 0.8 bajo el piso de 2.0 || KNOCKOUT: seniority 'lead' fuera de alcance en rol de desarrollo,nueva,
849,greenhouse:canonical:3657756,canonical:engineeringmanagercommercialsystems,Canonical,greenhouse,canonical,3657756,"Engineering Manager, Commercial Systems",Home based - EMEA,https://job-boards.greenhouse.io/canonical/jobs/3657756,2022-04-11T13:02:07-04:00,2026-09-21T16:33:41-05:00,,no,ubicacion fuera de Colombia/LATAM/remoto global,desarrollo,,,,nueva,
850,greenhouse:canonical:5667860,canonical:engineeringmanagerdataplatform,Canonical,greenhouse,canonical,5667860,Engineering Manager - Data Platform,Home based - Worldwide,https://job-boards.greenhouse.io/canonical/jobs/5667860,2024-02-02T05:16:33-05:00,2026-09-21T16:33:41-05:00,,si,"remoto sin pais, confirmar elegibilidad",desarrollo,0,"stack 2.0 (bruto 5) | seniority 0 (lead, desarrollo) | contexto 0",KNOCKOUT: seniority 'lead' fuera de alcance en rol de desarrollo,nueva,
851,greenhouse:canonical:5869156,canonical:engineeringmanagerforiamidentityandaccessmanagement,Canonical,greenhouse,canonical,5869156,Engineering Manager for IAM (Identity and Access Management),Home Based - Americas; Home based - EMEA,https://job-boards.greenhouse.io/canonical/jobs/5869156,2024-05-20T12:40:03-04:00,2026-09-21T16:33:41-05:00,,si,"remoto sin pais, confirmar elegibilidad",desarrollo,0,"stack 0.8 (bruto 2) | seniority 0 (lead, desarrollo) | contexto 0",KNOCKOUT: stack 0.8 bajo el piso de 2.0 || KNOCKOUT: seniority 'lead' fuera de alcance en rol de desarrollo,nueva,
852,greenhouse:canonical:3666345,canonical:engineeringmanagerlinuxhardwareenablement,Canonical,greenhouse,canonical,3666345,Engineering Manager - Linux Hardware Enablement,Home Based - Americas; Home Based - APAC; Home based - EMEA,https://job-boards.greenhouse.io/canonical/jobs/3666345,2022-03-29T09:56:13-04:00,2026-09-21T16:33:41-05:00,,si,"remoto sin pais, confirmar elegibilidad",automatizacion,0,"stack 0.8 (bruto 2) | seniority 4 (lead, automatizacion) | contexto 0",KNOCKOUT: stack 0.8 bajo el piso de 2.0 || BRECHA: titulo 'lead' en rol de automatizacion,nueva,
853,greenhouse:canonical:4676823,canonical:engineeringmanagermanagedservices,Canonical,greenhouse,canonical,4676823,"Engineering Manager, Managed Services",Home based - Worldwide,https://job-boards.greenhouse.io/canonical/jobs/4676823,2022-11-03T13:34:51-04:00,2026-09-21T16:33:41-05:00,,si,"remoto sin pais, confirmar elegibilidad",desarrollo,0,"stack 0.8 (bruto 2) | seniority 0 (lead, desarrollo) | contexto 0",KNOCKOUT: stack 0.8 bajo el piso de 2.0 || KNOCKOUT: seniority 'lead' fuera de alcance en rol de desarrollo,nueva,
854,greenhouse:canonical:4810491,canonical:engineeringmanagermlopsanalytics,Canonical,greenhouse,canonical,4810491,Engineering Manager - MLOps & Analytics,Home based - Worldwide,https://job-boards.greenhouse.io/canonical/jobs/4810491,2023-03-17T11:10:44-04:00,2026-09-21T16:33:41-05:00,,si,"remoto sin pais, confirmar elegibilidad",desarrollo,0,"stack 1.0 (bruto 2.5) | seniority 0 (lead, desarrollo) | contexto 0",KNOCKOUT: stack 1.0 bajo el piso de 2.0 || KNOCKOUT: seniority 'lead' fuera de alcance en rol de desarrollo,nueva,
855,greenhouse:canonical:4144793,canonical:engineeringmanagerpubliccloudpythongolang,Canonical,greenhouse,canonical,4144793,"Engineering Manager - Public Cloud, Python, Golang",Home Based - Americas; Home based - EMEA,https://job-boards.greenhouse.io/canonical/jobs/4144793,2022-04-15T08:18:08-04:00,2026-09-21T16:33:41-05:00,,si,"remoto sin pais, confirmar elegibilidad",desarrollo,0,"stack 0.8 (bruto 2) | seniority 0 (lead, desarrollo) | contexto 0",KNOCKOUT: stack 0.8 bajo el piso de 2.0 || KNOCKOUT: seniority 'lead' fuera de alcance en rol de desarrollo,nueva,
856,greenhouse:canonical:3740499,canonical:engineeringmanagerpythonandk8s,Canonical,greenhouse,canonical,3740499,Engineering Manager - Python and K8s,Home Based - APAC; Home based - EMEA,https://job-boards.greenhouse.io/canonical/jobs/3740499,2022-05-09T07:46:15-04:00,2026-09-21T16:33:41-05:00,,no,ubicacion fuera de Colombia/LATAM/remoto global,desarrollo,,,,nueva,
857,greenhouse:canonical:6215514,canonical:engineeringmanagersecuritystandardsandhardening,Canonical,greenhouse,canonical,6215514,Engineering Manager - Security Standards and Hardening,Home based - Worldwide,https://job-boards.greenhouse.io/canonical/jobs/6215514,2024-08-29T06:28:31-04:00,2026-09-21T16:33:41-05:00,,si,"remoto sin pais, confirmar elegibilidad",desarrollo,0,"stack 0.0 (bruto 0) | seniority 0 (lead, desarrollo) | contexto 0",KNOCKOUT: stack 0.0 bajo el piso de 2.0 || KNOCKOUT: seniority 'lead' fuera de alcance en rol de desarrollo,nueva,
858,greenhouse:canonical:3313558,canonical:engineeringmanagersolutionsengineering,Canonical,greenhouse,canonical,3313558,Engineering Manager - Solutions Engineering,Home based - Worldwide,https://job-boards.greenhouse.io/canonical/jobs/3313558,2021-07-17T02:56:28-04:00,2026-09-21T16:33:41-05:00,,si,"remoto sin pais, confirmar elegibilidad",automatizacion,0,"stack 1.6 (bruto 4) | seniority 4 (lead, automatizacion) | contexto 0",KNOCKOUT: stack 1.6 bajo el piso de 2.0 || BRECHA: titulo 'lead' en rol de automatizacion,nueva,
859,greenhouse:canonical:5612564,canonical:engineeringmanagerubuntucore,Canonical,greenhouse,canonical,5612564,Engineering Manager - Ubuntu Core,Home Based - Americas; Home based - EMEA,https://job-boards.greenhouse.io/canonical/jobs/5612564,2025-09-19T09:20:35-04:00,2026-09-21T16:33:41-05:00,,si,"remoto sin pais, confirmar elegibilidad",desarrollo,0,"stack 0.0 (bruto 0) | seniority 0 (lead, desarrollo) | contexto 0",KNOCKOUT: stack 0.0 bajo el piso de 2.0 || KNOCKOUT: seniority 'lead' fuera de alcance en rol de desarrollo,nueva,
860,greenhouse:canonical:5996326,canonical:engineeringmanagerubuntuhardwarecertificationqualityandtestengineering,Canonical,greenhouse,canonical,5996326,Engineering Manager - Ubuntu Hardware Certification Quality and Test Engineering,"Office Based - Taipei, Taiwan",https://job-boards.greenhouse.io/canonical/jobs/5996326,2024-05-28T03:27:47-04:00,2026-09-21T16:33:41-05:00,,no,ubicacion fuera de Colombia/LATAM/remoto global,desarrollo,,,,nueva,
861,greenhouse:canonical:3542384,canonical:engineeringmanagerubuntulinuxkernel,Canonical,greenhouse,canonical,3542384,Engineering Manager - Ubuntu Linux Kernel,Home based - Worldwide,https://job-boards.greenhouse.io/canonical/jobs/3542384,2022-03-13T22:23:45-04:00,2026-09-21T16:33:41-05:00,,si,"remoto sin pais, confirmar elegibilidad",desarrollo,0,"stack 0.8 (bruto 2) | seniority 0 (lead, desarrollo) | contexto 0",KNOCKOUT: stack 0.8 bajo el piso de 2.0 || KNOCKOUT: seniority 'lead' fuera de alcance en rol de desarrollo,nueva,
862,greenhouse:canonical:4192903,canonical:engineeringmanagerubuntusecurity,Canonical,greenhouse,canonical,4192903,Engineering Manager - Ubuntu Security,Home based - Worldwide,https://job-boards.greenhouse.io/canonical/jobs/4192903,2022-06-21T18:13:46-04:00,2026-09-21T16:33:41-05:00,,si,"remoto sin pais, confirmar elegibilidad",desarrollo,0,"stack 0.8 (bruto 2) | seniority 0 (lead, desarrollo) | contexto 0",KNOCKOUT: stack 0.8 bajo el piso de 2.0 || KNOCKOUT: seniority 'lead' fuera de alcance en rol de desarrollo,nueva,
863,greenhouse:canonical:4754075,canonical:engineeringmanagerweb,Canonical,greenhouse,canonical,4754075,Engineering Manager - Web,Home based - EMEA,https://job-boards.greenhouse.io/canonical/jobs/4754075,2022-12-15T10:49:30-05:00,2026-09-21T16:33:41-05:00,,no,ubicacion fuera de Colombia/LATAM/remoto global,desarrollo,,,,nueva,
864,greenhouse:canonical:7124193,canonical:enterpriseaccountexecutive,Canonical,greenhouse,canonical,7124193,Enterprise Account Executive,Home based - Worldwide,https://job-boards.greenhouse.io/canonical/jobs/7124193,2025-09-03T11:38:54-04:00,2026-09-21T16:33:41-05:00,,no,titulo fuera de perfil,desarrollo,,,,nueva,
865,greenhouse:canonical:6856788,canonical:enterprisecustomersuccessmanager,Canonical,greenhouse,canonical,6856788,Enterprise Customer Success Manager,Home based - Worldwide,https://job-boards.greenhouse.io/canonical/jobs/6856788,2025-05-02T05:08:34-04:00,2026-09-21T16:33:41-05:00,,no,titulo fuera de perfil,desarrollo,,,,nueva,
866,greenhouse:canonical:7084000,canonical:enterprisecustomersuccessmanagerfrenchspeaker,Canonical,greenhouse,canonical,7084000,Enterprise Customer Success Manager (French speaker),Home based - EMEA,https://job-boards.greenhouse.io/canonical/jobs/7084000,2025-07-18T04:53:02-04:00,2026-09-21T16:33:41-05:00,,no,titulo fuera de perfil,desarrollo,,,,nueva,
867,greenhouse:canonical:7549144,canonical:enterprisecustomersuccessmanagerjapanesespeaker,Canonical,greenhouse,canonical,7549144,Enterprise Customer Success Manager (Japanese speaker),Home Based - APAC,https://job-boards.greenhouse.io/canonical/jobs/7549144,2026-01-20T09:39:01-05:00,2026-09-21T16:33:41-05:00,,no,titulo fuera de perfil,desarrollo,,,,nueva,
868,greenhouse:canonical:3256589,canonical:enterpriseprojectmanager,Canonical,greenhouse,canonical,3256589,Enterprise Project Manager,Home based - Worldwide,https://job-boards.greenhouse.io/canonical/jobs/3256589,2021-07-11T13:59:16-04:00,2026-09-21T16:33:41-05:00,,no,titulo fuera de perfil,desarrollo,,,,nueva,
869,greenhouse:canonical:5152303,canonical:entrylevelcommunicationsspecialist,Canonical,greenhouse,canonical,5152303,Entry-level communications specialist,Home based - EMEA,https://job-boards.greenhouse.io/canonical/jobs/5152303,2023-07-13T16:38:58-04:00,2026-09-21T16:33:41-05:00,,no,titulo fuera de perfil,desarrollo,,,,nueva,
870,greenhouse:canonical:7064135,canonical:executivesearchleadtechnology,Canonical,greenhouse,canonical,7064135,Executive Search Lead - Technology,Home based - EMEA,https://job-boards.greenhouse.io/canonical/jobs/7064135,2025-07-11T01:34:41-04:00,2026-09-21T16:33:41-05:00,,no,titulo fuera de perfil,desarrollo,,,,nueva,
871,greenhouse:canonical:4181031,canonical:financialanalyst,Canonical,greenhouse,canonical,4181031,Financial Analyst,Home Based - Americas,https://job-boards.greenhouse.io/canonical/jobs/4181031,2022-08-11T21:42:09-04:00,2026-09-21T16:33:41-05:00,,no,titulo fuera de perfil,desarrollo,,,,nueva,
872,greenhouse:canonical:5894889,canonical:gitopsengineeringmanager,Canonical,greenhouse,canonical,5894889,GitOps Engineering Manager,Home Based - APAC; Home based - EMEA,https://job-boards.greenhouse.io/canonical/jobs/5894889,2024-04-10T23:38:11-04:00,2026-09-21T16:33:41-05:00,,no,ubicacion fuera de Colombia/LATAM/remoto global,desarrollo,,,,nueva,
873,greenhouse:canonical:2383894,canonical:globalheadofcloudalliances,Canonical,greenhouse,canonical,2383894,Global Head of Cloud Alliances,Home Based - Americas,https://job-boards.greenhouse.io/canonical/jobs/2383894,2020-10-07T12:41:29-04:00,2026-09-21T16:33:41-05:00,,no,titulo fuera de perfil,desarrollo,,,,nueva,
874,greenhouse:canonical:8081579,canonical:globalpayrollmanager,Canonical,greenhouse,canonical,8081579,Global Payroll Manager,"Home based - EMEA; Office Based - London, UK",https://job-boards.greenhouse.io/canonical/jobs/8081579,2026-09-09T18:43:01-04:00,2026-09-21T16:33:41-05:00,,no,titulo fuera de perfil,desarrollo,,,,nueva,
875,greenhouse:canonical:5839217,canonical:globaltreasuryanalyst,Canonical,greenhouse,canonical,5839217,Global Treasury Analyst,Home Based - Americas; Home based - EMEA,https://job-boards.greenhouse.io/canonical/jobs/5839217,2024-03-31T09:36:51-04:00,2026-09-21T16:33:41-05:00,,no,titulo fuera de perfil,desarrollo,,,,nueva,
876,greenhouse:canonical:4857458,canonical:gogolangsoftwareengineerdevelopertoolingandcontainers,Canonical,greenhouse,canonical,4857458,"Go (Golang) Software Engineer, Developer Tooling and Containers",Home Based - APAC,https://job-boards.greenhouse.io/canonical/jobs/4857458,2023-08-21T12:57:05-04:00,2026-09-21T16:33:41-05:00,,no,ubicacion fuera de Colombia/LATAM/remoto global,desarrollo,,,,nueva,
877,greenhouse:canonical:5146709,canonical:golangengineer,Canonical,greenhouse,canonical,5146709,Golang Engineer,Home based - Worldwide,https://job-boards.greenhouse.io/canonical/jobs/5146709,2023-10-12T05:06:40-04:00,2026-09-21T16:33:41-05:00,,si,"remoto sin pais, confirmar elegibilidad",desarrollo,0,"stack 1.6 (bruto 4) | seniority 6 (sin_marca, desarrollo) | contexto 0",KNOCKOUT: stack 1.6 bajo el piso de 2.0,nueva,
878,greenhouse:canonical:5692058,canonical:golangengineeringmanagercommercialsystems,Canonical,greenhouse,canonical,5692058,"Golang Engineering Manager, Commercial Systems",Home based - EMEA,https://job-boards.greenhouse.io/canonical/jobs/5692058,2024-02-09T07:46:04-05:00,2026-09-21T16:33:41-05:00,,no,ubicacion fuera de Colombia/LATAM/remoto global,desarrollo,,,,nueva,
879,greenhouse:canonical:4827747,canonical:golangsoftwareengineercommercialsystems,Canonical,greenhouse,canonical,4827747,"Golang Software Engineer, Commercial Systems",Home based - EMEA,https://job-boards.greenhouse.io/canonical/jobs/4827747,2023-01-26T02:31:58-05:00,2026-09-21T16:33:41-05:00,,no,ubicacion fuera de Colombia/LATAM/remoto global,desarrollo,,,,nueva,
880,greenhouse:canonical:4960407,canonical:golangsystemsoftwareengineercontainersvirtualisation,Canonical,greenhouse,canonical,4960407,Golang System Software Engineer - Containers / Virtualisation,Home Based - Americas; Home based - EMEA,https://job-boards.greenhouse.io/canonical/jobs/4960407,2023-03-29T15:52:38-04:00,2026-09-21T16:33:41-05:00,,si,"remoto sin pais, confirmar elegibilidad",desarrollo,2.8,"stack 2.0 (bruto 5) | seniority 6 (sin_marca, desarrollo) | contexto 0",,nueva,
881,greenhouse:canonical:6103331,canonical:graduatecustomersuccessmanager,Canonical,greenhouse,canonical,6103331,Graduate Customer Success Manager,Home based - Worldwide,https://job-boards.greenhouse.io/canonical/jobs/6103331,2024-07-10T12:38:07-04:00,2026-09-21T16:33:41-05:00,,no,titulo fuera de perfil,desarrollo,,,,nueva,
882,greenhouse:canonical:7048263,canonical:graduatehrgeneralistamericas,Canonical,greenhouse,canonical,7048263,Graduate HR Generalist - Americas,Home Based - Americas,https://job-boards.greenhouse.io/canonical/jobs/7048263,2025-07-15T06:50:18-04:00,2026-09-21T16:33:41-05:00,,no,titulo fuera de perfil,desarrollo,,,,nueva,
883,greenhouse:canonical:5253092,canonical:graduatehrgeneralistapac,Canonical,greenhouse,canonical,5253092,Graduate HR Generalist - APAC,Home Based - APAC,https://job-boards.greenhouse.io/canonical/jobs/5253092,2023-08-28T06:21:34-04:00,2026-09-21T16:33:41-05:00,,no,titulo fuera de perfil,desarrollo,,,,nueva,
884,greenhouse:canonical:4981249,canonical:graduatepartnermarketingmanager,Canonical,greenhouse,canonical,4981249,Graduate Partner Marketing Manager,Home Based - Americas,https://job-boards.greenhouse.io/canonical/jobs/4981249,2023-04-08T08:56:50-04:00,2026-09-21T16:33:41-05:00,,no,titulo fuera de perfil,desarrollo,,,,nueva,
885,greenhouse:canonical:5915299,canonical:graduatesalesdevelopmentrepresentative,Canonical,greenhouse,canonical,5915299,Graduate Sales Development Representative,Home based - Worldwide,https://job-boards.greenhouse.io/canonical/jobs/5915299,2024-05-24T17:08:15-04:00,2026-09-21T16:33:41-05:00,,no,titulo fuera de perfil,desarrollo,,,,nueva,
886,greenhouse:canonical:7981854,canonical:graduatesalesdevelopmentrepresentativecanadaremote,Canonical,greenhouse,canonical,7981854,Graduate Sales Development Representative - Canada (Remote),Home Based - Americas,https://job-boards.greenhouse.io/canonical/jobs/7981854,2026-06-04T05:12:51-04:00,2026-09-21T16:33:41-05:00,,no,titulo fuera de perfil,desarrollo,,,,nueva,
887,greenhouse:canonical:7661586,canonical:graduatesalesdevelopmentrepresentativeuk,Canonical,greenhouse,canonical,7661586,Graduate Sales Development Representative (UK),"Office Based - London, UK",https://job-boards.greenhouse.io/canonical/jobs/7661586,2026-02-27T07:27:33-05:00,2026-09-21T16:33:41-05:00,,no,titulo fuera de perfil,desarrollo,,,,nueva,
888,greenhouse:canonical:8142329,canonical:graduatesoftwareengineeropensourceandlinuxcanonicalubuntu,Canonical,greenhouse,canonical,8142329,"Graduate Software Engineer, Open Source and Linux, Canonical Ubuntu",Home based - Worldwide,https://job-boards.greenhouse.io/canonical/jobs/8142329,2026-08-24T05:14:46-04:00,2026-09-21T16:33:41-05:00,,si,"remoto sin pais, confirmar elegibilidad",desarrollo,0,"stack 1.2 (bruto 3) | seniority 6 (sin_marca, desarrollo) | contexto 0",KNOCKOUT: stack 1.2 bajo el piso de 2.0,nueva,
889,greenhouse:canonical:6464146,canonical:graduatetalentscientist,Canonical,greenhouse,canonical,6464146,Graduate Talent Scientist,Home based - EMEA,https://job-boards.greenhouse.io/canonical/jobs/6464146,2025-04-22T05:29:41-04:00,2026-09-21T16:33:41-05:00,,no,titulo fuera de perfil,desarrollo,,,,nueva,
890,greenhouse:canonical:7962419,canonical:groupfinancialcontroller,Canonical,greenhouse,canonical,7962419,Group Financial Controller,"Home based - EMEA; Office Based - London, UK",https://job-boards.greenhouse.io/canonical/jobs/7962419,2026-06-08T11:51:14-04:00,2026-09-21T16:33:41-05:00,,no,titulo fuera de perfil,desarrollo,,,,nueva,
891,greenhouse:canonical:4209375,canonical:headofsecurityoperations,Canonical,greenhouse,canonical,4209375,Head of Security Operations,Home based - Worldwide,https://job-boards.greenhouse.io/canonical/jobs/4209375,2023-11-07T06:41:30-05:00,2026-09-21T16:33:41-05:00,,no,titulo fuera de perfil,automatizacion,,,,nueva,
892,greenhouse:canonical:7055576,canonical:hrgeneralist,Canonical,greenhouse,canonical,7055576,HR Generalist,Home Based - Americas; Home based - EMEA,https://job-boards.greenhouse.io/canonical/jobs/7055576,2025-07-15T06:50:23-04:00,2026-09-21T16:33:41-05:00,,no,titulo fuera de perfil,desarrollo,,,,nueva,
893,greenhouse:canonical:6950222,canonical:ibmglobalalliancedirector,Canonical,greenhouse,canonical,6950222,IBM Global Alliance Director,Home Based - Americas,https://job-boards.greenhouse.io/canonical/jobs/6950222,2025-06-04T09:21:46-04:00,2026-09-21T16:33:41-05:00,,no,titulo fuera de perfil,desarrollo,,,,nueva,
894,greenhouse:canonical:4551832,canonical:informationsystemsopensourcetechnicalarchitect,Canonical,greenhouse,canonical,4551832,Information Systems - Open Source Technical Architect,Home based - EMEA,https://job-boards.greenhouse.io/canonical/jobs/4551832,2022-11-08T05:50:28-05:00,2026-09-21T16:33:41-05:00,,no,ubicacion fuera de Colombia/LATAM/remoto global,desarrollo,,,,nueva,
895,greenhouse:canonical:8008666,canonical:internalauditor,Canonical,greenhouse,canonical,8008666,Internal Auditor,"Home Based - Americas; Home based - EMEA; Office Based - London, UK",https://job-boards.greenhouse.io/canonical/jobs/8008666,2026-09-09T18:45:53-04:00,2026-09-21T16:33:41-05:00,,no,titulo fuera de perfil,desarrollo,,,,nueva,
896,greenhouse:canonical:2169848,canonical:iotfieldengineerchinaregion,Canonical,greenhouse,canonical,2169848,IoT Field Engineer - China & Region,"Home Based - Shenzhen, China",https://job-boards.greenhouse.io/canonical/jobs/2169848,2020-04-21T14:46:32-04:00,2026-09-21T16:33:41-05:00,,no,ubicacion fuera de Colombia/LATAM/remoto global,desarrollo,,,,nueva,
897,greenhouse:canonical:6587365,canonical:iotsolutionsarchitecturemanageramericasonly,Canonical,greenhouse,canonical,6587365,IoT Solutions Architecture Manager (Americas only),Home based - Worldwide,https://job-boards.greenhouse.io/canonical/jobs/6587365,2025-01-30T12:59:21-05:00,2026-09-21T16:33:41-05:00,,si,"remoto sin pais, confirmar elegibilidad",automatizacion,0,"stack 0.8 (bruto 2) | seniority 4 (lead, automatizacion) | contexto 0",KNOCKOUT: stack 0.8 bajo el piso de 2.0 || BRECHA: titulo 'lead' en rol de automatizacion,nueva,
898,greenhouse:canonical:7607749,canonical:isvtechnicalalliancemanager,Canonical,greenhouse,canonical,7607749,ISV Technical Alliance Manager,Home Based - Americas; Home based - EMEA,https://job-boards.greenhouse.io/canonical/jobs/7607749,2026-02-11T14:38:45-05:00,2026-09-21T16:33:41-05:00,,si,"remoto sin pais, confirmar elegibilidad",desarrollo,0,"stack 0.0 (bruto 0) | seniority 0 (lead, desarrollo) | contexto 0",KNOCKOUT: stack 0.0 bajo el piso de 2.0 || KNOCKOUT: seniority 'lead' fuera de alcance en rol de desarrollo || BRECHA: piden 7+ anos de experiencia,nueva,
899,greenhouse:canonical:6426388,canonical:jujusoftwareengineergo,Canonical,greenhouse,canonical,6426388,Juju Software Engineer (Go),Home based - EMEA,https://job-boards.greenhouse.io/canonical/jobs/6426388,2024-11-22T12:05:21-05:00,2026-09-21T16:33:41-05:00,,no,ubicacion fuera de Colombia/LATAM/remoto global,desarrollo,,,,nueva,
900,greenhouse:canonical:6642933,canonical:junioradsspecialist,Canonical,greenhouse,canonical,6642933,Junior Ads Specialist,Home based - EMEA,https://job-boards.greenhouse.io/canonical/jobs/6642933,2025-07-10T11:05:25-04:00,2026-09-21T16:33:41-05:00,,no,titulo fuera de perfil,desarrollo,,,,nueva,
901,greenhouse:canonical:6492597,canonical:juniorcampaignmanager,Canonical,greenhouse,canonical,6492597,Junior Campaign Manager,Home based - EMEA,https://job-boards.greenhouse.io/canonical/jobs/6492597,2025-09-04T03:55:41-04:00,2026-09-21T16:33:41-05:00,,no,titulo fuera de perfil,desarrollo,,,,nueva,
902,greenhouse:canonical:5370815,canonical:juniorlinuxkernelengineerubuntu,Canonical,greenhouse,canonical,5370815,Junior Linux Kernel Engineer - Ubuntu,Home based - Worldwide,https://job-boards.greenhouse.io/canonical/jobs/5370815,2024-02-25T22:35:49-05:00,2026-09-21T16:33:41-05:00,,si,"remoto sin pais, confirmar elegibilidad",desarrollo,4.1,"stack 2.8 (bruto 7) | seniority 9 (junior, desarrollo) | contexto 0",,nueva,
903,greenhouse:canonical:6980706,canonical:juniorproductmanager,Canonical,greenhouse,canonical,6980706,Junior Product Manager,Home based - EMEA,https://job-boards.greenhouse.io/canonical/jobs/6980706,2025-06-19T09:04:59-04:00,2026-09-21T16:33:41-05:00,,no,titulo fuera de perfil,desarrollo,,,,nueva,
904,greenhouse:canonical:5861481,canonical:juniorprojectmanager,Canonical,greenhouse,canonical,5861481,Junior Project Manager,Home Based - Americas; Home Based - APAC,https://job-boards.greenhouse.io/canonical/jobs/5861481,2024-03-28T13:29:57-04:00,2026-09-21T16:33:41-05:00,,no,titulo fuera de perfil,desarrollo,,,,nueva,
905,greenhouse:canonical:6707669,canonical:juniorubuntusoftwareengineer,Canonical,greenhouse,canonical,6707669,Junior Ubuntu Software Engineer,Home based - Worldwide,https://job-boards.greenhouse.io/canonical/jobs/6707669,2025-11-07T11:35:52-05:00,2026-09-21T16:33:41-05:00,,si,"remoto sin pais, confirmar elegibilidad",desarrollo,4.7,"stack 2.4 (bruto 6) | seniority 9 (junior, desarrollo) | contexto 4",,nueva,
906,greenhouse:canonical:7334725,canonical:kernelbuildautomationengineerubuntulinux,Canonical,greenhouse,canonical,7334725,Kernel Build Automation Engineer - Ubuntu Linux,Home based - EMEA,https://job-boards.greenhouse.io/canonical/jobs/7334725,2025-10-16T00:46:18-04:00,2026-09-21T16:33:41-05:00,,no,ubicacion fuera de Colombia/LATAM/remoto global,automatizacion,,,,nueva,
907,greenhouse:canonical:7440256,canonical:latamenterpriseaccountexecutivespanishspeaker,Canonical,greenhouse,canonical,7440256,LATAM Enterprise Account Executive - Spanish speaker,Home Based - Americas,https://job-boards.greenhouse.io/canonical/jobs/7440256,2025-12-03T08:51:42-05:00,2026-09-21T16:33:41-05:00,,no,titulo fuera de perfil,desarrollo,,,,nueva,
908,greenhouse:canonical:6394147,canonical:leaddatagovernanceengineer,Canonical,greenhouse,canonical,6394147,Lead Data Governance Engineer,Home based - EMEA,https://job-boards.greenhouse.io/canonical/jobs/6394147,2025-02-06T03:21:17-05:00,2026-09-21T16:33:41-05:00,,no,ubicacion fuera de Colombia/LATAM/remoto global,desarrollo,,,,nueva,
909,greenhouse:canonical:6484410,canonical:leadhrgeneralistamericas,Canonical,greenhouse,canonical,6484410,Lead HR Generalist - Americas,Home Based - Americas,https://job-boards.greenhouse.io/canonical/jobs/6484410,2025-04-07T11:34:15-04:00,2026-09-21T16:33:41-05:00,,no,titulo fuera de perfil,desarrollo,,,,nueva,
910,greenhouse:canonical:6010955,canonical:leadlinuxkernelengineerubuntu,Canonical,greenhouse,canonical,6010955,Lead Linux Kernel Engineer - Ubuntu,Home based - Worldwide,https://job-boards.greenhouse.io/canonical/jobs/6010955,2024-06-03T01:12:50-04:00,2026-09-21T16:33:41-05:00,,si,"remoto sin pais, confirmar elegibilidad",desarrollo,0,"stack 1.2 (bruto 3) | seniority 0 (lead, desarrollo) | contexto 0",KNOCKOUT: stack 1.2 bajo el piso de 2.0 || KNOCKOUT: seniority 'lead' fuera de alcance en rol de desarrollo || BRECHA: piden 15+ anos de experiencia || RIESGO: exigen ingles alto,nueva,
911,greenhouse:canonical:7946932,canonical:legalcounselregulatorycomplianceproductandprivacy,Canonical,greenhouse,canonical,7946932,"Legal Counsel - Regulatory Compliance, Product and Privacy","Home Based - Americas; Home based - EMEA; Office Based - London, UK",https://job-boards.greenhouse.io/canonical/jobs/7946932,2026-05-20T11:38:53-04:00,2026-09-21T16:33:41-05:00,,no,titulo fuera de perfil,desarrollo,,,,nueva,
912,greenhouse:canonical:4717512,canonical:linuxcryptographyandsecurityengineer,Canonical,greenhouse,canonical,4717512,Linux Cryptography and Security Engineer,Home based - Worldwide,https://job-boards.greenhouse.io/canonical/jobs/4717512,2022-11-23T04:19:12-05:00,2026-09-21T16:33:41-05:00,,si,"remoto sin pais, confirmar elegibilidad",desarrollo,3,"stack 2.4 (bruto 6) | seniority 6 (sin_marca, desarrollo) | contexto 0",,nueva,
913,greenhouse:canonical:8023521,canonical:linuxdesktopsupportassociatelondonukoffice,Canonical,greenhouse,canonical,8023521,Linux Desktop Support Associate (London UK office),"Office Based - London, UK",https://job-boards.greenhouse.io/canonical/jobs/8023521,2026-06-23T11:25:51-04:00,2026-09-21T16:33:41-05:00,,no,titulo fuera de perfil,desarrollo,,,,nueva,
914,greenhouse:canonical:7569101,canonical:linuxdesktopsupportengineerlondonukoffice,Canonical,greenhouse,canonical,7569101,Linux Desktop Support Engineer (London UK office),"Office Based - London, UK",https://job-boards.greenhouse.io/canonical/jobs/7569101,2026-02-05T16:39:52-05:00,2026-09-21T16:33:41-05:00,,no,ubicacion fuera de Colombia/LATAM/remoto global,desarrollo,,,,nueva,
915,greenhouse:canonical:5140562,canonical:linuxdevicessoftwareengineer,Canonical,greenhouse,canonical,5140562,Linux Devices Software Engineer,"Home based - Worldwide; Office Based - Taipei, Taiwan",https://job-boards.greenhouse.io/canonical/jobs/5140562,2023-10-09T09:52:13-04:00,2026-09-21T16:33:41-05:00,,si,"remoto sin pais, confirmar elegibilidad",desarrollo,0,"stack 0.8 (bruto 2) | seniority 6 (sin_marca, desarrollo) | contexto 4",KNOCKOUT: stack 0.8 bajo el piso de 2.0,nueva,
916,greenhouse:canonical:4394058,canonical:linuxdevicessoftwareengineersnapd,Canonical,greenhouse,canonical,4394058,Linux devices software engineer - snapd,Home Based - Americas; Home based - EMEA,https://job-boards.greenhouse.io/canonical/jobs/4394058,2022-07-13T09:01:27-04:00,2026-09-21T16:33:41-05:00,,si,"remoto sin pais, confirmar elegibilidad",desarrollo,0,"stack 1.6 (bruto 4) | seniority 6 (sin_marca, desarrollo) | contexto 0",KNOCKOUT: stack 1.6 bajo el piso de 2.0,nueva,
917,greenhouse:canonical:5560182,canonical:linuxenablementsoftwareengineeringmanager,Canonical,greenhouse,canonical,5560182,Linux Enablement - Software Engineering Manager,"Office Based - Beijing, China",https://job-boards.greenhouse.io/canonical/jobs/5560182,2024-05-15T14:35:04-04:00,2026-09-21T16:33:41-05:00,,no,ubicacion fuera de Colombia/LATAM/remoto global,automatizacion,,,,nueva,
918,greenhouse:canonical:3262042,canonical:linuxenablementsoftwareengineeringmanager,Canonical,greenhouse,canonical,3262042,Linux Enablement - Software Engineering Manager,"Office Based - Taipei, Taiwan",https://job-boards.greenhouse.io/canonical/jobs/3262042,2021-09-03T00:18:19-04:00,2026-09-21T16:33:41-05:00,,no,ubicacion fuera de Colombia/LATAM/remoto global,automatizacion,,,,nueva,
919,greenhouse:canonical:5151903,canonical:linuxkernelengineer,Canonical,greenhouse,canonical,5151903,Linux Kernel Engineer,Home based - Worldwide,https://job-boards.greenhouse.io/canonical/jobs/5151903,2023-10-18T01:26:16-04:00,2026-09-21T16:33:41-05:00,,si,"remoto sin pais, confirmar elegibilidad",desarrollo,2.8,"stack 2.0 (bruto 5) | seniority 6 (sin_marca, desarrollo) | contexto 0",BRECHA: piden 10+ anos de experiencia,nueva,
920,greenhouse:canonical:6062471,canonical:linuxplatformintegrationubuntusystemsseniorengineer,Canonical,greenhouse,canonical,6062471,Linux Platform Integration - Ubuntu Systems Senior Engineer,Home based - Worldwide,https://job-boards.greenhouse.io/canonical/jobs/6062471,2024-06-23T17:18:20-04:00,2026-09-21T16:33:41-05:00,,si,"remoto sin pais, confirmar elegibilidad",automatizacion,3.7,"stack 2.6 (bruto 6.5) | seniority 8 (senior, automatizacion) | contexto 0",,nueva,
921,greenhouse:canonical:7432750,canonical:linuxsoftwareengineerubuntufornextgensiliconmultiplerolesandsenioritylevels,Canonical,greenhouse,canonical,7432750,Linux Software Engineer - Ubuntu for Next-Gen Silicon (multiple roles and seniority levels),Home Based - Americas; Home Based - APAC; Home based - EMEA,https://job-boards.greenhouse.io/canonical/jobs/7432750,2025-11-28T15:19:56-05:00,2026-09-21T16:33:41-05:00,,si,"remoto sin pais, confirmar elegibilidad",desarrollo,0,"stack 1.0 (bruto 2.5) | seniority 6 (sin_marca, desarrollo) | contexto 0",KNOCKOUT: stack 1.0 bajo el piso de 2.0,nueva,
922,greenhouse:canonical:6177790,canonical:maasdatacenterinfrastructureengineertorontoarea,Canonical,greenhouse,canonical,6177790,MAAS Data Center Infrastructure Engineer (Toronto area),"Office Based - Toronto, Canada",https://job-boards.greenhouse.io/canonical/jobs/6177790,2024-08-14T06:11:09-04:00,2026-09-21T16:33:41-05:00,,no,ubicacion fuera de Colombia/LATAM/remoto global,desarrollo,,,,nueva,
923,greenhouse:canonical:6177794,canonical:maassystemsengineerpythontorontoarea,Canonical,greenhouse,canonical,6177794,MAAS Systems Engineer - Python (Toronto area),"Office Based - Toronto, Canada",https://job-boards.greenhouse.io/canonical/jobs/6177794,2024-08-14T06:13:39-04:00,2026-09-21T16:33:41-05:00,,no,ubicacion fuera de Colombia/LATAM/remoto global,desarrollo,,,,nueva,
924,greenhouse:canonical:7267884,canonical:managerofenterpriseopensourcesalesteam,Canonical,greenhouse,canonical,7267884,Manager of Enterprise Open Source Sales Team,Home based - Worldwide,https://job-boards.greenhouse.io/canonical/jobs/7267884,2025-09-22T10:15:58-04:00,2026-09-21T16:33:41-05:00,,no,titulo fuera de perfil,desarrollo,,,,nueva,
925,greenhouse:canonical:7836561,canonical:managerpeopleanalytics,Canonical,greenhouse,canonical,7836561,"Manager, People Analytics",Home Based - Americas; Home based - EMEA,https://job-boards.greenhouse.io/canonical/jobs/7836561,2026-07-17T14:36:11-04:00,2026-09-21T16:33:41-05:00,,no,titulo fuera de perfil,desarrollo,,,,nueva,
926,greenhouse:canonical:6458166,canonical:managerproductmanager,Canonical,greenhouse,canonical,6458166,"Manager, Product Manager",Home based - EMEA,https://job-boards.greenhouse.io/canonical/jobs/6458166,2025-01-30T19:12:31-05:00,2026-09-21T16:33:41-05:00,,no,titulo fuera de perfil,desarrollo,,,,nueva,
927,greenhouse:canonical:4981245,canonical:marketingassociate,Canonical,greenhouse,canonical,4981245,Marketing Associate,Home Based - Americas; Home Based - APAC; Home based - EMEA,https://job-boards.greenhouse.io/canonical/jobs/4981245,2023-04-08T08:42:32-04:00,2026-09-21T16:33:41-05:00,,no,titulo fuera de perfil,desarrollo,,,,nueva,
928,greenhouse:canonical:6110691,canonical:marketingmanager,Canonical,greenhouse,canonical,6110691,Marketing Manager,Home Based - Americas; Home based - EMEA,https://job-boards.greenhouse.io/canonical/jobs/6110691,2024-07-15T09:09:22-04:00,2026-09-21T16:33:41-05:00,,no,titulo fuera de perfil,desarrollo,,,,nueva,
929,greenhouse:canonical:7953864,canonical:marketingteamlead,Canonical,greenhouse,canonical,7953864,Marketing Team Lead,Home Based - Americas; Home based - EMEA,https://job-boards.greenhouse.io/canonical/jobs/7953864,2026-05-22T09:32:57-04:00,2026-09-21T16:33:41-05:00,,no,titulo fuera de perfil,desarrollo,,,,nueva,
930,greenhouse:canonical:5191982,canonical:microservicesengineer,Canonical,greenhouse,canonical,5191982,Microservices Engineer,Home based - Worldwide,https://job-boards.greenhouse.io/canonical/jobs/5191982,2023-10-15T13:17:12-04:00,2026-09-21T16:33:41-05:00,,si,"remoto sin pais, confirmar elegibilidad",desarrollo,3.5,"stack 3.4 (bruto 8.5) | seniority 6 (sin_marca, desarrollo) | contexto 0",,nueva,
931,greenhouse:canonical:6783943,canonical:mlopsfieldengineer,Canonical,greenhouse,canonical,6783943,MLOps Field Engineer,Home based - Worldwide,https://job-boards.greenhouse.io/canonical/jobs/6783943,2025-04-10T03:47:40-04:00,2026-09-21T16:33:41-05:00,,si,"remoto sin pais, confirmar elegibilidad",desarrollo,2.8,"stack 2.0 (bruto 5) | seniority 6 (sin_marca, desarrollo) | contexto 0","RIESGO: menciona presencial/hibrido, confirmar",nueva,
932,greenhouse:canonical:6391434,canonical:netsuiteadministrator,Canonical,greenhouse,canonical,6391434,NetSuite Administrator,Home based - EMEA,https://job-boards.greenhouse.io/canonical/jobs/6391434,2025-02-06T05:04:52-05:00,2026-09-21T16:33:41-05:00,,no,titulo fuera de perfil,desarrollo,,,,nueva,
933,greenhouse:canonical:5739500,canonical:observabilityengineeringmanager,Canonical,greenhouse,canonical,5739500,Observability Engineering Manager,Home Based - Americas; Home based - EMEA,https://job-boards.greenhouse.io/canonical/jobs/5739500,2024-02-21T09:41:35-05:00,2026-09-21T16:33:41-05:00,,si,"remoto sin pais, confirmar elegibilidad",desarrollo,0,"stack 2.4 (bruto 6) | seniority 0 (lead, desarrollo) | contexto 0",KNOCKOUT: seniority 'lead' fuera de alcance en rol de desarrollo,nueva,
934,greenhouse:canonical:6633605,canonical:opensourceenterprisesalesalliances,Canonical,greenhouse,canonical,6633605,Open Source Enterprise Sales / Alliances,Home based - Worldwide,https://job-boards.greenhouse.io/canonical/jobs/6633605,2025-06-13T13:03:45-04:00,2026-09-21T16:33:41-05:00,,no,titulo fuera de perfil,desarrollo,,,,nueva,
935,greenhouse:canonical:7746655,canonical:opensourceenterprisesalesmanagernorthamerica,Canonical,greenhouse,canonical,7746655,Open Source Enterprise Sales Manager - North America,Home Based - Americas,https://job-boards.greenhouse.io/canonical/jobs/7746655,2026-03-25T08:02:01-04:00,2026-09-21T16:33:41-05:00,,no,titulo fuera de perfil,desarrollo,,,,nueva,
936,greenhouse:canonical:5660661,canonical:opensourcenetworkingsoftwareengineertorswitchsmartnicdpu,Canonical,greenhouse,canonical,5660661,Open Source Networking Software Engineer - ToR Switch / SmartNIC / DPU,"Home Based - Americas; Home Based - APAC; Office Based - Beijing, China; Office Based - Taipei, Taiwan",https://job-boards.greenhouse.io/canonical/jobs/5660661,2024-03-20T04:20:35-04:00,2026-09-21T16:33:41-05:00,,si,"remoto sin pais, confirmar elegibilidad",desarrollo,0,"stack 0.8 (bruto 2) | seniority 6 (sin_marca, desarrollo) | contexto 0",KNOCKOUT: stack 0.8 bajo el piso de 2.0,nueva,
937,greenhouse:canonical:4676858,canonical:openstackengineeringmanager,Canonical,greenhouse,canonical,4676858,OpenStack Engineering Manager,Home based - Worldwide,https://job-boards.greenhouse.io/canonical/jobs/4676858,2022-11-03T13:37:45-04:00,2026-09-21T16:33:41-05:00,,si,"remoto sin pais, confirmar elegibilidad",desarrollo,0,"stack 0.8 (bruto 2) | seniority 0 (lead, desarrollo) | contexto 0",KNOCKOUT: stack 0.8 bajo el piso de 2.0 || KNOCKOUT: seniority 'lead' fuera de alcance en rol de desarrollo,nueva,
938,greenhouse:canonical:8160237,canonical:organisationaldevelopmentassociate,Canonical,greenhouse,canonical,8160237,Organisational Development Associate,Home Based - Americas; Home based - EMEA,https://job-boards.greenhouse.io/canonical/jobs/8160237,2026-08-26T14:37:09-04:00,2026-09-21T16:33:41-05:00,,no,titulo fuera de perfil,desarrollo,,,,nueva,
939,greenhouse:canonical:6812436,canonical:partnermarketingmanager,Canonical,greenhouse,canonical,6812436,Partner Marketing Manager,Home Based - Americas,https://job-boards.greenhouse.io/canonical/jobs/6812436,2025-04-16T11:36:25-04:00,2026-09-21T16:33:41-05:00,,no,titulo fuera de perfil,desarrollo,,,,nueva,
940,greenhouse:canonical:3572118,canonical:partnersalesdirectorglobalsystemintegratorgsi,Canonical,greenhouse,canonical,3572118,Partner Sales Director - Global System Integrator (GSI),Home based - Worldwide,https://job-boards.greenhouse.io/canonical/jobs/3572118,2021-10-15T09:13:49-04:00,2026-09-21T16:33:41-05:00,,no,titulo fuera de perfil,desarrollo,,,,nueva,
941,greenhouse:canonical:4126502,canonical:partnersalesdirectorihvalliances,Canonical,greenhouse,canonical,4126502,Partner Sales Director - IHV Alliances,Home based - Worldwide,https://job-boards.greenhouse.io/canonical/jobs/4126502,2022-05-06T03:12:21-04:00,2026-09-21T16:33:41-05:00,,no,titulo fuera de perfil,desarrollo,,,,nueva,
942,greenhouse:canonical:6861259,canonical:partnersalesexecutiveanzchannel,Canonical,greenhouse,canonical,6861259,"Partner Sales Executive, ANZ Channel",Home Based - APAC,https://job-boards.greenhouse.io/canonical/jobs/6861259,2025-05-05T01:37:36-04:00,2026-09-21T16:33:41-05:00,,no,titulo fuera de perfil,desarrollo,,,,nueva,
943,greenhouse:canonical:6749072,canonical:partnersalesexecutivenorthamericachannel,Canonical,greenhouse,canonical,6749072,"Partner Sales Executive, North America Channel",Home Based - Americas,https://job-boards.greenhouse.io/canonical/jobs/6749072,2025-03-26T15:18:44-04:00,2026-09-21T16:33:41-05:00,,no,titulo fuera de perfil,desarrollo,,,,nueva,
944,greenhouse:canonical:6173361,canonical:partnersalesmanagerdell,Canonical,greenhouse,canonical,6173361,Partner Sales Manager - Dell,Home Based - Americas; Home Based - APAC,https://job-boards.greenhouse.io/canonical/jobs/6173361,2024-08-16T05:45:57-04:00,2026-09-21T16:33:41-05:00,,no,titulo fuera de perfil,desarrollo,,,,nueva,
945,greenhouse:canonical:5572475,canonical:partnersalesmanagerhewlettpackardenterpriseindia,Canonical,greenhouse,canonical,5572475,"Partner Sales Manager - Hewlett Packard Enterprise, India",Home Based - APAC,https://job-boards.greenhouse.io/canonical/jobs/5572475,2023-12-14T16:50:34-05:00,2026-09-21T16:33:41-05:00,,no,titulo fuera de perfil,desarrollo,,,,nueva,
946,greenhouse:canonical:6950219,canonical:partnersalesmanagerihvalliances,Canonical,greenhouse,canonical,6950219,Partner Sales Manager - IHV Alliances,Home based - Worldwide,https://job-boards.greenhouse.io/canonical/jobs/6950219,2025-06-04T09:12:13-04:00,2026-09-21T16:33:41-05:00,,no,titulo fuera de perfil,desarrollo,,,,nueva,
947,greenhouse:canonical:5396437,canonical:pcplatformskernelengineerubuntulinux,Canonical,greenhouse,canonical,5396437,PC Platforms Kernel Engineer - Ubuntu Linux,"Office Based - Beijing, China; Office Based - Taipei, Taiwan",https://job-boards.greenhouse.io/canonical/jobs/5396437,2023-09-26T22:52:36-04:00,2026-09-21T16:33:41-05:00,,no,ubicacion fuera de Colombia/LATAM/remoto global,desarrollo,,,,nueva,
948,greenhouse:canonical:5792361,canonical:performanceengineeropensource,Canonical,greenhouse,canonical,5792361,Performance Engineer - Open Source,Home based - Worldwide,https://job-boards.greenhouse.io/canonical/jobs/5792361,2024-04-09T04:18:12-04:00,2026-09-21T16:33:41-05:00,,si,"remoto sin pais, confirmar elegibilidad",desarrollo,0,"stack 1.8 (bruto 4.5) | seniority 6 (sin_marca, desarrollo) | contexto 0",KNOCKOUT: stack 1.8 bajo el piso de 2.0,nueva,
949,greenhouse:canonical:5029257,canonical:productmanager,Canonical,greenhouse,canonical,5029257,Product Manager,Home based - EMEA,https://job-boards.greenhouse.io/canonical/jobs/5029257,2025-02-03T08:35:36-05:00,2026-09-21T16:33:41-05:00,,no,titulo fuera de perfil,desarrollo,,,,nueva,
950,greenhouse:canonical:6643476,canonical:productmanagerai,Canonical,greenhouse,canonical,6643476,Product Manager - AI,Home based - EMEA,https://job-boards.greenhouse.io/canonical/jobs/6643476,2025-02-18T13:45:06-05:00,2026-09-21T16:33:41-05:00,,no,ubicacion fuera de Colombia/LATAM/remoto global,desarrollo,,,,nueva,
951,greenhouse:canonical:6643965,canonical:productmanagercloud,Canonical,greenhouse,canonical,6643965,Product Manager - Cloud,Home based - EMEA,https://job-boards.greenhouse.io/canonical/jobs/6643965,2025-02-18T13:43:38-05:00,2026-09-21T16:33:41-05:00,,no,titulo fuera de perfil,desarrollo,,,,nueva,
952,greenhouse:canonical:6643484,canonical:productmanagerdata,Canonical,greenhouse,canonical,6643484,Product Manager - Data,Home based - EMEA,https://job-boards.greenhouse.io/canonical/jobs/6643484,2025-02-18T13:46:57-05:00,2026-09-21T16:33:41-05:00,,no,ubicacion fuera de Colombia/LATAM/remoto global,desarrollo,,,,nueva,
953,greenhouse:canonical:6643483,canonical:productmanagersecurity,Canonical,greenhouse,canonical,6643483,Product Manager - Security,Home based - EMEA,https://job-boards.greenhouse.io/canonical/jobs/6643483,2025-02-18T13:44:36-05:00,2026-09-21T16:33:41-05:00,,no,titulo fuera de perfil,desarrollo,,,,nueva,
954,greenhouse:canonical:6643481,canonical:productmanagerubuntu,Canonical,greenhouse,canonical,6643481,Product Manager - Ubuntu,Home based - EMEA,https://job-boards.greenhouse.io/canonical/jobs/6643481,2025-02-18T13:44:11-05:00,2026-09-21T16:33:41-05:00,,no,titulo fuera de perfil,desarrollo,,,,nueva,
955,greenhouse:canonical:8200686,canonical:productmarketinglead,Canonical,greenhouse,canonical,8200686,Product Marketing Lead,Home based - EMEA,https://job-boards.greenhouse.io/canonical/jobs/8200686,2026-09-14T04:56:37-04:00,2026-09-21T16:33:41-05:00,,no,titulo fuera de perfil,desarrollo,,,,nueva,
956,greenhouse:canonical:4953222,canonical:projectmanagerubuntuembeddedsystems,Canonical,greenhouse,canonical,4953222,Project Manager - Ubuntu Embedded Systems,Home Based - APAC,https://job-boards.greenhouse.io/canonical/jobs/4953222,2023-03-27T05:27:21-04:00,2026-09-21T16:33:41-05:00,,no,titulo fuera de perfil,desarrollo,,,,nueva,
957,greenhouse:canonical:5422728,canonical:projectmanagerubuntuembeddedsystems,Canonical,greenhouse,canonical,5422728,Project Manager - Ubuntu Embedded Systems,"Office Based - Taipei, Taiwan",https://job-boards.greenhouse.io/canonical/jobs/5422728,2023-10-08T18:01:51-04:00,2026-09-21T16:33:41-05:00,,no,titulo fuera de perfil,desarrollo,,,,nueva,
958,greenhouse:canonical:2808065,canonical:projectmanagerubuntuembeddedsystems,Canonical,greenhouse,canonical,2808065,Project Manager - Ubuntu Embedded Systems,Home Based - Americas; Home based - EMEA,https://job-boards.greenhouse.io/canonical/jobs/2808065,2021-02-19T13:45:59-05:00,2026-09-21T16:33:41-05:00,,no,titulo fuera de perfil,desarrollo,,,,nueva,
959,greenhouse:canonical:4732475,canonical:publiccloudprojectmanager,Canonical,greenhouse,canonical,4732475,Public Cloud Project Manager,Home Based - Americas,https://job-boards.greenhouse.io/canonical/jobs/4732475,2022-12-05T08:08:05-05:00,2026-09-21T16:33:41-05:00,,no,titulo fuera de perfil,desarrollo,,,,nueva,
960,greenhouse:canonical:7490812,canonical:publiccloudsolutionarchitect,Canonical,greenhouse,canonical,7490812,Public Cloud Solution Architect,Home Based - Americas,https://job-boards.greenhouse.io/canonical/jobs/7490812,2026-01-23T14:25:42-05:00,2026-09-21T16:33:41-05:00,,no,titulo fuera de perfil,desarrollo,,,,nueva,
961,greenhouse:canonical:5703396,canonical:pythonandkubernetessoftwareengineerdataworkflowsaimlanalytics,Canonical,greenhouse,canonical,5703396,"Python and Kubernetes Software Engineer - Data, Workflows, AI/ML & Analytics",Home based - Worldwide,https://job-boards.greenhouse.io/canonical/jobs/5703396,2024-04-11T11:09:05-04:00,2026-09-21T16:33:41-05:00,,si,"remoto sin pais, confirmar elegibilidad",automatizacion,4.3,"stack 2.6 (bruto 6.5) | seniority 10 (sin_marca, automatizacion) | contexto 0",,nueva,
962,greenhouse:canonical:5143074,canonical:pythonengineer,Canonical,greenhouse,canonical,5143074,Python Engineer,Home based - Worldwide,https://job-boards.greenhouse.io/canonical/jobs/5143074,2023-10-11T02:32:13-04:00,2026-09-21T16:33:41-05:00,,si,"remoto sin pais, confirmar elegibilidad",desarrollo,2.9,"stack 2.2 (bruto 5.5) | seniority 6 (sin_marca, desarrollo) | contexto 0",,nueva,
963,greenhouse:canonical:4536726,canonical:pythonengineerdatacenterhardwareintegrationtaipei,Canonical,greenhouse,canonical,4536726,Python Engineer - Data Center Hardware Integration (Taipei),"Office Based - Taipei, Taiwan",https://job-boards.greenhouse.io/canonical/jobs/4536726,2022-09-06T05:11:29-04:00,2026-09-21T16:33:41-05:00,,no,ubicacion fuera de Colombia/LATAM/remoto global,automatizacion,,,,nueva,
964,greenhouse:canonical:5692059,canonical:pythonengineeringmanagercommercialsystems,Canonical,greenhouse,canonical,5692059,"Python Engineering Manager, Commercial Systems",Home based - EMEA,https://job-boards.greenhouse.io/canonical/jobs/5692059,2024-02-09T07:46:05-05:00,2026-09-21T16:33:41-05:00,,no,ubicacion fuera de Colombia/LATAM/remoto global,desarrollo,,,,nueva,
965,greenhouse:canonical:6401160,canonical:pythonsoftwareengineercommercialsystems,Canonical,greenhouse,canonical,6401160,"Python Software Engineer, Commercial Systems",Home based - EMEA,https://job-boards.greenhouse.io/canonical/jobs/6401160,2024-11-15T11:12:02-05:00,2026-09-21T16:33:41-05:00,,no,ubicacion fuera de Colombia/LATAM/remoto global,desarrollo,,,,nueva,
966,greenhouse:canonical:3658005,canonical:pythonsoftwareengineerubuntuhardwarecertificationteam,Canonical,greenhouse,canonical,3658005,Python Software Engineer - Ubuntu Hardware Certification Team,Home based - EMEA,https://job-boards.greenhouse.io/canonical/jobs/3658005,2022-03-28T11:18:09-04:00,2026-09-21T16:33:41-05:00,,no,ubicacion fuera de Colombia/LATAM/remoto global,desarrollo,,,,nueva,
967,greenhouse:canonical:4633682,canonical:regionalbdrteammanager,Canonical,greenhouse,canonical,4633682,Regional BDR Team Manager,Home based - Worldwide,https://job-boards.greenhouse.io/canonical/jobs/4633682,2022-11-07T12:11:04-05:00,2026-09-21T16:33:41-05:00,,no,titulo fuera de perfil,desarrollo,,,,nueva,
968,greenhouse:canonical:3979744,canonical:regionalhrmanageramer,Canonical,greenhouse,canonical,3979744,Regional HR Manager - AMER,Home Based - Americas,https://job-boards.greenhouse.io/canonical/jobs/3979744,2022-03-31T13:19:49-04:00,2026-09-21T16:33:41-05:00,,no,titulo fuera de perfil,desarrollo,,,,nueva,
969,greenhouse:canonical:6180909,canonical:regionalhrmanageremea,Canonical,greenhouse,canonical,6180909,Regional HR Manager - EMEA,Home based - EMEA,https://job-boards.greenhouse.io/canonical/jobs/6180909,2024-08-15T07:58:16-04:00,2026-09-21T16:33:41-05:00,,no,titulo fuera de perfil,desarrollo,,,,nueva,
970,greenhouse:canonical:8094035,canonical:regionalsdrdirector,Canonical,greenhouse,canonical,8094035,Regional SDR Director,Home Based - Americas; Home Based - APAC; Home based - EMEA; Home based - Worldwide,https://job-boards.greenhouse.io/canonical/jobs/8094035,2026-07-29T07:53:55-04:00,2026-09-21T16:33:41-05:00,,no,titulo fuera de perfil,desarrollo,,,,nueva,
971,greenhouse:canonical:7437155,canonical:renewalssalesmanageramericas,Canonical,greenhouse,canonical,7437155,"Renewals Sales Manager, Americas",Home Based - Americas,https://job-boards.greenhouse.io/canonical/jobs/7437155,2025-12-02T10:33:37-05:00,2026-09-21T16:33:41-05:00,,no,titulo fuera de perfil,desarrollo,,,,nueva,
972,greenhouse:canonical:5906505,canonical:representantdudeveloppementdesventes,Canonical,greenhouse,canonical,5906505,Représentant du Développement des Ventes,Home based - EMEA,https://job-boards.greenhouse.io/canonical/jobs/5906505,2024-04-15T07:15:44-04:00,2026-09-21T16:33:41-05:00,,no,titulo fuera de perfil,desarrollo,,,,nueva,
973,greenhouse:canonical:5906490,canonical:representantededesarrollodeventas,Canonical,greenhouse,canonical,5906490,Representante de Desarrollo de Ventas,Home based - EMEA,https://job-boards.greenhouse.io/canonical/jobs/5906490,2024-04-15T07:15:16-04:00,2026-09-21T16:33:41-05:00,,no,titulo fuera de perfil,desarrollo,,,,nueva,
974,greenhouse:canonical:3830645,canonical:revenueaccountant,Canonical,greenhouse,canonical,3830645,Revenue Accountant,Home based - EMEA,https://job-boards.greenhouse.io/canonical/jobs/3830645,2022-02-24T16:05:10-05:00,2026-09-21T16:33:41-05:00,,no,titulo fuera de perfil,desarrollo,,,,nueva,
975,greenhouse:canonical:5833620,canonical:rustengineeringleadlinuxandopensource,Canonical,greenhouse,canonical,5833620,Rust Engineering Lead - Linux and Open Source,Home based - Worldwide,https://job-boards.greenhouse.io/canonical/jobs/5833620,2024-04-04T19:01:02-04:00,2026-09-21T16:33:41-05:00,,si,"remoto sin pais, confirmar elegibilidad",desarrollo,0,"stack 1.6 (bruto 4) | seniority 0 (lead, desarrollo) | contexto 0",KNOCKOUT: stack 1.6 bajo el piso de 2.0 || KNOCKOUT: seniority 'lead' fuera de alcance en rol de desarrollo,nueva,
976,greenhouse:canonical:5912833,canonical:salesdevelopmentrepresentative,Canonical,greenhouse,canonical,5912833,Sales Development Representative,Home Based - Americas,https://job-boards.greenhouse.io/canonical/jobs/5912833,2024-04-17T12:25:00-04:00,2026-09-21T16:33:41-05:00,,no,titulo fuera de perfil,desarrollo,,,,nueva,
977,greenhouse:canonical:2955155,canonical:salesdevelopmentrepresentative,Canonical,greenhouse,canonical,2955155,Sales Development Representative,"Office Based - London, UK",https://job-boards.greenhouse.io/canonical/jobs/2955155,2021-03-11T05:47:03-05:00,2026-09-21T16:33:41-05:00,,no,titulo fuera de perfil,desarrollo,,,,nueva,
978,greenhouse:canonical:7668160,canonical:salesdevelopmentrepresentativearabicspeaker,Canonical,greenhouse,canonical,7668160,Sales Development Representative (Arabic Speaker),Home based - EMEA,https://job-boards.greenhouse.io/canonical/jobs/7668160,2026-03-02T06:15:15-05:00,2026-09-21T16:33:41-05:00,,no,titulo fuera de perfil,desarrollo,,,,nueva,
979,greenhouse:canonical:5906452,canonical:salesdevelopmentrepresentativedutchspeaker,Canonical,greenhouse,canonical,5906452,Sales Development Representative (Dutch Speaker),Home based - EMEA,https://job-boards.greenhouse.io/canonical/jobs/5906452,2024-04-15T07:14:06-04:00,2026-09-21T16:33:41-05:00,,no,titulo fuera de perfil,desarrollo,,,,nueva,
980,greenhouse:canonical:5906460,canonical:salesdevelopmentrepresentativegermanspeaker,Canonical,greenhouse,canonical,5906460,Sales Development Representative (German Speaker),Home based - EMEA,https://job-boards.greenhouse.io/canonical/jobs/5906460,2024-04-15T07:14:18-04:00,2026-09-21T16:33:41-05:00,,no,titulo fuera de perfil,desarrollo,,,,nueva,
981,greenhouse:canonical:5906498,canonical:salesdevelopmentrepresentativeitalianspeaker,Canonical,greenhouse,canonical,5906498,Sales Development Representative (Italian Speaker),Home based - EMEA,https://job-boards.greenhouse.io/canonical/jobs/5906498,2024-04-15T07:15:28-04:00,2026-09-21T16:33:41-05:00,,no,titulo fuera de perfil,desarrollo,,,,nueva,
982,greenhouse:canonical:6924722,canonical:salesdevelopmentrepresentativeportuguesespeaker,Canonical,greenhouse,canonical,6924722,Sales Development Representative (Portuguese Speaker),Home Based - Americas,https://job-boards.greenhouse.io/canonical/jobs/6924722,2025-06-02T11:19:57-04:00,2026-09-21T16:33:41-05:00,,no,titulo fuera de perfil,desarrollo,,,,nueva,
983,greenhouse:canonical:5906570,canonical:インサイトセールスリモートsalesdevelopmentrepresentativeremote,Canonical,greenhouse,canonical,5906570,インサイドセールス (リモート)/ Sales Development Representative (Remote),Home Based - APAC,https://job-boards.greenhouse.io/canonical/jobs/5906570,2024-04-15T07:17:40-04:00,2026-09-21T16:33:41-05:00,,no,titulo fuera de perfil,desarrollo,,,,nueva,
984,greenhouse:canonical:5648135,canonical:salesdevelopmentrepresentativespanishportuguesespeaker,Canonical,greenhouse,canonical,5648135,Sales Development Representative (Spanish & Portuguese Speaker),Home Based - Americas,https://job-boards.greenhouse.io/canonical/jobs/5648135,2024-01-25T11:21:20-05:00,2026-09-21T16:33:41-05:00,,no,titulo fuera de perfil,desarrollo,,,,nueva,
985,greenhouse:canonical:7963009,canonical:salesenablementmanager,Canonical,greenhouse,canonical,7963009,Sales Enablement Manager,Home based - EMEA,https://job-boards.greenhouse.io/canonical/jobs/7963009,2026-06-05T04:31:24-04:00,2026-09-21T16:33:41-05:00,,no,titulo fuera de perfil,automatizacion,,,,nueva,
986,greenhouse:canonical:6371231,canonical:salesforceadministrator,Canonical,greenhouse,canonical,6371231,Salesforce Administrator,Home based - EMEA,https://job-boards.greenhouse.io/canonical/jobs/6371231,2025-02-06T05:04:53-05:00,2026-09-21T16:33:41-05:00,,no,titulo fuera de perfil,desarrollo,,,,nueva,
987,greenhouse:canonical:4582078,canonical:salesforcenetsuiteengineeringmanagercommercialsystems,Canonical,greenhouse,canonical,4582078,"Salesforce/NetSuite Engineering Manager, Commercial Systems",Home based - EMEA,https://job-boards.greenhouse.io/canonical/jobs/4582078,2023-01-13T10:53:37-05:00,2026-09-21T16:33:41-05:00,,no,ubicacion fuera de Colombia/LATAM/remoto global,desarrollo,,,,nueva,
988,greenhouse:canonical:5924435,canonical:salesoperationsanalyst,Canonical,greenhouse,canonical,5924435,Sales Operations Analyst,Home Based - Americas; Home based - EMEA,https://job-boards.greenhouse.io/canonical/jobs/5924435,2024-08-02T07:58:19-04:00,2026-09-21T16:33:41-05:00,,no,titulo fuera de perfil,automatizacion,,,,nueva,
989,greenhouse:canonical:5422575,canonical:securityriskmanagementspecialist,Canonical,greenhouse,canonical,5422575,Security Risk Management Specialist,Home based - Worldwide,https://job-boards.greenhouse.io/canonical/jobs/5422575,2024-02-20T18:11:05-05:00,2026-09-21T16:33:41-05:00,,no,titulo fuera de perfil,desarrollo,,,,nueva,
990,greenhouse:canonical:5146620,canonical:securitysoftwareengineer,Canonical,greenhouse,canonical,5146620,Security Software Engineer,Home based - Worldwide,https://job-boards.greenhouse.io/canonical/jobs/5146620,2023-10-14T15:09:26-04:00,2026-09-21T16:33:41-05:00,,si,"remoto sin pais, confirmar elegibilidad",desarrollo,3.3,"stack 3.0 (bruto 7.5) | seniority 6 (sin_marca, desarrollo) | contexto 0",,nueva,
991,greenhouse:canonical:7303629,canonical:seniorcommunicationsmanageranalystrelations,Canonical,greenhouse,canonical,7303629,Senior Communications Manager - Analyst Relations,Home based - EMEA,https://job-boards.greenhouse.io/canonical/jobs/7303629,2025-10-07T09:46:28-04:00,2026-09-21T16:33:41-05:00,,no,titulo fuera de perfil,desarrollo,,,,nueva,
992,greenhouse:canonical:7771226,canonical:seniorcommunicationsspecialistsocialmedia,Canonical,greenhouse,canonical,7771226,Senior communications specialist - social media,Home based - EMEA,https://job-boards.greenhouse.io/canonical/jobs/7771226,2026-04-01T05:08:52-04:00,2026-09-21T16:33:41-05:00,,no,titulo fuera de perfil,desarrollo,,,,nueva,
993,greenhouse:canonical:5995321,canonical:seniordesignmanagerinfrastructure,Canonical,greenhouse,canonical,5995321,Senior Design Manager (Infrastructure),Home based - EMEA,https://job-boards.greenhouse.io/canonical/jobs/5995321,2024-05-27T11:23:40-04:00,2026-09-21T16:33:41-05:00,,no,titulo fuera de perfil,desarrollo,,,,nueva,
994,greenhouse:canonical:7528950,canonical:seniordesignresearcheruserscience,Canonical,greenhouse,canonical,7528950,Senior Design Researcher - User Science,Home based - EMEA,https://job-boards.greenhouse.io/canonical/jobs/7528950,2026-01-11T11:27:41-05:00,2026-09-21T16:33:41-05:00,,no,titulo fuera de perfil,desarrollo,,,,nueva,
995,greenhouse:canonical:6762650,canonical:seniorhrgeneralistemea,Canonical,greenhouse,canonical,6762650,Senior HR Generalist - EMEA,Home based - EMEA,https://job-boards.greenhouse.io/canonical/jobs/6762650,2025-04-07T11:34:16-04:00,2026-09-21T16:33:41-05:00,,no,titulo fuera de perfil,desarrollo,,,,nueva,
996,greenhouse:canonical:5920689,canonical:seniorjiraadministrator,Canonical,greenhouse,canonical,5920689,Senior Jira Administrator,Home based - EMEA,https://job-boards.greenhouse.io/canonical/jobs/5920689,2025-02-28T10:14:11-05:00,2026-09-21T16:33:41-05:00,,no,titulo fuera de perfil,desarrollo,,,,nueva,
997,greenhouse:canonical:5566674,canonical:seniorjujusoftwareengineergo,Canonical,greenhouse,canonical,5566674,Senior Juju Software Engineer (Go),Home based - EMEA,https://job-boards.greenhouse.io/canonical/jobs/5566674,2023-12-13T04:45:50-05:00,2026-09-21T16:33:41-05:00,,no,ubicacion fuera de Colombia/LATAM/remoto global,desarrollo,,,,nueva,
998,greenhouse:canonical:5223805,canonical:seniormarketingautomationmanager,Canonical,greenhouse,canonical,5223805,Senior Marketing Automation Manager,Home based - EMEA,https://job-boards.greenhouse.io/canonical/jobs/5223805,2023-07-25T07:27:58-04:00,2026-09-21T16:33:41-05:00,,no,ubicacion fuera de Colombia/LATAM/remoto global,automatizacion,,,,nueva,
999,greenhouse:canonical:8090587,canonical:seniororganisationaldevelopmentpractitioner,Canonical,greenhouse,canonical,8090587,Senior Organisational Development Practitioner,Home Based - Americas; Home based - EMEA,https://job-boards.greenhouse.io/canonical/jobs/8090587,2026-07-28T04:47:36-04:00,2026-09-21T16:33:41-05:00,,no,titulo fuera de perfil,desarrollo,,,,nueva,
1000,greenhouse:canonical:7086483,canonical:seniorpartnersalesmanagerglobalsystemintegratorgsi,Canonical,greenhouse,canonical,7086483,Senior Partner Sales Manager - Global System Integrator (GSI),Home based - Worldwide,https://job-boards.greenhouse.io/canonical/jobs/7086483,2025-07-29T06:31:44-04:00,2026-09-21T16:33:41-05:00,,no,titulo fuera de perfil,desarrollo,,,,nueva,
1001,greenhouse:canonical:7601064,canonical:seniorproductmarketingmanager,Canonical,greenhouse,canonical,7601064,Senior Product Marketing Manager,Home based - EMEA,https://job-boards.greenhouse.io/canonical/jobs/7601064,2026-02-10T01:21:58-05:00,2026-09-21T16:33:41-05:00,,no,titulo fuera de perfil,desarrollo,,,,nueva,
1002,greenhouse:canonical:4122239,canonical:seniorsalesoperationsanalyst,Canonical,greenhouse,canonical,4122239,Senior Sales Operations Analyst,Home Based - Americas; Home based - EMEA,https://job-boards.greenhouse.io/canonical/jobs/4122239,2022-08-22T04:47:08-04:00,2026-09-21T16:33:41-05:00,,no,titulo fuera de perfil,automatizacion,,,,nueva,
1003,greenhouse:canonical:5391149,canonical:seniorsecurityoperationsengineer,Canonical,greenhouse,canonical,5391149,Senior Security Operations Engineer,Home based - Worldwide,https://job-boards.greenhouse.io/canonical/jobs/5391149,2023-11-09T02:19:36-05:00,2026-09-21T16:33:41-05:00,,si,"remoto sin pais, confirmar elegibilidad",automatizacion,3.4,"stack 2.0 (bruto 5) | seniority 8 (senior, automatizacion) | contexto 0",BRECHA: piden 10+ anos de experiencia,nueva,
1004,greenhouse:canonical:3029798,canonical:seniorsitereliabilityengineer,Canonical,greenhouse,canonical,3029798,Senior Site Reliability Engineer,Home based - Worldwide,https://job-boards.greenhouse.io/canonical/jobs/3029798,2021-03-31T01:41:45-04:00,2026-09-21T16:33:41-05:00,,si,"remoto sin pais, confirmar elegibilidad",desarrollo,0,"stack 1.6 (bruto 4) | seniority 3 (senior, desarrollo) | contexto 0",KNOCKOUT: stack 1.6 bajo el piso de 2.0 || BRECHA: titulo 'senior' en rol de desarrollo,nueva,
1005,greenhouse:canonical:5517891,canonical:seniorsitereliabilitygitopsengineer,Canonical,greenhouse,canonical,5517891,Senior Site Reliability / Gitops Engineer,Home based - Worldwide,https://job-boards.greenhouse.io/canonical/jobs/5517891,2023-11-20T05:31:05-05:00,2026-09-21T16:33:41-05:00,,si,"remoto sin pais, confirmar elegibilidad",desarrollo,2.1,"stack 2.4 (bruto 6) | seniority 3 (senior, desarrollo) | contexto 0",BRECHA: titulo 'senior' en rol de desarrollo,nueva,
1006,greenhouse:canonical:3142044,canonical:seniorsoftwareengineerbackend,Canonical,greenhouse,canonical,3142044,Senior Software Engineer (Backend),Home based - EMEA,https://job-boards.greenhouse.io/canonical/jobs/3142044,2021-06-15T08:41:03-04:00,2026-09-21T16:33:41-05:00,,no,ubicacion fuera de Colombia/LATAM/remoto global,desarrollo,,,,nueva,
1007,greenhouse:canonical:3003389,canonical:seniorsoftwareengineermaas,Canonical,greenhouse,canonical,3003389,Senior Software Engineer - MAAS,Home Based - Americas; Home based - EMEA,https://job-boards.greenhouse.io/canonical/jobs/3003389,2021-03-29T05:18:26-04:00,2026-09-21T16:33:41-05:00,,si,"remoto sin pais, confirmar elegibilidad",desarrollo,2.6,"stack 3.4 (bruto 8.5) | seniority 3 (senior, desarrollo) | contexto 0",BRECHA: titulo 'senior' en rol de desarrollo,nueva,
1008,greenhouse:canonical:7774649,canonical:seniorsoftwareengineerpythongolangkubernetes,Canonical,greenhouse,canonical,7774649,Senior Software Engineer - Python/Golang - Kubernetes,Home Based - Americas; Home based - EMEA,https://job-boards.greenhouse.io/canonical/jobs/7774649,2026-04-02T06:16:41-04:00,2026-09-21T16:33:41-05:00,,si,"remoto sin pais, confirmar elegibilidad",desarrollo,0,"stack 0.8 (bruto 2) | seniority 3 (senior, desarrollo) | contexto 0",KNOCKOUT: stack 0.8 bajo el piso de 2.0 || BRECHA: titulo 'senior' en rol de desarrollo,nueva,
1009,greenhouse:canonical:5937947,canonical:seniorsoftwareengineerpythonmongodb,Canonical,greenhouse,canonical,5937947,Senior Software Engineer - Python/MongoDB,Home based - EMEA,https://job-boards.greenhouse.io/canonical/jobs/5937947,2024-04-30T08:34:02-04:00,2026-09-21T16:33:41-05:00,,no,ubicacion fuera de Colombia/LATAM/remoto global,desarrollo,,,,nueva,
1010,greenhouse:canonical:5142887,canonical:seniorstaffprincipalengineer,Canonical,greenhouse,canonical,5142887,Senior/Staff/Principal Engineer,Home based - Worldwide,https://job-boards.greenhouse.io/canonical/jobs/5142887,2023-09-22T04:19:10-04:00,2026-09-21T16:33:41-05:00,,si,"remoto sin pais, confirmar elegibilidad",desarrollo,0,"stack 3.2 (bruto 8) | seniority 0 (top, desarrollo) | contexto 0",KNOCKOUT: seniority 'top' fuera de alcance en rol de desarrollo,nueva,
1011,greenhouse:canonical:4706463,canonical:seniorubuntuembeddediotsystemengineer,Canonical,greenhouse,canonical,4706463,Senior Ubuntu Embedded IoT System Engineer,Home based - EMEA,https://job-boards.greenhouse.io/canonical/jobs/4706463,2022-11-22T09:54:16-05:00,2026-09-21T16:33:41-05:00,,no,ubicacion fuera de Colombia/LATAM/remoto global,desarrollo,,,,nueva,
1012,greenhouse:canonical:6731174,canonical:seniorubuntuembeddediotsystemengineer,Canonical,greenhouse,canonical,6731174,Senior Ubuntu Embedded IoT System Engineer,"Office Based - Taipei, Taiwan",https://job-boards.greenhouse.io/canonical/jobs/6731174,2025-03-20T12:59:50-04:00,2026-09-21T16:33:41-05:00,,no,ubicacion fuera de Colombia/LATAM/remoto global,desarrollo,,,,nueva,
1013,greenhouse:canonical:4417916,canonical:seniorwebengineer,Canonical,greenhouse,canonical,4417916,Senior Web Engineer,Home based - EMEA,https://job-boards.greenhouse.io/canonical/jobs/4417916,2022-07-20T06:39:02-04:00,2026-09-21T16:33:41-05:00,,no,ubicacion fuera de Colombia/LATAM/remoto global,desarrollo,,,,nueva,
1014,greenhouse:canonical:5359697,canonical:siliconalliancesecosystemdevelopmentmanager,Canonical,greenhouse,canonical,5359697,Silicon Alliances Ecosystem Development Manager,Home Based - Americas; Home based - EMEA,https://job-boards.greenhouse.io/canonical/jobs/5359697,2023-09-11T09:27:34-04:00,2026-09-21T16:33:41-05:00,,no,titulo fuera de perfil,desarrollo,,,,nueva,
1015,greenhouse:canonical:5570923,canonical:siliconalliancesecosystemdevelopmentmanagerapac,Canonical,greenhouse,canonical,5570923,Silicon Alliances Ecosystem Development Manager - APAC,"Office Based - Taipei, Taiwan",https://job-boards.greenhouse.io/canonical/jobs/5570923,2023-12-14T10:10:26-05:00,2026-09-21T16:33:41-05:00,,no,titulo fuera de perfil,desarrollo,,,,nueva,
1016,greenhouse:canonical:7561124,canonical:siliconalliancesecosystemdevelopmentmanagershanghaiorbeijing,Canonical,greenhouse,canonical,7561124,Silicon Alliances Ecosystem Development Manager - Shanghai or Beijing,"Office Based - Beijing, China; Office Based - Shanghai, China",https://job-boards.greenhouse.io/canonical/jobs/7561124,2026-01-23T14:25:47-05:00,2026-09-21T16:33:41-05:00,,no,titulo fuera de perfil,desarrollo,,,,nueva,
1017,greenhouse:canonical:4468036,canonical:sitereliabilityengineer,Canonical,greenhouse,canonical,4468036,Site Reliability Engineer,Home based - Worldwide,https://job-boards.greenhouse.io/canonical/jobs/4468036,2022-08-08T11:58:06-04:00,2026-09-21T16:33:41-05:00,,si,"remoto sin pais, confirmar elegibilidad",desarrollo,0,"stack 1.6 (bruto 4) | seniority 6 (sin_marca, desarrollo) | contexto 0",KNOCKOUT: stack 1.6 bajo el piso de 2.0,nueva,
1018,greenhouse:canonical:5535122,canonical:sitereliabilityengineeringmanager,Canonical,greenhouse,canonical,5535122,Site Reliability Engineering Manager,Home Based - APAC; Home based - EMEA,https://job-boards.greenhouse.io/canonical/jobs/5535122,2024-02-15T04:32:33-05:00,2026-09-21T16:33:41-05:00,,no,ubicacion fuera de Colombia/LATAM/remoto global,desarrollo,,,,nueva,
1019,greenhouse:canonical:1747487,canonical:sitereliabilitygitopsengineer,Canonical,greenhouse,canonical,1747487,Site Reliability / Gitops Engineer,Home based - Worldwide,https://job-boards.greenhouse.io/canonical/jobs/1747487,2019-06-27T04:28:36-04:00,2026-09-21T16:33:41-05:00,,si,"remoto sin pais, confirmar elegibilidad",desarrollo,0,"stack 1.6 (bruto 4) | seniority 6 (sin_marca, desarrollo) | contexto 0",KNOCKOUT: stack 1.6 bajo el piso de 2.0,nueva,
1020,greenhouse:canonical:6397940,canonical:softwareallianceecosystemmanager,Canonical,greenhouse,canonical,6397940,Software Alliance Ecosystem Manager,Home Based - Americas; Home based - EMEA,https://job-boards.greenhouse.io/canonical/jobs/6397940,2024-11-14T11:29:11-05:00,2026-09-21T16:33:41-05:00,,si,"remoto sin pais, confirmar elegibilidad",desarrollo,0,"stack 0.0 (bruto 0) | seniority 0 (lead, desarrollo) | contexto 0",KNOCKOUT: stack 0.0 bajo el piso de 2.0 || KNOCKOUT: seniority 'lead' fuera de alcance en rol de desarrollo || BRECHA: piden 7+ anos de experiencia,nueva,
1021,greenhouse:canonical:7607786,canonical:softwarealliancesdirectoramericas,Canonical,greenhouse,canonical,7607786,"Software Alliances Director, Americas",Home Based - Americas,https://job-boards.greenhouse.io/canonical/jobs/7607786,2026-02-11T14:43:22-05:00,2026-09-21T16:33:41-05:00,,si,"remoto sin pais, confirmar elegibilidad",desarrollo,0,"stack 0.0 (bruto 0) | seniority 0 (top, desarrollo) | contexto 0",KNOCKOUT: stack 0.0 bajo el piso de 2.0 || KNOCKOUT: seniority 'top' fuera de alcance en rol de desarrollo || BRECHA: piden 7+ anos de experiencia,nueva,
1022,greenhouse:canonical:6300377,canonical:softwarealliancesdirectoremea,Canonical,greenhouse,canonical,6300377,"Software Alliances Director, EMEA",Home based - EMEA,https://job-boards.greenhouse.io/canonical/jobs/6300377,2024-10-03T11:25:39-04:00,2026-09-21T16:33:41-05:00,,no,ubicacion fuera de Colombia/LATAM/remoto global,desarrollo,,,,nueva,
1023,greenhouse:canonical:5881447,canonical:softwarearchitectcontainersvirtualisation,Canonical,greenhouse,canonical,5881447,Software Architect - Containers / Virtualisation,Home Based - Americas; Home based - EMEA,https://job-boards.greenhouse.io/canonical/jobs/5881447,2025-02-27T12:26:59-05:00,2026-09-21T16:33:41-05:00,,si,"remoto sin pais, confirmar elegibilidad",desarrollo,0,"stack 1.6 (bruto 4) | seniority 0 (lead, desarrollo) | contexto 0",KNOCKOUT: stack 1.6 bajo el piso de 2.0 || KNOCKOUT: seniority 'lead' fuera de alcance en rol de desarrollo,nueva,
1024,greenhouse:canonical:4647417,canonical:softwaredeveloperbackendsaas,Canonical,greenhouse,canonical,4647417,Software Developer (Backend SaaS),Home Based - Americas,https://job-boards.greenhouse.io/canonical/jobs/4647417,2022-10-20T14:30:54-04:00,2026-09-21T16:33:41-05:00,,si,"remoto sin pais, confirmar elegibilidad",desarrollo,3.2,"stack 2.8 (bruto 7) | seniority 6 (sin_marca, desarrollo) | contexto 0",,nueva,
1025,greenhouse:canonical:2166631,canonical:softwaredeveloperinobservability,Canonical,greenhouse,canonical,2166631,Software Developer in Observability,Home based - EMEA,https://job-boards.greenhouse.io/canonical/jobs/2166631,2020-04-28T08:42:05-04:00,2026-09-21T16:33:41-05:00,,no,ubicacion fuera de Colombia/LATAM/remoto global,desarrollo,,,,nueva,
1026,greenhouse:canonical:3159992,canonical:softwareengineerappstores,Canonical,greenhouse,canonical,3159992,Software Engineer - App Stores,Home based - Worldwide,https://job-boards.greenhouse.io/canonical/jobs/3159992,2021-09-07T16:08:13-04:00,2026-09-21T16:33:41-05:00,,si,"remoto sin pais, confirmar elegibilidad",desarrollo,0,"stack 1.6 (bruto 4) | seniority 6 (sin_marca, desarrollo) | contexto 4",KNOCKOUT: stack 1.6 bajo el piso de 2.0,nueva,
1027,greenhouse:canonical:7785136,canonical:softwareengineerautomotiveandindustrialarchitecture,Canonical,greenhouse,canonical,7785136,"Software Engineer, Automotive and Industrial Architecture",Home based - EMEA,https://job-boards.greenhouse.io/canonical/jobs/7785136,2026-04-15T05:44:13-04:00,2026-09-21T16:33:41-05:00,,no,ubicacion fuera de Colombia/LATAM/remoto global,desarrollo,,,,nueva,
1028,greenhouse:canonical:1861978,canonical:softwareengineercephdistributedstorage,Canonical,greenhouse,canonical,1861978,"Software Engineer, Ceph & Distributed Storage",Home Based - Americas; Home based - EMEA,https://job-boards.greenhouse.io/canonical/jobs/1861978,2019-09-23T13:42:32-04:00,2026-09-21T16:33:41-05:00,,si,"remoto sin pais, confirmar elegibilidad",desarrollo,0,"stack 0.8 (bruto 2) | seniority 6 (sin_marca, desarrollo) | contexto 0",KNOCKOUT: stack 0.8 bajo el piso de 2.0,nueva,
1029,greenhouse:canonical:4398031,canonical:softwareengineercloudimages,Canonical,greenhouse,canonical,4398031,Software Engineer - Cloud Images,Home Based - Americas; Home based - EMEA,https://job-boards.greenhouse.io/canonical/jobs/4398031,2023-02-03T15:41:30-05:00,2026-09-21T16:33:41-05:00,,si,"remoto sin pais, confirmar elegibilidad",desarrollo,3.5,"stack 3.4 (bruto 8.5) | seniority 6 (sin_marca, desarrollo) | contexto 0",,nueva,
1030,greenhouse:canonical:3062022,canonical:softwareengineercloudsustainingengineering,Canonical,greenhouse,canonical,3062022,"Software Engineer, Cloud - Sustaining Engineering",Home based - Worldwide,https://job-boards.greenhouse.io/canonical/jobs/3062022,2021-07-09T05:56:43-04:00,2026-09-21T16:33:41-05:00,,si,"remoto sin pais, confirmar elegibilidad",desarrollo,0,"stack 1.8 (bruto 4.5) | seniority 6 (sin_marca, desarrollo) | contexto 0",KNOCKOUT: stack 1.8 bajo el piso de 2.0,nueva,
1031,greenhouse:canonical:4348657,canonical:softwareengineercrossplatformcmultipass,Canonical,greenhouse,canonical,4348657,Software Engineer - Cross-platform C++ - Multipass,Home based - EMEA,https://job-boards.greenhouse.io/canonical/jobs/4348657,2022-08-22T08:36:22-04:00,2026-09-21T16:33:41-05:00,,no,ubicacion fuera de Colombia/LATAM/remoto global,desarrollo,,,,nueva,
1032,greenhouse:canonical:3014391,canonical:softwareengineerdatainfrastructure,Canonical,greenhouse,canonical,3014391,Software Engineer - Data Infrastructure,Home based - EMEA,https://job-boards.greenhouse.io/canonical/jobs/3014391,2021-05-12T21:12:03-04:00,2026-09-21T16:33:41-05:00,,no,ubicacion fuera de Colombia/LATAM/remoto global,desarrollo,,,,nueva,
1033,greenhouse:canonical:5218601,canonical:softwareengineerdatainfrastructurekafka,Canonical,greenhouse,canonical,5218601,Software Engineer - Data Infrastructure - Kafka,Home based - EMEA,https://job-boards.greenhouse.io/canonical/jobs/5218601,2023-07-24T09:53:22-04:00,2026-09-21T16:33:41-05:00,,no,ubicacion fuera de Colombia/LATAM/remoto global,desarrollo,,,,nueva,
1034,greenhouse:canonical:5002072,canonical:softwareengineerdatainfrastructureopensearchelasticsearch,Canonical,greenhouse,canonical,5002072,Software Engineer - Data Infrastructure - OpenSearch/ElasticSearch,Home based - EMEA,https://job-boards.greenhouse.io/canonical/jobs/5002072,2023-04-20T08:20:19-04:00,2026-09-21T16:33:41-05:00,,no,ubicacion fuera de Colombia/LATAM/remoto global,desarrollo,,,,nueva,
1035,greenhouse:canonical:2614095,canonical:softwareengineeredgeai,Canonical,greenhouse,canonical,2614095,Software Engineer - Edge AI,Home based - EMEA,https://job-boards.greenhouse.io/canonical/jobs/2614095,2021-01-29T15:36:39-05:00,2026-09-21T16:33:41-05:00,,no,ubicacion fuera de Colombia/LATAM/remoto global,desarrollo,,,,nueva,
1036,greenhouse:canonical:5211861,canonical:softwareengineeringdirector,Canonical,greenhouse,canonical,5211861,Software Engineering Director,Home based - Worldwide,https://job-boards.greenhouse.io/canonical/jobs/5211861,2023-10-13T10:38:24-04:00,2026-09-21T16:33:41-05:00,,si,"remoto sin pais, confirmar elegibilidad",desarrollo,0,"stack 1.8 (bruto 4.5) | seniority 0 (top, desarrollo) | contexto 0",KNOCKOUT: stack 1.8 bajo el piso de 2.0 || KNOCKOUT: seniority 'top' fuera de alcance en rol de desarrollo,nueva,
1037,greenhouse:canonical:4283003,canonical:softwareengineeringmanagerbackendsaas,Canonical,greenhouse,canonical,4283003,Software Engineering Manager (Backend SaaS),Home Based - Americas,https://job-boards.greenhouse.io/canonical/jobs/4283003,2022-07-26T11:06:04-04:00,2026-09-21T16:33:41-05:00,,si,"remoto sin pais, confirmar elegibilidad",desarrollo,0,"stack 1.6 (bruto 4) | seniority 0 (lead, desarrollo) | contexto 0",KNOCKOUT: stack 1.6 bajo el piso de 2.0 || KNOCKOUT: seniority 'lead' fuera de alcance en rol de desarrollo,nueva,
1038,greenhouse:canonical:4086684,canonical:softwareengineeringmanagercontainerandvirtualisationinfrastructure,Canonical,greenhouse,canonical,4086684,Software Engineering Manager - Container and Virtualisation Infrastructure,Home Based - Americas; Home based - EMEA,https://job-boards.greenhouse.io/canonical/jobs/4086684,2022-07-18T11:08:37-04:00,2026-09-21T16:33:41-05:00,,si,"remoto sin pais, confirmar elegibilidad",desarrollo,0,"stack 0.8 (bruto 2) | seniority 0 (lead, desarrollo) | contexto 0",KNOCKOUT: stack 0.8 bajo el piso de 2.0 || KNOCKOUT: seniority 'lead' fuera de alcance en rol de desarrollo,nueva,
1039,greenhouse:canonical:4410480,canonical:softwareengineeringmanagersustainingengineering,Canonical,greenhouse,canonical,4410480,Software Engineering Manager - Sustaining Engineering,Home Based - Americas,https://job-boards.greenhouse.io/canonical/jobs/4410480,2022-07-17T14:19:04-04:00,2026-09-21T16:33:41-05:00,,si,"remoto sin pais, confirmar elegibilidad",desarrollo,0,"stack 1.2 (bruto 3) | seniority 0 (lead, desarrollo) | contexto 0",KNOCKOUT: stack 1.2 bajo el piso de 2.0 || KNOCKOUT: seniority 'lead' fuera de alcance en rol de desarrollo,nueva,
1040,greenhouse:canonical:6635671,canonical:softwareengineerl3support,Canonical,greenhouse,canonical,6635671,Software Engineer - L3 Support,Home based - Worldwide,https://job-boards.greenhouse.io/canonical/jobs/6635671,2025-07-14T12:49:41-04:00,2026-09-21T16:33:41-05:00,,si,"remoto sin pais, confirmar elegibilidad",desarrollo,0,"stack 1.4 (bruto 3.5) | seniority 10 (mid, desarrollo) | contexto 0",KNOCKOUT: stack 1.4 bajo el piso de 2.0,nueva,
1041,greenhouse:canonical:2579550,canonical:softwareengineeropenstack,Canonical,greenhouse,canonical,2579550,Software Engineer - OpenStack,Home Based - Americas; Home based - EMEA,https://job-boards.greenhouse.io/canonical/jobs/2579550,2021-01-21T14:01:34-05:00,2026-09-21T16:33:41-05:00,,si,"remoto sin pais, confirmar elegibilidad",desarrollo,0,"stack 1.2 (bruto 3) | seniority 6 (sin_marca, desarrollo) | contexto 0",KNOCKOUT: stack 1.2 bajo el piso de 2.0,nueva,
1042,greenhouse:canonical:3752633,canonical:softwareengineerpythonandk8s,Canonical,greenhouse,canonical,3752633,Software Engineer - Python and K8s,Home based - Worldwide,https://job-boards.greenhouse.io/canonical/jobs/3752633,2022-02-23T10:55:18-05:00,2026-09-21T16:33:41-05:00,,si,"remoto sin pais, confirmar elegibilidad",desarrollo,0,"stack 1.0 (bruto 2.5) | seniority 6 (sin_marca, desarrollo) | contexto 0",KNOCKOUT: stack 1.0 bajo el piso de 2.0,nueva,
1043,greenhouse:canonical:3257589,canonical:softwareengineerpythoncloudgraduatelevel,Canonical,greenhouse,canonical,3257589,Software Engineer - Python - Cloud - graduate level,Home Based - Americas,https://job-boards.greenhouse.io/canonical/jobs/3257589,2021-06-28T09:53:27-04:00,2026-09-21T16:33:41-05:00,,si,"remoto sin pais, confirmar elegibilidad",desarrollo,0,"stack 1.6 (bruto 4) | seniority 6 (sin_marca, desarrollo) | contexto 0",KNOCKOUT: stack 1.6 bajo el piso de 2.0,nueva,
1044,greenhouse:canonical:6222476,canonical:softwareengineerpythoncontainerimages,Canonical,greenhouse,canonical,6222476,Software Engineer - Python - Container Images,Home Based - Americas; Home Based - APAC; Home based - EMEA,https://job-boards.greenhouse.io/canonical/jobs/6222476,2024-08-30T11:39:00-04:00,2026-09-21T16:33:41-05:00,,si,"remoto sin pais, confirmar elegibilidad",desarrollo,3.5,"stack 3.4 (bruto 8.5) | seniority 6 (sin_marca, desarrollo) | contexto 0",,nueva,
1045,greenhouse:canonical:2928962,canonical:softwareengineerpythongolangkubernetes,Canonical,greenhouse,canonical,2928962,Software Engineer - Python/Golang - Kubernetes,Home Based - Americas; Home based - EMEA,https://job-boards.greenhouse.io/canonical/jobs/2928962,2021-02-19T16:30:40-05:00,2026-09-21T16:33:41-05:00,,si,"remoto sin pais, confirmar elegibilidad",desarrollo,0,"stack 0.8 (bruto 2) | seniority 6 (sin_marca, desarrollo) | contexto 0",KNOCKOUT: stack 0.8 bajo el piso de 2.0,nueva,
1046,greenhouse:canonical:2413329,canonical:softwareengineerpythonlinuxpackaging,Canonical,greenhouse,canonical,2413329,Software Engineer (Python/Linux/Packaging),Home Based - Americas,https://job-boards.greenhouse.io/canonical/jobs/2413329,2020-11-16T12:44:29-05:00,2026-09-21T16:33:41-05:00,,si,"remoto sin pais, confirmar elegibilidad",desarrollo,3.1,"stack 2.6 (bruto 6.5) | seniority 6 (sin_marca, desarrollo) | contexto 0",,nueva,
1047,greenhouse:canonical:8130859,canonical:softwareengineersecurecontainerimages,Canonical,greenhouse,canonical,8130859,Software Engineer - Secure Container Images,Home Based - Americas; Home Based - APAC; Home based - EMEA,https://job-boards.greenhouse.io/canonical/jobs/8130859,2026-08-14T15:30:38-04:00,2026-09-21T16:33:41-05:00,,si,"remoto sin pais, confirmar elegibilidad",desarrollo,3.9,"stack 2.6 (bruto 6.5) | seniority 6 (sin_marca, desarrollo) | contexto 4",,nueva,
1048,greenhouse:canonical:3290946,canonical:softwareengineersolutionsengineering,Canonical,greenhouse,canonical,3290946,Software Engineer - Solutions Engineering,Home based - Worldwide,https://job-boards.greenhouse.io/canonical/jobs/3290946,2021-07-11T05:47:47-04:00,2026-09-21T16:33:41-05:00,,si,"remoto sin pais, confirmar elegibilidad",automatizacion,0,"stack 1.6 (bruto 4) | seniority 10 (sin_marca, automatizacion) | contexto 0",KNOCKOUT: stack 1.6 bajo el piso de 2.0,nueva,
1049,greenhouse:canonical:3326693,canonical:softwareengineersustainingengineering,Canonical,greenhouse,canonical,3326693,"Software Engineer, Sustaining Engineering",Home based - Worldwide,https://job-boards.greenhouse.io/canonical/jobs/3326693,2021-07-22T11:05:34-04:00,2026-09-21T16:33:41-05:00,,si,"remoto sin pais, confirmar elegibilidad",desarrollo,0,"stack 1.8 (bruto 4.5) | seniority 6 (sin_marca, desarrollo) | contexto 0",KNOCKOUT: stack 1.8 bajo el piso de 2.0,nueva,
1050,greenhouse:canonical:5560784,canonical:softwareengineerubuntucommercialcomputers,Canonical,greenhouse,canonical,5560784,"Software Engineer, Ubuntu Commercial Computers","Office Based - Beijing, China",https://job-boards.greenhouse.io/canonical/jobs/5560784,2023-12-11T05:56:37-05:00,2026-09-21T16:33:41-05:00,,no,ubicacion fuera de Colombia/LATAM/remoto global,desarrollo,,,,nueva,
1051,greenhouse:canonical:4272811,canonical:softwareengineerubuntuservercertification,Canonical,greenhouse,canonical,4272811,Software Engineer - Ubuntu Server Certification,Home Based - Americas,https://job-boards.greenhouse.io/canonical/jobs/4272811,2022-05-25T12:12:23-04:00,2026-09-21T16:33:41-05:00,,si,"remoto sin pais, confirmar elegibilidad",desarrollo,0,"stack 1.8 (bruto 4.5) | seniority 6 (sin_marca, desarrollo) | contexto 0",KNOCKOUT: stack 1.8 bajo el piso de 2.0,nueva,
1052,greenhouse:canonical:6635681,canonical:softwaremaintenanceengineer,Canonical,greenhouse,canonical,6635681,Software Maintenance Engineer,Home based - Worldwide,https://job-boards.greenhouse.io/canonical/jobs/6635681,2025-07-14T12:49:50-04:00,2026-09-21T16:33:41-05:00,,si,"remoto sin pais, confirmar elegibilidad",desarrollo,0,"stack 1.4 (bruto 3.5) | seniority 6 (sin_marca, desarrollo) | contexto 0",KNOCKOUT: stack 1.4 bajo el piso de 2.0,nueva,
1053,greenhouse:canonical:7975990,canonical:softwarequalityassuranceengineerlinuxpciot,Canonical,greenhouse,canonical,7975990,"Software Quality Assurance Engineer - Linux, PC, IoT","Office Based - Taipei, Taiwan",https://job-boards.greenhouse.io/canonical/jobs/7975990,2026-06-02T05:03:17-04:00,2026-09-21T16:33:41-05:00,,no,ubicacion fuera de Colombia/LATAM/remoto global,desarrollo,,,,nueva,
1054,greenhouse:canonical:6635593,canonical:softwaresupportengineer,Canonical,greenhouse,canonical,6635593,Software Support Engineer,Home based - Worldwide,https://job-boards.greenhouse.io/canonical/jobs/6635593,2025-07-14T12:50:15-04:00,2026-09-21T16:33:41-05:00,,si,"remoto sin pais, confirmar elegibilidad",desarrollo,0,"stack 1.4 (bruto 3.5) | seniority 6 (sin_marca, desarrollo) | contexto 0",KNOCKOUT: stack 1.4 bajo el piso de 2.0,nueva,
1055,greenhouse:canonical:5516858,canonical:solutionarchitecturemanager,Canonical,greenhouse,canonical,5516858,Solution Architecture Manager,Home based - Worldwide,https://job-boards.greenhouse.io/canonical/jobs/5516858,2024-02-12T10:25:41-05:00,2026-09-21T16:33:41-05:00,,no,titulo fuera de perfil,desarrollo,,,,nueva,
1056,greenhouse:canonical:6292448,canonical:solutionsarchitectforautomotive,Canonical,greenhouse,canonical,6292448,Solutions Architect for Automotive,Home based - Worldwide,https://job-boards.greenhouse.io/canonical/jobs/6292448,2025-10-08T08:41:30-04:00,2026-09-21T16:33:41-05:00,,si,"remoto sin pais, confirmar elegibilidad",automatizacion,0,"stack 0.8 (bruto 2) | seniority 4 (lead, automatizacion) | contexto 0",KNOCKOUT: stack 0.8 bajo el piso de 2.0 || BRECHA: titulo 'lead' en rol de automatizacion,nueva,
1057,greenhouse:canonical:7574469,canonical:staffdesignengineercloudnetworkingux,Canonical,greenhouse,canonical,7574469,Staff Design Engineer - Cloud Networking UX,Home based - EMEA,https://job-boards.greenhouse.io/canonical/jobs/7574469,2026-01-29T09:30:50-05:00,2026-09-21T16:33:41-05:00,,no,ubicacion fuera de Colombia/LATAM/remoto global,desarrollo,,,,nueva,
1058,greenhouse:canonical:5103218,canonical:staffengineerdevelopmentlifecycle,Canonical,greenhouse,canonical,5103218,"Staff Engineer, Development Lifecycle",Home Based - Americas; Home based - EMEA,https://job-boards.greenhouse.io/canonical/jobs/5103218,2023-10-04T10:52:49-04:00,2026-09-21T16:33:41-05:00,,si,"remoto sin pais, confirmar elegibilidad",desarrollo,0,"stack 0.0 (bruto 0) | seniority 0 (top, desarrollo) | contexto 4",KNOCKOUT: stack 0.0 bajo el piso de 2.0 || KNOCKOUT: seniority 'top' fuera de alcance en rol de desarrollo,nueva,
1059,greenhouse:canonical:6485081,canonical:staffsecurityoperationsengineer,Canonical,greenhouse,canonical,6485081,Staff Security Operations Engineer,Home based - Worldwide,https://job-boards.greenhouse.io/canonical/jobs/6485081,2024-12-18T11:54:02-05:00,2026-09-21T16:33:41-05:00,,si,"remoto sin pais, confirmar elegibilidad",automatizacion,0,"stack 0.0 (bruto 0) | seniority 0 (top, automatizacion) | contexto 4",KNOCKOUT: stack 0.0 bajo el piso de 2.0 || KNOCKOUT: seniority 'top' fuera de alcance en rol de automatizacion,nueva,
1060,greenhouse:canonical:3880952,canonical:staffsoftwareengineerforidentitymanagementgogolang,Canonical,greenhouse,canonical,3880952,Staff Software Engineer for Identity Management (Go/Golang),Home Based - Americas; Home based - EMEA,https://job-boards.greenhouse.io/canonical/jobs/3880952,2022-07-13T02:37:32-04:00,2026-09-21T16:33:41-05:00,,si,"remoto sin pais, confirmar elegibilidad",desarrollo,0,"stack 2.4 (bruto 6) | seniority 0 (top, desarrollo) | contexto 0",KNOCKOUT: seniority 'top' fuera de alcance en rol de desarrollo,nueva,
1061,greenhouse:canonical:6854119,canonical:supportengineeringmanager,Canonical,greenhouse,canonical,6854119,Support Engineering Manager,Home based - Worldwide,https://job-boards.greenhouse.io/canonical/jobs/6854119,2025-05-01T11:55:37-04:00,2026-09-21T16:33:41-05:00,,si,"remoto sin pais, confirmar elegibilidad",desarrollo,0,"stack 0.0 (bruto 0) | seniority 0 (lead, desarrollo) | contexto 0",KNOCKOUT: stack 0.0 bajo el piso de 2.0 || KNOCKOUT: seniority 'lead' fuera de alcance en rol de desarrollo,nueva,
1062,greenhouse:canonical:3737190,canonical:sustainingoperationsengineer,Canonical,greenhouse,canonical,3737190,Sustaining Operations Engineer,Home based - Worldwide,https://job-boards.greenhouse.io/canonical/jobs/3737190,2021-12-13T11:57:52-05:00,2026-09-21T16:33:41-05:00,,si,"remoto sin pais, confirmar elegibilidad",automatizacion,0,"stack 1.8 (bruto 4.5) | seniority 10 (sin_marca, automatizacion) | contexto 0",KNOCKOUT: stack 1.8 bajo el piso de 2.0,nueva,
1063,greenhouse:canonical:7612825,canonical:systemsoftwareengineergccllvmcompilertoolingandecosystem,Canonical,greenhouse,canonical,7612825,"System Software Engineer - GCC/LLVM compiler, tooling, and ecosystem",Home Based - Americas,https://job-boards.greenhouse.io/canonical/jobs/7612825,2026-02-12T18:17:02-05:00,2026-09-21T16:33:41-05:00,,si,"remoto sin pais, confirmar elegibilidad",desarrollo,0,"stack 0.8 (bruto 2) | seniority 6 (sin_marca, desarrollo) | contexto 0",KNOCKOUT: stack 0.8 bajo el piso de 2.0,nueva,
1064,greenhouse:canonical:7364802,canonical:taipeiofficeadministrator,Canonical,greenhouse,canonical,7364802,Taipei Office Administrator,"Office Based - Taipei, Taiwan",https://job-boards.greenhouse.io/canonical/jobs/7364802,2026-02-09T05:17:43-05:00,2026-09-21T16:33:41-05:00,,no,titulo fuera de perfil,desarrollo,,,,nueva,
1065,greenhouse:canonical:8105144,canonical:talentacquisitionstrategist,Canonical,greenhouse,canonical,8105144,Talent Acquisition Strategist,Home based - EMEA,https://job-boards.greenhouse.io/canonical/jobs/8105144,2026-08-04T08:40:39-04:00,2026-09-21T16:33:41-05:00,,no,titulo fuera de perfil,desarrollo,,,,nueva,
1066,greenhouse:canonical:3137607,canonical:talentscientist,Canonical,greenhouse,canonical,3137607,Talent Scientist,Home based - EMEA,https://job-boards.greenhouse.io/canonical/jobs/3137607,2021-05-26T10:09:32-04:00,2026-09-21T16:33:41-05:00,,no,titulo fuera de perfil,desarrollo,,,,nueva,
1067,greenhouse:canonical:7214510,canonical:talentscientistgraduatelead,Canonical,greenhouse,canonical,7214510,Talent Scientist - Graduate Lead,Home based - EMEA,https://job-boards.greenhouse.io/canonical/jobs/7214510,2025-09-02T01:57:28-04:00,2026-09-21T16:33:41-05:00,,no,titulo fuera de perfil,desarrollo,,,,nueva,
1068,greenhouse:canonical:7568354,canonical:taxseniorassociate,Canonical,greenhouse,canonical,7568354,Tax Senior Associate,"Home based - EMEA; Office Based - London, UK",https://job-boards.greenhouse.io/canonical/jobs/7568354,2026-01-27T13:49:38-05:00,2026-09-21T16:33:41-05:00,,no,titulo fuera de perfil,desarrollo,,,,nueva,
1069,greenhouse:canonical:3798310,canonical:technicalauthormultiplerolesandsenioritylevels,Canonical,greenhouse,canonical,3798310,Technical Author (multiple roles and seniority levels),Home based - Worldwide,https://job-boards.greenhouse.io/canonical/jobs/3798310,2022-05-16T02:42:41-04:00,2026-09-21T16:33:41-05:00,,si,"remoto sin pais, confirmar elegibilidad",desarrollo,0,"stack 0.4 (bruto 1) | seniority 6 (sin_marca, desarrollo) | contexto 0",KNOCKOUT: stack 0.4 bajo el piso de 2.0,nueva,
1070,greenhouse:canonical:4541445,canonical:technicalmanagerautomotiveandindustrial,Canonical,greenhouse,canonical,4541445,Technical Manager - Automotive and Industrial,Home based - Worldwide,https://job-boards.greenhouse.io/canonical/jobs/4541445,2022-11-10T06:29:37-05:00,2026-09-21T16:33:41-05:00,,si,"remoto sin pais, confirmar elegibilidad",desarrollo,0,"stack 0.8 (bruto 2) | seniority 0 (lead, desarrollo) | contexto 4",KNOCKOUT: stack 0.8 bajo el piso de 2.0 || KNOCKOUT: seniority 'lead' fuera de alcance en rol de desarrollo,nueva,
1071,greenhouse:canonical:6980703,canonical:technicalproductmanager,Canonical,greenhouse,canonical,6980703,Technical Product Manager,Home based - EMEA,https://job-boards.greenhouse.io/canonical/jobs/6980703,2025-06-19T09:05:00-04:00,2026-09-21T16:33:41-05:00,,no,ubicacion fuera de Colombia/LATAM/remoto global,desarrollo,,,,nueva,
1072,greenhouse:canonical:6793868,canonical:technicalproductmarketingmanagercybersecurity,Canonical,greenhouse,canonical,6793868,Technical Product Marketing Manager - Cybersecurity,Home based - EMEA,https://job-boards.greenhouse.io/canonical/jobs/6793868,2025-04-10T11:45:55-04:00,2026-09-21T16:33:41-05:00,,no,ubicacion fuera de Colombia/LATAM/remoto global,desarrollo,,,,nueva,
1073,greenhouse:canonical:7906560,canonical:technicalreportingaccountant,Canonical,greenhouse,canonical,7906560,Technical & Reporting Accountant,"Home based - EMEA; Office Based - London, UK",https://job-boards.greenhouse.io/canonical/jobs/7906560,2026-05-28T10:48:44-04:00,2026-09-21T16:33:41-05:00,,no,ubicacion fuera de Colombia/LATAM/remoto global,desarrollo,,,,nueva,
1074,greenhouse:canonical:3748266,canonical:telcocloudfieldengineer,Canonical,greenhouse,canonical,3748266,Telco Cloud Field Engineer,Home Based - Americas; Home based - EMEA,https://job-boards.greenhouse.io/canonical/jobs/3748266,2022-04-25T13:12:49-04:00,2026-09-21T16:33:41-05:00,,si,"remoto sin pais, confirmar elegibilidad",desarrollo,0,"stack 1.6 (bruto 4) | seniority 6 (sin_marca, desarrollo) | contexto 0",KNOCKOUT: stack 1.6 bajo el piso de 2.0,nueva,
1075,greenhouse:canonical:7778744,canonical:telcofieldengineeringdirector,Canonical,greenhouse,canonical,7778744,Telco Field Engineering Director,Home Based - Americas; Home based - EMEA,https://job-boards.greenhouse.io/canonical/jobs/7778744,2026-04-03T14:34:38-04:00,2026-09-21T16:33:41-05:00,,si,"remoto sin pais, confirmar elegibilidad",desarrollo,0,"stack 2.0 (bruto 5) | seniority 0 (top, desarrollo) | contexto 0",KNOCKOUT: seniority 'top' fuera de alcance en rol de desarrollo,nueva,
1076,greenhouse:canonical:7440248,canonical:telecomaccountexecutive,Canonical,greenhouse,canonical,7440248,Telecom Account Executive,Home based - Worldwide,https://job-boards.greenhouse.io/canonical/jobs/7440248,2025-12-03T08:41:34-05:00,2026-09-21T16:33:41-05:00,,no,titulo fuera de perfil,desarrollo,,,,nueva,
1077,greenhouse:canonical:5144666,canonical:threatintelligencelead,Canonical,greenhouse,canonical,5144666,Threat Intelligence Lead,Home based - Worldwide,https://job-boards.greenhouse.io/canonical/jobs/5144666,2024-02-21T04:16:17-05:00,2026-09-21T16:33:41-05:00,,no,titulo fuera de perfil,desarrollo,,,,nueva,
1078,greenhouse:canonical:7364810,canonical:tokyoofficeadministrator,Canonical,greenhouse,canonical,7364810,Tokyo Office Administrator,"Office Based - Tokyo, Japan",https://job-boards.greenhouse.io/canonical/jobs/7364810,2026-02-09T05:17:44-05:00,2026-09-21T16:33:41-05:00,,no,titulo fuera de perfil,desarrollo,,,,nueva,
1079,greenhouse:canonical:5075146,canonical:traveloperationsspecialist,Canonical,greenhouse,canonical,5075146,Travel Operations Specialist,Home based - EMEA,https://job-boards.greenhouse.io/canonical/jobs/5075146,2024-03-31T12:39:12-04:00,2026-09-21T16:33:41-05:00,,no,titulo fuera de perfil,automatizacion,,,,nueva,
1080,greenhouse:canonical:3182672,canonical:ubuntucoresoftwareengineer,Canonical,greenhouse,canonical,3182672,Ubuntu Core Software Engineer,Home based - EMEA,https://job-boards.greenhouse.io/canonical/jobs/3182672,2021-06-10T09:05:45-04:00,2026-09-21T16:33:41-05:00,,no,ubicacion fuera de Colombia/LATAM/remoto global,desarrollo,,,,nueva,
1081,greenhouse:canonical:5560823,canonical:ubuntuenablementengineer,Canonical,greenhouse,canonical,5560823,Ubuntu Enablement Engineer,"Office Based - Taipei, Taiwan",https://job-boards.greenhouse.io/canonical/jobs/5560823,2023-12-11T06:13:42-05:00,2026-09-21T16:33:41-05:00,,no,ubicacion fuera de Colombia/LATAM/remoto global,automatizacion,,,,nueva,
1082,greenhouse:canonical:7102393,canonical:ubuntuenablementengineer,Canonical,greenhouse,canonical,7102393,Ubuntu Enablement Engineer,"Office Based - Beijing, China",https://job-boards.greenhouse.io/canonical/jobs/7102393,2025-07-24T12:13:22-04:00,2026-09-21T16:33:41-05:00,,no,ubicacion fuera de Colombia/LATAM/remoto global,automatizacion,,,,nueva,
1083,greenhouse:canonical:4605464,canonical:ubuntuenablementsoftwareengineeringmanager,Canonical,greenhouse,canonical,4605464,Ubuntu Enablement - Software Engineering Manager,"Office Based - Taipei, Taiwan",https://job-boards.greenhouse.io/canonical/jobs/4605464,2022-10-03T03:32:48-04:00,2026-09-21T16:33:41-05:00,,no,ubicacion fuera de Colombia/LATAM/remoto global,automatizacion,,,,nueva,
1084,greenhouse:canonical:6707885,canonical:ubuntuengineeringlead,Canonical,greenhouse,canonical,6707885,Ubuntu Engineering Lead,Home based - Worldwide,https://job-boards.greenhouse.io/canonical/jobs/6707885,2025-11-07T11:36:27-05:00,2026-09-21T16:33:41-05:00,,si,"remoto sin pais, confirmar elegibilidad",desarrollo,0,"stack 0.8 (bruto 2) | seniority 0 (lead, desarrollo) | contexto 4",KNOCKOUT: stack 0.8 bajo el piso de 2.0 || KNOCKOUT: seniority 'lead' fuera de alcance en rol de desarrollo,nueva,
1085,greenhouse:canonical:7521220,canonical:ubuntuengineeringmanager,Canonical,greenhouse,canonical,7521220,Ubuntu Engineering Manager,Home based - Worldwide,https://job-boards.greenhouse.io/canonical/jobs/7521220,2026-01-07T16:50:34-05:00,2026-09-21T16:33:41-05:00,,si,"remoto sin pais, confirmar elegibilidad",desarrollo,0,"stack 0.8 (bruto 2) | seniority 0 (lead, desarrollo) | contexto 4",KNOCKOUT: stack 0.8 bajo el piso de 2.0 || KNOCKOUT: seniority 'lead' fuera de alcance en rol de desarrollo,nueva,
1086,greenhouse:canonical:6076942,canonical:ubuntulinuxkernelengineerbiosfirmware,Canonical,greenhouse,canonical,6076942,Ubuntu Linux Kernel Engineer - BIOS/Firmware,Home Based - APAC,https://job-boards.greenhouse.io/canonical/jobs/6076942,2024-06-27T19:38:34-04:00,2026-09-21T16:33:41-05:00,,no,ubicacion fuera de Colombia/LATAM/remoto global,desarrollo,,,,nueva,
1087,greenhouse:canonical:6076909,canonical:ubuntulinuxkernelengineersiliconenablement,Canonical,greenhouse,canonical,6076909,Ubuntu Linux Kernel Engineer - Silicon Enablement,Home based - Worldwide,https://job-boards.greenhouse.io/canonical/jobs/6076909,2024-06-27T19:38:36-04:00,2026-09-21T16:33:41-05:00,,si,"remoto sin pais, confirmar elegibilidad",automatizacion,4,"stack 2.0 (bruto 5) | seniority 10 (sin_marca, automatizacion) | contexto 0",,nueva,
1088,greenhouse:canonical:7965671,canonical:ubuntulinuxkerneltestengineer,Canonical,greenhouse,canonical,7965671,Ubuntu Linux Kernel Test Engineer,"Home Based - APAC; Office Based - Beijing, China; Office Based - Taipei, Taiwan",https://job-boards.greenhouse.io/canonical/jobs/7965671,2026-05-29T08:41:14-04:00,2026-09-21T16:33:41-05:00,,no,ubicacion fuera de Colombia/LATAM/remoto global,desarrollo,,,,nueva,
1089,greenhouse:canonical:7732724,canonical:ubuntupackagemanagementengineeringmanager,Canonical,greenhouse,canonical,7732724,Ubuntu Package Management - Engineering Manager,Home based - Worldwide,https://job-boards.greenhouse.io/canonical/jobs/7732724,2026-03-18T13:27:04-04:00,2026-09-21T16:33:41-05:00,,si,"remoto sin pais, confirmar elegibilidad",desarrollo,0,"stack 0.8 (bruto 2) | seniority 0 (lead, desarrollo) | contexto 0",KNOCKOUT: stack 0.8 bajo el piso de 2.0 || KNOCKOUT: seniority 'lead' fuera de alcance en rol de desarrollo,nueva,
1090,greenhouse:canonical:5643282,canonical:ubuntusalesengineerentrylevel,Canonical,greenhouse,canonical,5643282,Ubuntu Sales Engineer (Entry-Level),Home based - Worldwide,https://job-boards.greenhouse.io/canonical/jobs/5643282,2024-03-25T10:10:10-04:00,2026-09-21T16:33:41-05:00,,si,"remoto sin pais, confirmar elegibilidad",desarrollo,0,"stack 0.8 (bruto 2) | seniority 9 (junior, desarrollo) | contexto 0",KNOCKOUT: stack 0.8 bajo el piso de 2.0,nueva,
1091,greenhouse:canonical:2925180,canonical:ubuntusecurityengineer,Canonical,greenhouse,canonical,2925180,Ubuntu Security Engineer,Home based - Worldwide,https://job-boards.greenhouse.io/canonical/jobs/2925180,2021-03-02T13:26:17-05:00,2026-09-21T16:33:41-05:00,,si,"remoto sin pais, confirmar elegibilidad",desarrollo,0,"stack 1.4 (bruto 3.5) | seniority 6 (sin_marca, desarrollo) | contexto 0",KNOCKOUT: stack 1.4 bajo el piso de 2.0,nueva,
1092,greenhouse:canonical:6707824,canonical:ubuntusoftwareengineer,Canonical,greenhouse,canonical,6707824,Ubuntu Software Engineer,Home based - Worldwide,https://job-boards.greenhouse.io/canonical/jobs/6707824,2025-11-07T11:36:10-05:00,2026-09-21T16:33:41-05:00,,si,"remoto sin pais, confirmar elegibilidad",desarrollo,3.8,"stack 2.4 (bruto 6) | seniority 6 (sin_marca, desarrollo) | contexto 4",,nueva,
1093,greenhouse:canonical:7528952,canonical:usabilityengineeruserscience,Canonical,greenhouse,canonical,7528952,Usability Engineer - User Science,Home based - EMEA,https://job-boards.greenhouse.io/canonical/jobs/7528952,2026-01-11T11:33:32-05:00,2026-09-21T16:33:41-05:00,,no,ubicacion fuera de Colombia/LATAM/remoto global,desarrollo,,,,nueva,
1094,greenhouse:canonical:7043028,canonical:uxdesignerdesignsystems,Canonical,greenhouse,canonical,7043028,UX Designer - Design systems,Home based - EMEA,https://job-boards.greenhouse.io/canonical/jobs/7043028,2025-07-04T03:38:19-04:00,2026-09-21T16:33:41-05:00,,no,titulo fuera de perfil,desarrollo,,,,nueva,
1095,greenhouse:canonical:7043026,canonical:uxdesignerdeveloperexperience,Canonical,greenhouse,canonical,7043026,UX Designer - Developer experience,Home based - EMEA,https://job-boards.greenhouse.io/canonical/jobs/7043026,2025-07-04T03:30:57-04:00,2026-09-21T16:33:41-05:00,,no,ubicacion fuera de Colombia/LATAM/remoto global,desarrollo,,,,nueva,
1096,greenhouse:canonical:6072086,canonical:uxdesignerinfrastructure,Canonical,greenhouse,canonical,6072086,UX Designer - Infrastructure,Home based - EMEA,https://job-boards.greenhouse.io/canonical/jobs/6072086,2025-01-28T04:50:31-05:00,2026-09-21T16:33:41-05:00,,no,titulo fuera de perfil,desarrollo,,,,nueva,
1097,greenhouse:canonical:5326986,canonical:visualdesigner,Canonical,greenhouse,canonical,5326986,Visual Designer,Home based - EMEA,https://job-boards.greenhouse.io/canonical/jobs/5326986,2023-08-29T11:10:54-04:00,2026-09-21T16:33:41-05:00,,no,titulo fuera de perfil,desarrollo,,,,nueva,
1098,greenhouse:canonical:2804965,canonical:webdeveloper,Canonical,greenhouse,canonical,2804965,Web Developer,Home based - EMEA,https://job-boards.greenhouse.io/canonical/jobs/2804965,2021-03-05T12:03:58-05:00,2026-09-21T16:33:41-05:00,,no,ubicacion fuera de Colombia/LATAM/remoto global,desarrollo,,,,nueva,
1099,greenhouse:canonical:5150422,canonical:webfrontendengineerjscssreactflutter,Canonical,greenhouse,canonical,5150422,"Web Frontend Engineer - JS, CSS, React, Flutter",Home based - Worldwide,https://job-boards.greenhouse.io/canonical/jobs/5150422,2023-10-11T13:32:38-04:00,2026-09-21T16:33:41-05:00,,si,"remoto sin pais, confirmar elegibilidad",desarrollo,2.9,"stack 2.2 (bruto 5.5) | seniority 6 (sin_marca, desarrollo) | contexto 0",,nueva,
1100,greenhouse:gitlab:8556658002,gitlab:aiengineer,GitLab,greenhouse,gitlab,8556658002,AI Engineer,"Remote, Bangalore",https://job-boards.greenhouse.io/gitlab/jobs/8556658002,2026-05-22T09:16:29-04:00,2026-09-21T16:33:41-05:00,,no,ubicacion fuera de Colombia/LATAM/remoto global,desarrollo,,,,nueva,
1101,greenhouse:gitlab:8638232002,gitlab:aitransformationownercro,GitLab,greenhouse,gitlab,8638232002,"AI Transformation Owner, CRO","Remote, United States",https://job-boards.greenhouse.io/gitlab/jobs/8638232002,2026-07-22T13:38:40-04:00,2026-09-21T16:33:41-05:00,,no,ubicacion fuera de Colombia/LATAM/remoto global,desarrollo,,,,nueva,
1102,greenhouse:gitlab:8716179002,gitlab:aitransformationownerproductdesign,GitLab,greenhouse,gitlab,8716179002,"AI Transformation Owner, Product & Design","Remote, Canada; Remote, United Kingdom; Remote, United States",https://job-boards.greenhouse.io/gitlab/jobs/8716179002,2026-08-19T16:52:27-04:00,2026-09-21T16:33:41-05:00,,no,ubicacion fuera de Colombia/LATAM/remoto global,desarrollo,,,,nueva,
1103,greenhouse:gitlab:8631068002,gitlab:areavicepresidentfinancialservices,GitLab,greenhouse,gitlab,8631068002,Area Vice President - Financial Services,"Remote, US",https://job-boards.greenhouse.io/gitlab/jobs/8631068002,2026-07-15T09:49:32-04:00,2026-09-21T16:33:41-05:00,2026-09-23,no,titulo fuera de perfil,desarrollo,,,,nueva,
1104,greenhouse:gitlab:8785825002,gitlab:associaterenewalsmanager,GitLab,greenhouse,gitlab,8785825002,Associate Renewals Manager,"Remote Ireland; Remote, Israel",https://job-boards.greenhouse.io/gitlab/jobs/8785825002,2026-09-09T11:28:46-04:00,2026-09-21T16:33:41-05:00,,no,titulo fuera de perfil,desarrollo,,,,nueva,
1105,greenhouse:gitlab:8808115002,gitlab:associaterevenueoperationsanalystpolicyrulesofengagement,GitLab,greenhouse,gitlab,8808115002,"Associate Revenue Operations Analyst, Policy & Rules of Engagement","Remote, United States",https://job-boards.greenhouse.io/gitlab/jobs/8808115002,2026-09-16T16:43:54-04:00,2026-09-21T16:33:41-05:00,,no,titulo fuera de perfil,automatizacion,,,,nueva,
1106,greenhouse:gitlab:8698314002,gitlab:backendengineeraiengineeringduochat,GitLab,greenhouse,gitlab,8698314002,"Backend Engineer, AI Engineering: Duo Chat","Remote, Canada; Remote, United States",https://job-boards.greenhouse.io/gitlab/jobs/8698314002,2026-08-20T17:35:39-04:00,2026-09-21T16:33:41-05:00,,no,ubicacion fuera de Colombia/LATAM/remoto global,desarrollo,,,,nueva,
1107,greenhouse:gitlab:8620720002,gitlab:backendengineerrubyaiengineeringagentobservability,GitLab,greenhouse,gitlab,8620720002,"Backend Engineer (Ruby), AI Engineering: Agent Observability","Remote, Canada",https://job-boards.greenhouse.io/gitlab/jobs/8620720002,2026-07-08T06:30:39-04:00,2026-09-21T16:33:41-05:00,,no,ubicacion fuera de Colombia/LATAM/remoto global,desarrollo,,,,nueva,
1108,greenhouse:gitlab:8532272002,gitlab:businessdevelopmentrepresentative,GitLab,greenhouse,gitlab,8532272002,Business Development Representative,"Remote, North America",https://job-boards.greenhouse.io/gitlab/jobs/8532272002,2026-05-01T11:27:22-04:00,2026-09-21T16:33:41-05:00,,no,titulo fuera de perfil,desarrollo,,,,nueva,
1109,greenhouse:gitlab:8532274002,gitlab:businessdevelopmentrepresentative,GitLab,greenhouse,gitlab,8532274002,Business Development Representative,"Remote, EMEA; Remote, Germany; Remote, Ireland; Remote, Netherlands; Remote, United Kingdom",https://job-boards.greenhouse.io/gitlab/jobs/8532274002,2026-05-01T11:28:37-04:00,2026-09-21T16:33:41-05:00,,no,titulo fuera de perfil,desarrollo,,,,nueva,
1110,greenhouse:gitlab:8736457002,gitlab:businessdevelopmentrepresentativesydneyormelbourne,GitLab,greenhouse,gitlab,8736457002,Business Development Representative (Sydney or Melbourne),"Remote, Australia",https://job-boards.greenhouse.io/gitlab/jobs/8736457002,2026-08-24T01:28:11-04:00,2026-09-21T16:33:41-05:00,,no,titulo fuera de perfil,desarrollo,,,,nueva,
1111,greenhouse:gitlab:8784553002,gitlab:businessdevelopmentrepresentativeturkishspeaking,GitLab,greenhouse,gitlab,8784553002,"Business Development Representative, Turkish Speaking","Remote Ireland; Remote, Germany; Remote, Netherlands; Remote, United Kingdom",https://job-boards.greenhouse.io/gitlab/jobs/8784553002,2026-09-08T12:31:19-04:00,2026-09-21T16:33:41-05:00,,no,titulo fuera de perfil,desarrollo,,,,nueva,
1112,greenhouse:gitlab:8782471002,gitlab:candidateexperiencespecialistcontractor,GitLab,greenhouse,gitlab,8782471002,"Candidate Experience Specialist, Contractor","Remote, United States",https://job-boards.greenhouse.io/gitlab/jobs/8782471002,2026-09-08T09:33:32-04:00,2026-09-21T16:33:41-05:00,,no,titulo fuera de perfil,desarrollo,,,,nueva,
1113,greenhouse:gitlab:8801523002,gitlab:candidateexperiencespecialistcontractor,GitLab,greenhouse,gitlab,8801523002,"Candidate Experience Specialist, Contractor","Remote, United Kingdom",https://job-boards.greenhouse.io/gitlab/jobs/8801523002,2026-09-11T13:28:55-04:00,2026-09-21T16:33:41-05:00,,no,titulo fuera de perfil,desarrollo,,,,nueva,
1114,greenhouse:gitlab:8700245002,gitlab:chiefofstaffcro,GitLab,greenhouse,gitlab,8700245002,"Chief of Staff, CRO","Remote, United States",https://job-boards.greenhouse.io/gitlab/jobs/8700245002,2026-08-24T17:41:11-04:00,2026-09-21T16:33:41-05:00,,no,titulo fuera de perfil,desarrollo,,,,nueva,
1115,greenhouse:gitlab:8631153002,gitlab:commercialaccountexecutivedach,GitLab,greenhouse,gitlab,8631153002,Commercial Account Executive - DACH,"Remote, Germany",https://job-boards.greenhouse.io/gitlab/jobs/8631153002,2026-07-13T10:43:44-04:00,2026-09-21T16:33:41-05:00,,no,titulo fuera de perfil,desarrollo,,,,nueva,
1116,greenhouse:gitlab:8561622002,gitlab:commercialaccountexecutivemidmarketcanada,GitLab,greenhouse,gitlab,8561622002,"Commercial Account Executive - Mid-Market, Canada","Remote, Canada",https://job-boards.greenhouse.io/gitlab/jobs/8561622002,2026-05-26T12:13:38-04:00,2026-09-21T16:33:41-05:00,,no,titulo fuera de perfil,desarrollo,,,,nueva,
1117,greenhouse:gitlab:8790102002,gitlab:commercialaccountexecutivemidmarketeast,GitLab,greenhouse,gitlab,8790102002,"Commercial Account Executive - Mid-Market, East",Remote,https://job-boards.greenhouse.io/gitlab/jobs/8790102002,2026-09-10T13:32:44-04:00,2026-09-21T16:33:41-05:00,,no,titulo fuera de perfil,desarrollo,,,,nueva,
1118,greenhouse:gitlab:8592555002,gitlab:commercialaccountexecutivenamedwest,GitLab,greenhouse,gitlab,8592555002,"Commercial Account Executive, Named - West","Remote, United States",https://job-boards.greenhouse.io/gitlab/jobs/8592555002,2026-08-03T13:02:31-04:00,2026-09-21T16:33:41-05:00,,no,titulo fuera de perfil,desarrollo,,,,nueva,
1119,greenhouse:gitlab:8684071002,gitlab:commercialaccountexecutivenortherncone,GitLab,greenhouse,gitlab,8684071002,"Commercial Account Executive, Northern Cone","Remote, Mexico; Remote, United States",https://job-boards.greenhouse.io/gitlab/jobs/8684071002,2026-08-11T19:50:54-04:00,2026-09-21T16:33:41-05:00,,no,titulo fuera de perfil,desarrollo,,,,nueva,
1120,greenhouse:gitlab:8673657002,gitlab:commercialaccountexecutivesoutherncone,GitLab,greenhouse,gitlab,8673657002,"Commercial Account Executive, Southern Cone","Remote, Mexico",https://job-boards.greenhouse.io/gitlab/jobs/8673657002,2026-08-11T19:42:43-04:00,2026-09-21T16:33:41-05:00,,no,titulo fuera de perfil,desarrollo,,,,nueva,
1121,greenhouse:gitlab:8797735002,gitlab:contracttalentacquisitionsourcersalesamer,GitLab,greenhouse,gitlab,8797735002,"Contract Talent Acquisition Sourcer, Sales (AMER)","Remote, Canada; Remote, United States",https://job-boards.greenhouse.io/gitlab/jobs/8797735002,2026-09-15T17:50:56-04:00,2026-09-21T16:33:41-05:00,,no,titulo fuera de perfil,desarrollo,,,,nueva,
1122,greenhouse:gitlab:8742716002,gitlab:customersuccessarchitect,GitLab,greenhouse,gitlab,8742716002,Customer Success Architect,"Remote, United States",https://job-boards.greenhouse.io/gitlab/jobs/8742716002,2026-08-24T14:42:55-04:00,2026-09-21T16:33:41-05:00,,no,titulo fuera de perfil,desarrollo,,,,nueva,
1123,greenhouse:gitlab:8646852002,gitlab:customersuccessarchitectceur,GitLab,greenhouse,gitlab,8646852002,"Customer Success Architect, CEUR","Remote, Germany",https://job-boards.greenhouse.io/gitlab/jobs/8646852002,2026-08-05T05:14:00-04:00,2026-09-21T16:33:41-05:00,,no,titulo fuera de perfil,desarrollo,,,,nueva,
1124,greenhouse:gitlab:8637426002,gitlab:customersuccessengineerlatamspanishportugese,GitLab,greenhouse,gitlab,8637426002,"Customer Success Engineer, LATAM (Spanish, Portugese)","Remote, Brazil; Remote, Mexico; Remote, United States",https://job-boards.greenhouse.io/gitlab/jobs/8637426002,2026-07-22T10:59:01-04:00,2026-09-21T16:33:41-05:00,,no,ubicacion fuera de Colombia/LATAM/remoto global,desarrollo,,,,nueva,
1125,greenhouse:gitlab:8533016002,gitlab:customersuccessmanagereast,GitLab,greenhouse,gitlab,8533016002,Customer Success Manager - East,"Remote, North America",https://job-boards.greenhouse.io/gitlab/jobs/8533016002,2026-06-23T17:12:13-04:00,2026-09-21T16:33:41-05:00,,no,titulo fuera de perfil,desarrollo,,,,nueva,
1126,greenhouse:gitlab:8783610002,gitlab:directorcustomersuccessemea,GitLab,greenhouse,gitlab,8783610002,"Director, Customer Success, EMEA","Remote Ireland; Remote, France; Remote, Germany; Remote, Netherlands; Remote, Spain; Remote, United Kingdom",https://job-boards.greenhouse.io/gitlab/jobs/8783610002,2026-09-08T10:34:49-04:00,2026-09-21T16:33:41-05:00,,no,titulo fuera de perfil,desarrollo,,,,nueva,
1127,greenhouse:gitlab:8626772002,gitlab:directorengineeringplatformoperationsproductivity,GitLab,greenhouse,gitlab,8626772002,"Director, Engineering, Platform Operations & Productivity","Bangalore, India",https://job-boards.greenhouse.io/gitlab/jobs/8626772002,2026-07-13T12:57:20-04:00,2026-09-21T16:33:41-05:00,,no,ubicacion fuera de Colombia/LATAM/remoto global,automatizacion,,,,nueva,
1128,greenhouse:gitlab:8607104002,gitlab:directorofengineeringsecurityfactory,GitLab,greenhouse,gitlab,8607104002,"Director of Engineering, Security Factory","Remote, Israel; Remote, United Kingdom",https://job-boards.greenhouse.io/gitlab/jobs/8607104002,2026-07-01T17:36:51-04:00,2026-09-21T16:33:41-05:00,,no,ubicacion fuera de Colombia/LATAM/remoto global,desarrollo,,,,nueva,
1129,greenhouse:gitlab:8806017002,gitlab:directorofproductmanagementagenticsoftwaredelivery,GitLab,greenhouse,gitlab,8806017002,"Director of Product Management, Agentic Software Delivery","Remote, United States",https://job-boards.greenhouse.io/gitlab/jobs/8806017002,2026-09-14T12:37:57-04:00,2026-09-21T16:33:41-05:00,,no,ubicacion fuera de Colombia/LATAM/remoto global,desarrollo,,,,nueva,
1130,greenhouse:gitlab:8726744002,gitlab:directorofrecruitingengineeringitbangaloreindia,GitLab,greenhouse,gitlab,8726744002,"Director of Recruiting, Engineering & IT, Bangalore India","Bangalore, India",https://job-boards.greenhouse.io/gitlab/jobs/8726744002,2026-08-28T11:28:25-04:00,2026-09-21T16:33:41-05:00,,no,ubicacion fuera de Colombia/LATAM/remoto global,desarrollo,,,,nueva,
1131,greenhouse:gitlab:8792475002,gitlab:directorsocialmedia,GitLab,greenhouse,gitlab,8792475002,"Director, Social Media","Remote, Canada; Remote, United States",https://job-boards.greenhouse.io/gitlab/jobs/8792475002,2026-09-09T19:09:52-04:00,2026-09-21T16:33:41-05:00,,no,titulo fuera de perfil,desarrollo,,,,nueva,
1132,greenhouse:gitlab:8615811002,gitlab:directorstrategicpartnerships,GitLab,greenhouse,gitlab,8615811002,"Director, Strategic Partnerships","Remote, US",https://job-boards.greenhouse.io/gitlab/jobs/8615811002,2026-07-02T13:43:11-04:00,2026-09-21T16:33:41-05:00,,no,titulo fuera de perfil,desarrollo,,,,nueva,
1133,greenhouse:gitlab:8629019002,gitlab:directorsupportbengaluru,GitLab,greenhouse,gitlab,8629019002,"Director, Support (Bengaluru)","Bangalore, India",https://job-boards.greenhouse.io/gitlab/jobs/8629019002,2026-07-16T10:48:02-04:00,2026-09-21T16:33:41-05:00,,no,titulo fuera de perfil,desarrollo,,,,nueva,
1134,greenhouse:gitlab:8684201002,gitlab:ecosystemsalesmanager,GitLab,greenhouse,gitlab,8684201002,Ecosystem Sales Manager,"Remote, United States",https://job-boards.greenhouse.io/gitlab/jobs/8684201002,2026-08-14T10:30:20-04:00,2026-09-21T16:33:41-05:00,,no,titulo fuera de perfil,desarrollo,,,,nueva,
1135,greenhouse:gitlab:8809512002,gitlab:engagementmanagerfrenchspeaking,GitLab,greenhouse,gitlab,8809512002,Engagement Manager - French Speaking,"Remote, United Kingdom",https://job-boards.greenhouse.io/gitlab/jobs/8809512002,2026-09-21T15:32:43-04:00,2026-09-21T16:33:41-05:00,,no,titulo fuera de perfil,desarrollo,,,,nueva,
1136,greenhouse:gitlab:8759592002,gitlab:engineeringmanageragentfoundationsagentexecution,GitLab,greenhouse,gitlab,8759592002,"Engineering Manager, Agent Foundations: Agent Execution","Remote, United States",https://job-boards.greenhouse.io/gitlab/jobs/8759592002,2026-09-01T05:14:26-04:00,2026-09-21T16:33:41-05:00,,no,ubicacion fuera de Colombia/LATAM/remoto global,desarrollo,,,,nueva,
1137,greenhouse:gitlab:8586667002,gitlab:engineeringmanagerbuild,GitLab,greenhouse,gitlab,8586667002,"Engineering Manager, Build","Remote, United Kingdom",https://job-boards.greenhouse.io/gitlab/jobs/8586667002,2026-08-19T11:33:14-04:00,2026-09-21T16:33:41-05:00,,no,ubicacion fuera de Colombia/LATAM/remoto global,desarrollo,,,,nueva,
1138,greenhouse:gitlab:8789547002,gitlab:engineeringmanagercoredevops,GitLab,greenhouse,gitlab,8789547002,"Engineering Manager, Core DevOps","Remote, Canada; Remote, United States",https://job-boards.greenhouse.io/gitlab/jobs/8789547002,2026-09-16T13:30:20-04:00,2026-09-21T16:33:41-05:00,,no,ubicacion fuera de Colombia/LATAM/remoto global,desarrollo,,,,nueva,
1139,greenhouse:gitlab:8592950002,gitlab:engineeringmanagerdatafoundations,GitLab,greenhouse,gitlab,8592950002,"Engineering Manager, Data Foundations","Remote, US",https://job-boards.greenhouse.io/gitlab/jobs/8592950002,2026-06-17T18:22:46-04:00,2026-09-21T16:33:41-05:00,,no,ubicacion fuera de Colombia/LATAM/remoto global,desarrollo,,,,nueva,
1140,greenhouse:gitlab:8636648002,gitlab:engineeringmanagerdedicatedintegrations,GitLab,greenhouse,gitlab,8636648002,"Engineering Manager, Dedicated Integrations","Remote, United Kingdom",https://job-boards.greenhouse.io/gitlab/jobs/8636648002,2026-08-10T05:08:25-04:00,2026-09-21T16:33:41-05:00,,no,ubicacion fuera de Colombia/LATAM/remoto global,automatizacion,,,,nueva,
1141,greenhouse:gitlab:8725225002,gitlab:engineeringmanagerdedicatedintegrationsteam,GitLab,greenhouse,gitlab,8725225002,"Engineering Manager, Dedicated Integrations Team","Bangalore, India",https://job-boards.greenhouse.io/gitlab/jobs/8725225002,2026-09-02T02:40:02-04:00,2026-09-21T16:33:41-05:00,,no,ubicacion fuera de Colombia/LATAM/remoto global,automatizacion,,,,nueva,
1142,greenhouse:gitlab:8626740002,gitlab:engineeringmanagergitgitalyoperations,GitLab,greenhouse,gitlab,8626740002,Engineering Manager - Git & Gitaly Operations,"Bangalore, India",https://job-boards.greenhouse.io/gitlab/jobs/8626740002,2026-07-13T12:54:04-04:00,2026-09-21T16:33:41-05:00,,no,ubicacion fuera de Colombia/LATAM/remoto global,automatizacion,,,,nueva,
1143,greenhouse:gitlab:8632388002,gitlab:engineeringmanagernonlinearproductivityfrictioneliminationsolutions,GitLab,greenhouse,gitlab,8632388002,Engineering Manager - Nonlinear Productivity (Friction Elimination & Solutions),"Bangalore, India",https://job-boards.greenhouse.io/gitlab/jobs/8632388002,2026-07-15T05:08:38-04:00,2026-09-21T16:33:41-05:00,,no,ubicacion fuera de Colombia/LATAM/remoto global,automatizacion,,,,nueva,
1144,greenhouse:gitlab:8478405002,gitlab:engineeringmanagersscssupplychain,GitLab,greenhouse,gitlab,8478405002,"Engineering Manager, SSCS: Supply Chain","Bangalore, India",https://job-boards.greenhouse.io/gitlab/jobs/8478405002,2026-03-27T16:29:49-04:00,2026-09-21T16:33:41-05:00,,no,ubicacion fuera de Colombia/LATAM/remoto global,desarrollo,,,,nueva,
1145,greenhouse:gitlab:8586632002,gitlab:engineeringmanagerswitchboard,GitLab,greenhouse,gitlab,8586632002,"Engineering Manager, Switchboard","Remote, United Kingdom",https://job-boards.greenhouse.io/gitlab/jobs/8586632002,2026-07-13T07:33:45-04:00,2026-09-21T16:33:41-05:00,,no,ubicacion fuera de Colombia/LATAM/remoto global,desarrollo,,,,nueva,
1146,greenhouse:gitlab:8617538002,gitlab:engineeringmanagertenantscalegit,GitLab,greenhouse,gitlab,8617538002,"Engineering Manager, Tenant Scale:Git","Remote, Canada; Remote, United Kingdom; Remote, United States",https://job-boards.greenhouse.io/gitlab/jobs/8617538002,2026-07-10T10:42:43-04:00,2026-09-21T16:33:41-05:00,,no,ubicacion fuera de Colombia/LATAM/remoto global,desarrollo,,,,nueva,
1147,greenhouse:gitlab:8782040002,gitlab:engineeringmanagertrustedagenticdevelopment,GitLab,greenhouse,gitlab,8782040002,"Engineering Manager, Trusted Agentic Development","Remote, Poland",https://job-boards.greenhouse.io/gitlab/jobs/8782040002,2026-09-03T17:22:41-04:00,2026-09-21T16:33:41-05:00,,no,ubicacion fuera de Colombia/LATAM/remoto global,desarrollo,,,,nueva,
1148,greenhouse:gitlab:8640151002,gitlab:enterpriseaccountexecutivesingapore,GitLab,greenhouse,gitlab,8640151002,Enterprise Account Executive - Singapore,"Remote, Singapore",https://job-boards.greenhouse.io/gitlab/jobs/8640151002,2026-07-24T01:22:11-04:00,2026-09-21T16:33:41-05:00,,no,titulo fuera de perfil,desarrollo,,,,nueva,
1149,greenhouse:gitlab:8792585002,gitlab:fieldctopublicsector,GitLab,greenhouse,gitlab,8792585002,"Field CTO, Public Sector","Remote, United States",https://job-boards.greenhouse.io/gitlab/jobs/8792585002,2026-09-14T17:02:20-04:00,2026-09-21T16:33:41-05:00,,no,titulo fuera de perfil,desarrollo,,,,nueva,
1150,greenhouse:gitlab:8517171002,gitlab:forwarddeployedengineeraiandagenticsdlc,GitLab,greenhouse,gitlab,8517171002,"Forward Deployed Engineer, AI and Agentic SDLC","Remote, United States",https://job-boards.greenhouse.io/gitlab/jobs/8517171002,2026-05-06T17:00:36-04:00,2026-09-21T16:33:41-05:00,,no,ubicacion fuera de Colombia/LATAM/remoto global,automatizacion,,,,nueva,
1151,greenhouse:gitlab:8522265002,gitlab:forwarddeployedengineeremea,GitLab,greenhouse,gitlab,8522265002,Forward Deployed Engineer - EMEA,"Remote Ireland; Remote, France; Remote, Germany; Remote, Netherlands; Remote, United Kingdom",https://job-boards.greenhouse.io/gitlab/jobs/8522265002,2026-05-11T04:41:42-04:00,2026-09-21T16:33:41-05:00,,no,ubicacion fuera de Colombia/LATAM/remoto global,automatizacion,,,,nueva,
1152,greenhouse:gitlab:8698330002,gitlab:fullstackengineertypescriptaiengineeringduoclientsdk,GitLab,greenhouse,gitlab,8698330002,"Fullstack Engineer (TypeScript), AI Engineering: Duo Client SDK","Remote, Canada; Remote, United States",https://job-boards.greenhouse.io/gitlab/jobs/8698330002,2026-08-20T21:22:41-04:00,2026-09-21T16:33:41-05:00,,no,ubicacion fuera de Colombia/LATAM/remoto global,desarrollo,,,,nueva,
1153,greenhouse:gitlab:8773006002,gitlab:intermediatebackendengineeramer,GitLab,greenhouse,gitlab,8773006002,"Intermediate Backend Engineer, AMER","Remote, Canada; Remote, United States",https://job-boards.greenhouse.io/gitlab/jobs/8773006002,2026-09-02T14:45:41-04:00,2026-09-21T16:33:41-05:00,,no,ubicacion fuera de Colombia/LATAM/remoto global,desarrollo,,,,nueva,
1154,greenhouse:gitlab:8722304002,gitlab:intermediatebackendengineerdatabasechangemanagement,GitLab,greenhouse,gitlab,8722304002,Intermediate Backend Engineer - Database Change Management,"Bangalore, India",https://job-boards.greenhouse.io/gitlab/jobs/8722304002,2026-08-24T07:36:00-04:00,2026-09-21T16:33:41-05:00,,no,ubicacion fuera de Colombia/LATAM/remoto global,desarrollo,,,,nueva,
1155,greenhouse:gitlab:8778279002,gitlab:intermediatebackendengineeremea,GitLab,greenhouse,gitlab,8778279002,"Intermediate Backend Engineer, EMEA","Remote, United Kingdom",https://job-boards.greenhouse.io/gitlab/jobs/8778279002,2026-09-02T14:49:54-04:00,2026-09-21T16:33:41-05:00,,no,ubicacion fuera de Colombia/LATAM/remoto global,desarrollo,,,,nueva,
1156,greenhouse:gitlab:8775415002,gitlab:intermediatebackendengineeremea,GitLab,greenhouse,gitlab,8775415002,"Intermediate Backend Engineer, EMEA","Remote, Poland",https://job-boards.greenhouse.io/gitlab/jobs/8775415002,2026-09-02T14:49:33-04:00,2026-09-21T16:33:41-05:00,,no,ubicacion fuera de Colombia/LATAM/remoto global,desarrollo,,,,nueva,
1157,greenhouse:gitlab:8644569002,gitlab:intermediatebackendengineerplatformreadiness,GitLab,greenhouse,gitlab,8644569002,"Intermediate Backend Engineer, Platform Readiness","Remote, Canada; Remote, United States",https://job-boards.greenhouse.io/gitlab/jobs/8644569002,2026-08-03T10:38:08-04:00,2026-09-21T16:33:41-05:00,,no,ubicacion fuera de Colombia/LATAM/remoto global,desarrollo,,,,nueva,
1158,greenhouse:gitlab:8782306002,gitlab:intermediatesecurityengineersecurityincidentresponseteamsirt,GitLab,greenhouse,gitlab,8782306002,"Intermediate Security Engineer, Security Incident Response Team (SIRT)","Remote, Australia",https://job-boards.greenhouse.io/gitlab/jobs/8782306002,2026-09-09T09:10:36-04:00,2026-09-21T16:33:41-05:00,,no,ubicacion fuera de Colombia/LATAM/remoto global,desarrollo,,,,nueva,
1159,greenhouse:gitlab:8688078002,gitlab:intermediatesoftwareengineersecurityfactoryvulnerabilitymanagement,GitLab,greenhouse,gitlab,8688078002,"Intermediate Software Engineer, Security Factory: Vulnerability Management","Remote, Canada; Remote, Israel; Remote, United Kingdom",https://job-boards.greenhouse.io/gitlab/jobs/8688078002,2026-08-20T19:22:50-04:00,2026-09-21T16:33:41-05:00,,no,ubicacion fuera de Colombia/LATAM/remoto global,desarrollo,,,,nueva,
1160,greenhouse:gitlab:8687026002,gitlab:intermediatesupportengineer,GitLab,greenhouse,gitlab,8687026002,Intermediate Support Engineer,"Bangalore, India",https://job-boards.greenhouse.io/gitlab/jobs/8687026002,2026-08-09T12:35:51-04:00,2026-09-21T16:33:41-05:00,,no,ubicacion fuera de Colombia/LATAM/remoto global,desarrollo,,,,nueva,
1161,greenhouse:gitlab:8684061002,gitlab:intermediatesupportengineershift,GitLab,greenhouse,gitlab,8684061002,Intermediate Support Engineer (SHIFT),"Remote, United Kingdom",https://job-boards.greenhouse.io/gitlab/jobs/8684061002,2026-08-05T16:10:09-04:00,2026-09-21T16:33:41-05:00,,no,ubicacion fuera de Colombia/LATAM/remoto global,desarrollo,,,,nueva,
1162,greenhouse:gitlab:8784185002,gitlab:intermediatetechnicalprogrammanager,GitLab,greenhouse,gitlab,8784185002,Intermediate Technical Program Manager,"Bangalore, India",https://job-boards.greenhouse.io/gitlab/jobs/8784185002,2026-09-16T00:25:42-04:00,2026-09-21T16:33:41-05:00,,no,ubicacion fuera de Colombia/LATAM/remoto global,desarrollo,,,,nueva,
1163,greenhouse:gitlab:8617777002,gitlab:leadinternaleventsproductionstrategist,GitLab,greenhouse,gitlab,8617777002,Lead Internal Events & Production Strategist,"Remote, United States",https://job-boards.greenhouse.io/gitlab/jobs/8617777002,2026-07-29T14:12:54-04:00,2026-09-21T16:33:41-05:00,,no,titulo fuera de perfil,desarrollo,,,,nueva,
1164,greenhouse:gitlab:8756163002,gitlab:leadpricingstrategist,GitLab,greenhouse,gitlab,8756163002,Lead Pricing Strategist,"Remote, Canada; Remote, United States",https://job-boards.greenhouse.io/gitlab/jobs/8756163002,2026-08-27T18:15:38-04:00,2026-09-21T16:33:41-05:00,,no,titulo fuera de perfil,desarrollo,,,,nueva,
1165,greenhouse:gitlab:8633807002,gitlab:leadsecanalyst,GitLab,greenhouse,gitlab,8633807002,Lead SEC Analyst,"Remote, United States",https://job-boards.greenhouse.io/gitlab/jobs/8633807002,2026-07-27T18:20:48-04:00,2026-09-21T16:33:41-05:00,,no,titulo fuera de perfil,desarrollo,,,,nueva,
1166,greenhouse:gitlab:8613199002,gitlab:managercustomersuccessmanagersemea,GitLab,greenhouse,gitlab,8613199002,"Manager, Customer Success Managers, EMEA","Remote, Austria; Remote, Germany",https://job-boards.greenhouse.io/gitlab/jobs/8613199002,2026-07-06T02:41:32-04:00,2026-09-21T16:33:41-05:00,,no,titulo fuera de perfil,desarrollo,,,,nueva,
1167,greenhouse:gitlab:8642786002,gitlab:managerprocurement,GitLab,greenhouse,gitlab,8642786002,"Manager, Procurement","Remote, United States",https://job-boards.greenhouse.io/gitlab/jobs/8642786002,2026-08-10T13:48:11-04:00,2026-09-21T16:33:41-05:00,,no,titulo fuera de perfil,desarrollo,,,,nueva,
1168,greenhouse:gitlab:8396674002,gitlab:managersolutionsarchitectssanfrancisco,GitLab,greenhouse,gitlab,8396674002,"Manager, Solutions Architects - San Francisco","Remote, US",https://job-boards.greenhouse.io/gitlab/jobs/8396674002,2026-03-06T14:25:31-05:00,2026-09-21T16:33:41-05:00,,no,ubicacion fuera de Colombia/LATAM/remoto global,automatizacion,,,,nueva,
1169,greenhouse:gitlab:8641849002,gitlab:managersolutionsarchitectureeast,GitLab,greenhouse,gitlab,8641849002,"Manager, Solutions Architecture - East","Remote, United States",https://job-boards.greenhouse.io/gitlab/jobs/8641849002,2026-08-03T10:08:14-04:00,2026-09-21T16:33:41-05:00,,no,ubicacion fuera de Colombia/LATAM/remoto global,automatizacion,,,,nueva,
1170,greenhouse:gitlab:8707385002,gitlab:managersupportengineeringusgovernment,GitLab,greenhouse,gitlab,8707385002,"Manager, Support Engineering, US Government","Remote, United States",https://job-boards.greenhouse.io/gitlab/jobs/8707385002,2026-08-18T15:10:52-04:00,2026-09-21T16:33:41-05:00,,no,ubicacion fuera de Colombia/LATAM/remoto global,desarrollo,,,,nueva,
1171,greenhouse:gitlab:8710061002,gitlab:migrationengineergitlabdedicated,GitLab,greenhouse,gitlab,8710061002,Migration Engineer - GitLab Dedicated,"Remote, United States",https://job-boards.greenhouse.io/gitlab/jobs/8710061002,2026-08-19T15:47:04-04:00,2026-09-21T16:33:41-05:00,,no,ubicacion fuera de Colombia/LATAM/remoto global,desarrollo,,,,nueva,
1172,greenhouse:gitlab:8781246002,gitlab:newbusinessaccountexecutivenetherlands,GitLab,greenhouse,gitlab,8781246002,New Business Account Executive - Netherlands,"Remote, Netherlands",https://job-boards.greenhouse.io/gitlab/jobs/8781246002,2026-09-04T02:18:59-04:00,2026-09-21T16:33:41-05:00,,no,titulo fuera de perfil,desarrollo,,,,nueva,
1173,greenhouse:gitlab:8786095002,gitlab:principalengineerduoagentplatform,GitLab,greenhouse,gitlab,8786095002,"Principal Engineer, Duo Agent Platform","Remote, Canada; Remote, Poland; Remote, United Kingdom; Remote, United States",https://job-boards.greenhouse.io/gitlab/jobs/8786095002,2026-09-11T12:07:40-04:00,2026-09-21T16:33:41-05:00,,no,ubicacion fuera de Colombia/LATAM/remoto global,desarrollo,,,,nueva,
1174,greenhouse:gitlab:8564957002,gitlab:principalproductmanageraicustommodels,GitLab,greenhouse,gitlab,8564957002,"Principal Product Manager, AI Custom Models","Remote, Canada; Remote, US",https://job-boards.greenhouse.io/gitlab/jobs/8564957002,2026-05-27T14:51:21-04:00,2026-09-21T16:33:41-05:00,,no,ubicacion fuera de Colombia/LATAM/remoto global,desarrollo,,,,nueva,
1175,greenhouse:gitlab:8658878002,gitlab:principalproductmanageraisoftwarefactory,GitLab,greenhouse,gitlab,8658878002,"Principal Product Manager, AI Software Factory","Remote, Canada; Remote, United States",https://job-boards.greenhouse.io/gitlab/jobs/8658878002,2026-08-03T13:47:46-04:00,2026-09-21T16:33:41-05:00,,no,ubicacion fuera de Colombia/LATAM/remoto global,desarrollo,,,,nueva,
1176,greenhouse:gitlab:8697215002,gitlab:principalprogrammanagergotomarket,GitLab,greenhouse,gitlab,8697215002,"Principal Program Manager, Go-To-Market","Remote, Canada; Remote, United States",https://job-boards.greenhouse.io/gitlab/jobs/8697215002,2026-08-11T17:49:44-04:00,2026-09-21T16:33:41-05:00,,no,titulo fuera de perfil,desarrollo,,,,nueva,
1177,greenhouse:gitlab:8770689002,gitlab:principalsecurityawarenesshumanriskengineer,GitLab,greenhouse,gitlab,8770689002,Principal Security Awareness & Human Risk Engineer,"Remote, Canada; Remote, United Kingdom; Remote, United States",https://job-boards.greenhouse.io/gitlab/jobs/8770689002,2026-09-02T16:02:27-04:00,2026-09-21T16:33:41-05:00,,no,ubicacion fuera de Colombia/LATAM/remoto global,desarrollo,,,,nueva,
1178,greenhouse:gitlab:8731718002,gitlab:principalsecurityresearcher,GitLab,greenhouse,gitlab,8731718002,Principal Security Researcher,"Remote, Canada; Remote, Israel; Remote, United Kingdom; Remote, United States",https://job-boards.greenhouse.io/gitlab/jobs/8731718002,2026-09-05T13:47:29-04:00,2026-09-21T16:33:41-05:00,,no,titulo fuera de perfil,desarrollo,,,,nueva,
1179,greenhouse:gitlab:8693068002,gitlab:principaltechnicalprogrammanager,GitLab,greenhouse,gitlab,8693068002,Principal Technical Program Manager,"Remote, Canada; Remote, United States",https://job-boards.greenhouse.io/gitlab/jobs/8693068002,2026-08-25T17:56:15-04:00,2026-09-21T16:33:41-05:00,,no,ubicacion fuera de Colombia/LATAM/remoto global,desarrollo,,,,nueva,
1180,greenhouse:gitlab:8784056002,gitlab:principaltechnicalprogrammanager,GitLab,greenhouse,gitlab,8784056002,Principal Technical Program Manager,"Bangalore, India",https://job-boards.greenhouse.io/gitlab/jobs/8784056002,2026-09-08T07:21:57-04:00,2026-09-21T16:33:41-05:00,,no,ubicacion fuera de Colombia/LATAM/remoto global,desarrollo,,,,nueva,
1181,greenhouse:gitlab:8789857002,gitlab:professionalservicestechnicalarchitect,GitLab,greenhouse,gitlab,8789857002,Professional Services - Technical Architect,"Remote, United Kingdom",https://job-boards.greenhouse.io/gitlab/jobs/8789857002,2026-09-12T05:41:58-04:00,2026-09-21T16:33:41-05:00,,no,ubicacion fuera de Colombia/LATAM/remoto global,desarrollo,,,,nueva,
1182,greenhouse:gitlab:8814596002,gitlab:publicsectorenablementlead,GitLab,greenhouse,gitlab,8814596002,Public Sector Enablement Lead,"Remote, United States",https://job-boards.greenhouse.io/gitlab/jobs/8814596002,2026-09-17T14:40:53-04:00,2026-09-21T16:33:41-05:00,,no,titulo fuera de perfil,automatizacion,,,,nueva,
1183,greenhouse:gitlab:8660935002,gitlab:publicsectorstrategicaccountexecutivecanada,GitLab,greenhouse,gitlab,8660935002,Public Sector Strategic Account Executive - Canada,"Remote, Canada",https://job-boards.greenhouse.io/gitlab/jobs/8660935002,2026-08-06T13:21:50-04:00,2026-09-21T16:33:41-05:00,,no,titulo fuera de perfil,desarrollo,,,,nueva,
1184,greenhouse:gitlab:8737840002,gitlab:publicsectorstrategicaccountexecutivedow,GitLab,greenhouse,gitlab,8737840002,"Public Sector Strategic Account Executive, DoW","Remote, United States",https://job-boards.greenhouse.io/gitlab/jobs/8737840002,2026-09-10T09:26:22-04:00,2026-09-21T16:33:41-05:00,,no,titulo fuera de perfil,desarrollo,,,,nueva,
1185,greenhouse:gitlab:8737852002,gitlab:publicsectorstrategicaccountexecutivefederalcivilian,GitLab,greenhouse,gitlab,8737852002,"Public Sector Strategic Account Executive, Federal Civilian","Remote, United States",https://job-boards.greenhouse.io/gitlab/jobs/8737852002,2026-09-10T17:50:06-04:00,2026-09-21T16:33:41-05:00,,no,titulo fuera de perfil,desarrollo,,,,nueva,
1186,greenhouse:gitlab:8649994002,gitlab:publicsectorstrategicaccountexecutivesledmountainplains,GitLab,greenhouse,gitlab,8649994002,"Public Sector Strategic Account Executive, SLED - Mountain Plains","Remote, United States",https://job-boards.greenhouse.io/gitlab/jobs/8649994002,2026-08-07T15:26:49-04:00,2026-09-21T16:33:41-05:00,,no,titulo fuera de perfil,desarrollo,,,,nueva,
1187,greenhouse:gitlab:8565469002,gitlab:senioraiengineer,GitLab,greenhouse,gitlab,8565469002,Senior AI Engineer,"Remote, US",https://job-boards.greenhouse.io/gitlab/jobs/8565469002,2026-05-29T07:49:29-04:00,2026-09-21T16:33:41-05:00,,no,ubicacion fuera de Colombia/LATAM/remoto global,desarrollo,,,,nueva,
1188,greenhouse:gitlab:8679047002,gitlab:senioranalystsalesstrategy,GitLab,greenhouse,gitlab,8679047002,"Senior Analyst, Sales Strategy","Remote, Canada; Remote, United States",https://job-boards.greenhouse.io/gitlab/jobs/8679047002,2026-08-05T18:47:44-04:00,2026-09-21T16:33:41-05:00,,no,titulo fuera de perfil,desarrollo,,,,nueva,
1189,greenhouse:gitlab:8709925002,gitlab:seniorassignedsupportengineeramer,GitLab,greenhouse,gitlab,8709925002,Senior Assigned Support Engineer (AMER),"Remote, Canada; Remote, United States",https://job-boards.greenhouse.io/gitlab/jobs/8709925002,2026-08-20T13:31:45-04:00,2026-09-21T16:33:41-05:00,,no,ubicacion fuera de Colombia/LATAM/remoto global,desarrollo,,,,nueva,
1190,greenhouse:gitlab:8645825002,gitlab:seniorassignedsupportengineeremea,GitLab,greenhouse,gitlab,8645825002,Senior Assigned Support Engineer (EMEA),"Remote, Poland; Remote, United Kingdom",https://job-boards.greenhouse.io/gitlab/jobs/8645825002,2026-07-23T17:05:22-04:00,2026-09-21T16:33:41-05:00,,no,ubicacion fuera de Colombia/LATAM/remoto global,desarrollo,,,,nueva,
1191,greenhouse:gitlab:8701290002,gitlab:seniorassignedsupportengineeremea,GitLab,greenhouse,gitlab,8701290002,Senior Assigned Support Engineer (EMEA),"Remote, United Kingdom",https://job-boards.greenhouse.io/gitlab/jobs/8701290002,2026-08-20T13:51:05-04:00,2026-09-21T16:33:41-05:00,,no,ubicacion fuera de Colombia/LATAM/remoto global,desarrollo,,,,nueva,
1192,greenhouse:gitlab:8621733002,gitlab:seniorbackendengineeraiengineeringchat,GitLab,greenhouse,gitlab,8621733002,"Senior Backend Engineer, AI Engineering: Chat","Remote, Canada; Remote, United Kingdom",https://job-boards.greenhouse.io/gitlab/jobs/8621733002,2026-07-20T18:41:32-04:00,2026-09-21T16:33:41-05:00,,no,ubicacion fuera de Colombia/LATAM/remoto global,desarrollo,,,,nueva,
1193,greenhouse:gitlab:8715968002,gitlab:seniorbackendengineeramer,GitLab,greenhouse,gitlab,8715968002,"Senior Backend Engineer, AMER","Remote, Canada; Remote, United States",https://job-boards.greenhouse.io/gitlab/jobs/8715968002,2026-08-14T14:16:33-04:00,2026-09-21T16:33:41-05:00,,no,ubicacion fuera de Colombia/LATAM/remoto global,desarrollo,,,,nueva,
1194,greenhouse:gitlab:8451512002,gitlab:seniorbackendengineeranalyticsinstrumentationgolang,GitLab,greenhouse,gitlab,8451512002,"Senior Backend Engineer, Analytics Instrumentation (Golang)","Remote, Canada; Remote, US",https://job-boards.greenhouse.io/gitlab/jobs/8451512002,2026-03-12T11:15:05-04:00,2026-09-21T16:33:41-05:00,,no,ubicacion fuera de Colombia/LATAM/remoto global,desarrollo,,,,nueva,
1195,greenhouse:gitlab:8646556002,gitlab:seniorbackendengineerarchitectureengineeringnonlinearproductivity,GitLab,greenhouse,gitlab,8646556002,"Senior Backend Engineer, Architecture Engineering: Nonlinear Productivity","Remote, Canada; Remote, United States",https://job-boards.greenhouse.io/gitlab/jobs/8646556002,2026-08-05T20:22:22-04:00,2026-09-21T16:33:41-05:00,,no,ubicacion fuera de Colombia/LATAM/remoto global,desarrollo,,,,nueva,
1196,greenhouse:gitlab:8778943002,gitlab:seniorbackendengineerdatabaseexcellenceruby,GitLab,greenhouse,gitlab,8778943002,"Senior Backend Engineer, Database Excellence (Ruby)","Remote, United Kingdom",https://job-boards.greenhouse.io/gitlab/jobs/8778943002,2026-09-09T10:02:26-04:00,2026-09-21T16:33:41-05:00,,no,ubicacion fuera de Colombia/LATAM/remoto global,desarrollo,,,,nueva,
1197,greenhouse:gitlab:8636713002,gitlab:seniorbackendengineerdeploymentenvironments,GitLab,greenhouse,gitlab,8636713002,"Senior Backend Engineer, Deployment Environments","Remote, Canada; Remote, United Kingdom",https://job-boards.greenhouse.io/gitlab/jobs/8636713002,2026-07-21T06:55:36-04:00,2026-09-21T16:33:41-05:00,,no,ubicacion fuera de Colombia/LATAM/remoto global,desarrollo,,,,nueva,
1198,greenhouse:gitlab:8729451002,gitlab:seniorbackendengineergotenantscalegitaly,GitLab,greenhouse,gitlab,8729451002,"Senior Backend Engineer (Go), Tenant Scale: Gitaly","Remote, Canada; Remote, United Kingdom",https://job-boards.greenhouse.io/gitlab/jobs/8729451002,2026-08-20T11:45:55-04:00,2026-09-21T16:33:41-05:00,,no,ubicacion fuera de Colombia/LATAM/remoto global,desarrollo,,,,nueva,
1199,greenhouse:gitlab:8749951002,gitlab:seniorbackendengineergotenantscalegitaly,GitLab,greenhouse,gitlab,8749951002,"Senior Backend Engineer (Go), Tenant Scale: Gitaly","Remote, Poland",https://job-boards.greenhouse.io/gitlab/jobs/8749951002,2026-08-26T07:09:14-04:00,2026-09-21T16:33:41-05:00,,no,ubicacion fuera de Colombia/LATAM/remoto global,desarrollo,,,,nueva,
1200,greenhouse:gitlab:8750842002,gitlab:seniorbackendengineerplatformenablement,GitLab,greenhouse,gitlab,8750842002,"Senior Backend Engineer, Platform Enablement","Remote, United States",https://job-boards.greenhouse.io/gitlab/jobs/8750842002,2026-09-18T13:32:42-04:00,2026-09-21T16:33:41-05:00,,no,ubicacion fuera de Colombia/LATAM/remoto global,automatizacion,,,,nueva,
1201,greenhouse:gitlab:8615312002,gitlab:seniorbackendengineerplatformintegrationsmonetization,GitLab,greenhouse,gitlab,8615312002,Senior Backend Engineer - Platform Integrations (Monetization),"Bangalore, India",https://job-boards.greenhouse.io/gitlab/jobs/8615312002,2026-09-01T03:30:47-04:00,2026-09-21T16:33:41-05:00,,no,ubicacion fuera de Colombia/LATAM/remoto global,automatizacion,,,,nueva,
1202,greenhouse:gitlab:8644572002,gitlab:seniorbackendengineerplatformreadiness,GitLab,greenhouse,gitlab,8644572002,"Senior Backend Engineer, Platform Readiness","Remote, Canada; Remote, United States",https://job-boards.greenhouse.io/gitlab/jobs/8644572002,2026-08-03T11:54:04-04:00,2026-09-21T16:33:41-05:00,,no,ubicacion fuera de Colombia/LATAM/remoto global,desarrollo,,,,nueva,
1203,greenhouse:gitlab:8749946002,gitlab:seniorbackendengineerpoland,GitLab,greenhouse,gitlab,8749946002,"Senior Backend Engineer, Poland","Remote, Poland",https://job-boards.greenhouse.io/gitlab/jobs/8749946002,2026-08-26T07:06:42-04:00,2026-09-21T16:33:41-05:00,,no,ubicacion fuera de Colombia/LATAM/remoto global,desarrollo,,,,nueva,
1204,greenhouse:gitlab:8704363002,gitlab:seniorbackendengineerpythonagentdeveloperflowcomponents,GitLab,greenhouse,gitlab,8704363002,"Senior Backend Engineer (Python), Agent Developer: Flow Components","Remote, Canada",https://job-boards.greenhouse.io/gitlab/jobs/8704363002,2026-08-19T09:38:27-04:00,2026-09-21T16:33:41-05:00,,no,ubicacion fuera de Colombia/LATAM/remoto global,desarrollo,,,,nueva,
1205,greenhouse:gitlab:8759577002,gitlab:seniorbackendengineerrubyaicatalogexternalagents,GitLab,greenhouse,gitlab,8759577002,"Senior Backend Engineer (Ruby), AI Catalog: External Agents","Remote, United Kingdom",https://job-boards.greenhouse.io/gitlab/jobs/8759577002,2026-08-31T04:35:31-04:00,2026-09-21T16:33:41-05:00,,no,ubicacion fuera de Colombia/LATAM/remoto global,desarrollo,,,,nueva,
1206,greenhouse:gitlab:8621620002,gitlab:seniorbackendengineerrubyaiengineeringaicoding,GitLab,greenhouse,gitlab,8621620002,"Senior Backend Engineer (Ruby), AI Engineering: AI Coding","Remote, United Kingdom",https://job-boards.greenhouse.io/gitlab/jobs/8621620002,2026-07-13T15:26:35-04:00,2026-09-21T16:33:41-05:00,,no,ubicacion fuera de Colombia/LATAM/remoto global,desarrollo,,,,nueva,
1207,greenhouse:gitlab:8749950002,gitlab:seniorbackendengineerrubyplanspecdrivendevelopment,GitLab,greenhouse,gitlab,8749950002,"Senior Backend Engineer (Ruby), Plan: Spec-Driven Development","Remote, Poland",https://job-boards.greenhouse.io/gitlab/jobs/8749950002,2026-08-26T07:08:19-04:00,2026-09-21T16:33:41-05:00,,no,ubicacion fuera de Colombia/LATAM/remoto global,desarrollo,,,,nueva,
1208,greenhouse:gitlab:8682860002,gitlab:seniorbackendengineerrubyplanspecdrivendevelopment,GitLab,greenhouse,gitlab,8682860002,"Senior Backend Engineer (Ruby), Plan: Spec-Driven Development","Remote, United Kingdom",https://job-boards.greenhouse.io/gitlab/jobs/8682860002,2026-08-12T04:18:04-04:00,2026-09-21T16:33:41-05:00,,no,ubicacion fuera de Colombia/LATAM/remoto global,desarrollo,,,,nueva,
1209,greenhouse:gitlab:8760233002,gitlab:seniorbackendengineertrustedagenticdevelopment,GitLab,greenhouse,gitlab,8760233002,"Senior Backend Engineer, Trusted Agentic Development","Remote, Poland",https://job-boards.greenhouse.io/gitlab/jobs/8760233002,2026-09-08T15:16:51-04:00,2026-09-21T16:33:41-05:00,,no,ubicacion fuera de Colombia/LATAM/remoto global,desarrollo,,,,nueva,
1210,greenhouse:gitlab:8716138002,gitlab:seniorbackendengineeruk,GitLab,greenhouse,gitlab,8716138002,"Senior Backend Engineer, UK","Remote, United Kingdom",https://job-boards.greenhouse.io/gitlab/jobs/8716138002,2026-08-14T14:16:35-04:00,2026-09-21T16:33:41-05:00,,no,ubicacion fuera de Colombia/LATAM/remoto global,desarrollo,,,,nueva,
1211,greenhouse:gitlab:8641816002,gitlab:seniorbenefitsanalyst,GitLab,greenhouse,gitlab,8641816002,Senior Benefits Analyst,"Remote Ireland; Remote, Poland; Remote, United Kingdom",https://job-boards.greenhouse.io/gitlab/jobs/8641816002,2026-07-23T13:52:01-04:00,2026-09-21T16:33:41-05:00,2026-09-22,no,titulo fuera de perfil,desarrollo,,,,nueva,
1212,greenhouse:gitlab:8638001002,gitlab:seniorcommercialaccountexecutivemena,GitLab,greenhouse,gitlab,8638001002,Senior Commercial Account Executive - MENA,"Remote, KSA",https://job-boards.greenhouse.io/gitlab/jobs/8638001002,2026-07-22T05:45:46-04:00,2026-09-21T16:33:41-05:00,,no,titulo fuera de perfil,desarrollo,,,,nueva,
1213,greenhouse:gitlab:8500014002,gitlab:seniorcommerciallegalcounselapac,GitLab,greenhouse,gitlab,8500014002,"Senior Commercial Legal Counsel, APAC","Remote, Japan; Remote, Philippines; Remote, Singapore",https://job-boards.greenhouse.io/gitlab/jobs/8500014002,2026-04-28T19:56:55-04:00,2026-09-21T16:33:41-05:00,,no,titulo fuera de perfil,desarrollo,,,,nueva,
1214,greenhouse:gitlab:8648304002,gitlab:seniorcustomersuccessarchitectsingapore,GitLab,greenhouse,gitlab,8648304002,Senior Customer Success Architect - Singapore,"Remote, Singapore",https://job-boards.greenhouse.io/gitlab/jobs/8648304002,2026-07-31T02:32:33-04:00,2026-09-21T16:33:41-05:00,,no,titulo fuera de perfil,desarrollo,,,,nueva,
1215,greenhouse:gitlab:8808549002,gitlab:seniorcustomersuccessengineerjapan,GitLab,greenhouse,gitlab,8808549002,"Senior Customer Success Engineer, Japan","Remote, Japan",https://job-boards.greenhouse.io/gitlab/jobs/8808549002,2026-09-15T23:23:18-04:00,2026-09-21T16:33:41-05:00,,no,ubicacion fuera de Colombia/LATAM/remoto global,desarrollo,,,,nueva,
1216,greenhouse:gitlab:8616005002,gitlab:seniorcustomersuccessmanagerpublicsector,GitLab,greenhouse,gitlab,8616005002,Senior Customer Success Manager- Public Sector,"Remote, US",https://job-boards.greenhouse.io/gitlab/jobs/8616005002,2026-07-07T16:23:44-04:00,2026-09-21T16:33:41-05:00,,no,titulo fuera de perfil,desarrollo,,,,nueva,
1217,greenhouse:gitlab:8604996002,gitlab:seniorcustomersuccessoperationsmanager,GitLab,greenhouse,gitlab,8604996002,Senior Customer Success Operations Manager,"Remote, US",https://job-boards.greenhouse.io/gitlab/jobs/8604996002,2026-06-25T12:29:11-04:00,2026-09-21T16:33:41-05:00,,no,titulo fuera de perfil,automatizacion,,,,nueva,
1218,greenhouse:gitlab:8686820002,gitlab:seniordirectorrevenueanalytics,GitLab,greenhouse,gitlab,8686820002,"Senior Director, Revenue Analytics","Remote, United States",https://job-boards.greenhouse.io/gitlab/jobs/8686820002,2026-08-06T10:27:52-04:00,2026-09-21T16:33:41-05:00,,no,titulo fuera de perfil,desarrollo,,,,nueva,
1219,greenhouse:gitlab:8802261002,gitlab:seniordistributionengineergitlabbuild,GitLab,greenhouse,gitlab,8802261002,"Senior Distribution Engineer, Gitlab: Build","Remote, Canada",https://job-boards.greenhouse.io/gitlab/jobs/8802261002,2026-09-15T12:29:41-04:00,2026-09-21T16:33:41-05:00,,no,ubicacion fuera de Colombia/LATAM/remoto global,desarrollo,,,,nueva,
1220,greenhouse:gitlab:8808524002,gitlab:seniorecosystemsalesmanageresmasean,GitLab,greenhouse,gitlab,8808524002,Senior Ecosystem Sales Manager (ESM)- ASEAN,"Remote, Singapore",https://job-boards.greenhouse.io/gitlab/jobs/8808524002,2026-09-14T23:32:24-04:00,2026-09-21T16:33:41-05:00,,no,titulo fuera de perfil,desarrollo,,,,nueva,
1221,greenhouse:gitlab:8640173002,gitlab:seniorecosystemsalesmanagerjapan,GitLab,greenhouse,gitlab,8640173002,"Senior Ecosystem Sales Manager, Japan","Remote, Japan",https://job-boards.greenhouse.io/gitlab/jobs/8640173002,2026-07-28T23:23:43-04:00,2026-09-21T16:33:41-05:00,,no,titulo fuera de perfil,desarrollo,,,,nueva,
1222,greenhouse:gitlab:8725981002,gitlab:seniorengagementmanagergermany,GitLab,greenhouse,gitlab,8725981002,Senior Engagement Manager - Germany,"Remote, Germany",https://job-boards.greenhouse.io/gitlab/jobs/8725981002,2026-08-19T04:50:48-04:00,2026-09-21T16:33:41-05:00,,no,titulo fuera de perfil,desarrollo,,,,nueva,
1223,greenhouse:gitlab:8755524002,gitlab:seniorengineeringmanagercontinuousdeployment,GitLab,greenhouse,gitlab,8755524002,Senior Engineering Manager - Continuous Deployment,"Bangalore, India",https://job-boards.greenhouse.io/gitlab/jobs/8755524002,2026-09-15T02:59:05-04:00,2026-09-21T16:33:41-05:00,,no,ubicacion fuera de Colombia/LATAM/remoto global,desarrollo,,,,nueva,
1224,greenhouse:gitlab:8790705002,gitlab:seniorexecutivebusinesspartnercfo,GitLab,greenhouse,gitlab,8790705002,"Senior Executive Business Partner, CFO","Remote; Remote, United States",https://job-boards.greenhouse.io/gitlab/jobs/8790705002,2026-09-13T13:51:24-04:00,2026-09-21T16:33:41-05:00,,no,titulo fuera de perfil,desarrollo,,,,nueva,
1225,greenhouse:gitlab:8731564002,gitlab:seniorfpaanalystcloudhosting,GitLab,greenhouse,gitlab,8731564002,"Senior FP&A Analyst, Cloud Hosting","Remote, Canada; Remote, United States",https://job-boards.greenhouse.io/gitlab/jobs/8731564002,2026-08-25T11:00:31-04:00,2026-09-21T16:33:41-05:00,,no,titulo fuera de perfil,desarrollo,,,,nueva,
1226,greenhouse:gitlab:8636539002,gitlab:seniorfrontendengineervuecreaterepositorymanagement,GitLab,greenhouse,gitlab,8636539002,"Senior Frontend Engineer (Vue), Create:  Repository Management","Remote, United Kingdom",https://job-boards.greenhouse.io/gitlab/jobs/8636539002,2026-08-13T15:35:23-04:00,2026-09-21T16:33:41-05:00,,no,ubicacion fuera de Colombia/LATAM/remoto global,desarrollo,,,,nueva,
1227,greenhouse:gitlab:8697493002,gitlab:seniorfullstackengineermarketing,GitLab,greenhouse,gitlab,8697493002,"Senior Fullstack Engineer, Marketing","Remote, United Kingdom",https://job-boards.greenhouse.io/gitlab/jobs/8697493002,2026-08-11T18:50:24-04:00,2026-09-21T16:33:41-05:00,,no,ubicacion fuera de Colombia/LATAM/remoto global,desarrollo,,,,nueva,
1228,greenhouse:gitlab:8632005002,gitlab:seniorhyperscaleroperationsmanager,GitLab,greenhouse,gitlab,8632005002,Senior Hyperscaler Operations Manager,"Remote, Canada; Remote, US",https://job-boards.greenhouse.io/gitlab/jobs/8632005002,2026-07-14T18:12:11-04:00,2026-09-21T16:33:41-05:00,,no,titulo fuera de perfil,automatizacion,,,,nueva,
1229,greenhouse:gitlab:8642850002,gitlab:seniormanagerinternalauditauditautomationtechnologyrisk,GitLab,greenhouse,gitlab,8642850002,"Senior Manager, Internal Audit - Audit Automation & Technology Risk","Bangalore, India",https://job-boards.greenhouse.io/gitlab/jobs/8642850002,2026-07-24T12:38:17-04:00,2026-09-21T16:33:41-05:00,,no,ubicacion fuera de Colombia/LATAM/remoto global,automatizacion,,,,nueva,
1230,greenhouse:gitlab:8722934002,gitlab:seniormanagerproductsecurityengineeringsecurityposturesupplychain,GitLab,greenhouse,gitlab,8722934002,"Senior Manager, Product Security Engineering (Security Posture & Supply Chain)","Remote, Canada; Remote, Israel; Remote, United Kingdom; Remote, United States",https://job-boards.greenhouse.io/gitlab/jobs/8722934002,2026-08-20T18:11:09-04:00,2026-09-21T16:33:41-05:00,,no,ubicacion fuera de Colombia/LATAM/remoto global,desarrollo,,,,nueva,
1231,greenhouse:gitlab:8820804002,gitlab:seniormanagerpublicsectorrenewals,GitLab,greenhouse,gitlab,8820804002,"Senior Manager, Public Sector Renewals","Remote, United States",https://job-boards.greenhouse.io/gitlab/jobs/8820804002,2026-09-21T14:49:00-04:00,2026-09-21T16:33:41-05:00,,no,titulo fuera de perfil,desarrollo,,,,nueva,
1232,greenhouse:gitlab:8627798002,gitlab:seniornamedaccountexecutivedach,GitLab,greenhouse,gitlab,8627798002,Senior Named Account Executive - DACH,"Remote, Germany",https://job-boards.greenhouse.io/gitlab/jobs/8627798002,2026-07-13T10:42:12-04:00,2026-09-21T16:33:41-05:00,,no,titulo fuera de perfil,desarrollo,,,,nueva,
1233,greenhouse:gitlab:8771527002,gitlab:seniorplatformengineergitlaborbit,GitLab,greenhouse,gitlab,8771527002,"Senior Platform Engineer, GitLab Orbit","Remote, Canada; Remote, United States",https://job-boards.greenhouse.io/gitlab/jobs/8771527002,2026-09-14T14:18:38-04:00,2026-09-21T16:33:41-05:00,,no,ubicacion fuera de Colombia/LATAM/remoto global,desarrollo,,,,nueva,
1234,greenhouse:gitlab:8684348002,gitlab:seniorproductmanagergrowth,GitLab,greenhouse,gitlab,8684348002,"Senior Product Manager, Growth","Remote, Canada; Remote, United States",https://job-boards.greenhouse.io/gitlab/jobs/8684348002,2026-08-06T15:04:04-04:00,2026-09-21T16:33:41-05:00,2026-09-23,no,titulo fuera de perfil,desarrollo,,,,nueva,
1235,greenhouse:gitlab:8697043002,gitlab:seniorproductmanagersecretdetectionandvulnerabilityresearch,GitLab,greenhouse,gitlab,8697043002,"Senior Product Manager, Secret Detection and Vulnerability Research","Remote, United States",https://job-boards.greenhouse.io/gitlab/jobs/8697043002,2026-08-17T16:39:41-04:00,2026-09-21T16:33:41-05:00,,no,titulo fuera de perfil,desarrollo,,,,nueva,
1236,greenhouse:gitlab:8597805002,gitlab:seniorproductmanagersourcecode,GitLab,greenhouse,gitlab,8597805002,"Senior Product Manager, Source Code","Remote, Canada; Remote, US",https://job-boards.greenhouse.io/gitlab/jobs/8597805002,2026-07-07T16:49:09-04:00,2026-09-21T16:33:41-05:00,,no,titulo fuera de perfil,desarrollo,,,,nueva,
1237,greenhouse:gitlab:8512220002,gitlab:seniorproductmanagertenantscale,GitLab,greenhouse,gitlab,8512220002,"Senior Product Manager, Tenant Scale","Remote, Canada; Remote, US",https://job-boards.greenhouse.io/gitlab/jobs/8512220002,2026-04-29T13:26:12-04:00,2026-09-21T16:33:41-05:00,,no,titulo fuera de perfil,desarrollo,,,,nueva,
1238,greenhouse:gitlab:8746461002,gitlab:seniorprofessionalservicesengineerpubsecdcmetro,GitLab,greenhouse,gitlab,8746461002,Senior Professional Services Engineer- PubSec - DC Metro,"Remote, United States",https://job-boards.greenhouse.io/gitlab/jobs/8746461002,2026-09-02T14:53:10-04:00,2026-09-21T16:33:41-05:00,,no,ubicacion fuera de Colombia/LATAM/remoto global,desarrollo,,,,nueva,
1239,greenhouse:gitlab:8795736002,gitlab:seniorprofessionalservicestechnicalarchitectsecurity,GitLab,greenhouse,gitlab,8795736002,Senior Professional Services Technical Architect - Security,"Remote, Canada; Remote, United States",https://job-boards.greenhouse.io/gitlab/jobs/8795736002,2026-09-11T19:38:04-04:00,2026-09-21T16:33:41-05:00,,no,ubicacion fuera de Colombia/LATAM/remoto global,desarrollo,,,,nueva,
1240,greenhouse:gitlab:8687246002,gitlab:seniorprogrammanagerenterprisetechnologyandai,GitLab,greenhouse,gitlab,8687246002,"Senior Program Manager, Enterprise Technology and AI","Remote, Poland",https://job-boards.greenhouse.io/gitlab/jobs/8687246002,2026-08-19T11:40:19-04:00,2026-09-21T16:33:41-05:00,,no,ubicacion fuera de Colombia/LATAM/remoto global,desarrollo,,,,nueva,
1241,greenhouse:gitlab:8730125002,gitlab:seniorreleaseengineer,GitLab,greenhouse,gitlab,8730125002,Senior Release Engineer,"Bangalore, India",https://job-boards.greenhouse.io/gitlab/jobs/8730125002,2026-09-03T13:40:13-04:00,2026-09-21T16:33:41-05:00,,no,ubicacion fuera de Colombia/LATAM/remoto global,desarrollo,,,,nueva,
1242,greenhouse:gitlab:8770747002,gitlab:seniorsecuritycomplianceengineerpublicsector,GitLab,greenhouse,gitlab,8770747002,"Senior Security Compliance Engineer, Public Sector","Remote, United States",https://job-boards.greenhouse.io/gitlab/jobs/8770747002,2026-09-04T16:24:07-04:00,2026-09-21T16:33:41-05:00,,no,ubicacion fuera de Colombia/LATAM/remoto global,desarrollo,,,,nueva,
1243,greenhouse:gitlab:8815229002,gitlab:seniorsecurityengineerincidentresponseteamaustralia,GitLab,greenhouse,gitlab,8815229002,"Senior Security Engineer, Incident Response Team (Australia)","Remote, Australia",https://job-boards.greenhouse.io/gitlab/jobs/8815229002,2026-09-17T10:19:29-04:00,2026-09-21T16:33:41-05:00,,no,ubicacion fuera de Colombia/LATAM/remoto global,desarrollo,,,,nueva,
1244,greenhouse:gitlab:8628447002,gitlab:seniorsecurityengineersecurityincidentresponseteamsirtemea,GitLab,greenhouse,gitlab,8628447002,"Senior Security Engineer, Security Incident Response Team (SIRT) - EMEA","Remote, Israel; Remote, Poland; Remote, United Kingdom",https://job-boards.greenhouse.io/gitlab/jobs/8628447002,2026-07-10T16:02:45-04:00,2026-09-21T16:33:41-05:00,,no,ubicacion fuera de Colombia/LATAM/remoto global,desarrollo,,,,nueva,
1245,greenhouse:gitlab:8615319002,gitlab:seniorsitereliabilityengineermonitoringandanomalydetectionmonetization,GitLab,greenhouse,gitlab,8615319002,Senior Site Reliability Engineer - Monitoring and Anomaly Detection (Monetization),"Bangalore, India",https://job-boards.greenhouse.io/gitlab/jobs/8615319002,2026-07-23T04:55:12-04:00,2026-09-21T16:33:41-05:00,,no,ubicacion fuera de Colombia/LATAM/remoto global,desarrollo,,,,nueva,
1246,greenhouse:gitlab:8721124002,gitlab:seniorsoftwareengineer,GitLab,greenhouse,gitlab,8721124002,Senior Software Engineer,"Bangalore, India",https://job-boards.greenhouse.io/gitlab/jobs/8721124002,2026-08-24T19:07:44-04:00,2026-09-21T16:33:41-05:00,,no,ubicacion fuera de Colombia/LATAM/remoto global,desarrollo,,,,nueva,
1247,greenhouse:gitlab:8785285002,gitlab:seniorsoftwareengineernlp,GitLab,greenhouse,gitlab,8785285002,"Senior Software Engineer, NLP","Bangalore, India",https://job-boards.greenhouse.io/gitlab/jobs/8785285002,2026-09-09T01:43:17-04:00,2026-09-21T16:33:41-05:00,,no,ubicacion fuera de Colombia/LATAM/remoto global,desarrollo,,,,nueva,
1248,greenhouse:gitlab:8614945002,gitlab:seniorsoftwareengineerrorgosscsauthentication,GitLab,greenhouse,gitlab,8614945002,"Senior Software Engineer (RoR/Go), SSCS: Authentication","Remote, Canada; Remote, United States",https://job-boards.greenhouse.io/gitlab/jobs/8614945002,2026-07-02T14:41:00-04:00,2026-09-21T16:33:41-05:00,,no,ubicacion fuera de Colombia/LATAM/remoto global,desarrollo,,,,nueva,
1249,greenhouse:gitlab:8738225002,gitlab:seniorsoftwareengineerrubysecurityplatformauthorization,GitLab,greenhouse,gitlab,8738225002,"Senior Software Engineer (Ruby), Security Platform: Authorization","Remote, Canada; Remote, Israel; Remote, United Kingdom; Remote, United States",https://job-boards.greenhouse.io/gitlab/jobs/8738225002,2026-09-02T19:42:29-04:00,2026-09-21T16:33:41-05:00,,no,ubicacion fuera de Colombia/LATAM/remoto global,desarrollo,,,,nueva,
1250,greenhouse:gitlab:8693103002,gitlab:seniorsoftwareengineertypescriptaiclientsduocli,GitLab,greenhouse,gitlab,8693103002,"Senior Software Engineer (Typescript), AI Clients: Duo CLI","Remote, United Kingdom",https://job-boards.greenhouse.io/gitlab/jobs/8693103002,2026-08-12T06:18:36-04:00,2026-09-21T16:33:41-05:00,,no,ubicacion fuera de Colombia/LATAM/remoto global,desarrollo,,,,nueva,
1251,greenhouse:gitlab:8749952002,gitlab:seniorsoftwareengineertypescriptaiclientsduocli,GitLab,greenhouse,gitlab,8749952002,"Senior Software Engineer (Typescript), AI Clients: Duo CLI","Remote, Poland",https://job-boards.greenhouse.io/gitlab/jobs/8749952002,2026-08-26T07:12:11-04:00,2026-09-21T16:33:41-05:00,,no,ubicacion fuera de Colombia/LATAM/remoto global,desarrollo,,,,nueva,
1252,greenhouse:gitlab:8611764002,gitlab:seniorsolutionsarchitect,GitLab,greenhouse,gitlab,8611764002,Senior Solutions Architect,"Remote, United Kingdom",https://job-boards.greenhouse.io/gitlab/jobs/8611764002,2026-06-30T09:49:28-04:00,2026-09-21T16:33:41-05:00,2026-09-23,no,ubicacion fuera de Colombia/LATAM/remoto global,automatizacion,,,,nueva,
1253,greenhouse:gitlab:8731996002,gitlab:seniorsolutionsarchitect,GitLab,greenhouse,gitlab,8731996002,Senior Solutions Architect,"Bangalore, India",https://job-boards.greenhouse.io/gitlab/jobs/8731996002,2026-09-08T23:13:13-04:00,2026-09-21T16:33:41-05:00,,no,ubicacion fuera de Colombia/LATAM/remoto global,automatizacion,,,,nueva,
1254,greenhouse:gitlab:8783485002,gitlab:seniorsolutionsarchitect,GitLab,greenhouse,gitlab,8783485002,Senior Solutions Architect,"Remote, South Korea",https://job-boards.greenhouse.io/gitlab/jobs/8783485002,2026-09-08T22:58:54-04:00,2026-09-21T16:33:41-05:00,,no,ubicacion fuera de Colombia/LATAM/remoto global,automatizacion,,,,nueva,
1255,greenhouse:gitlab:8476375002,gitlab:seniorsolutionsarchitectaiplatformssme,GitLab,greenhouse,gitlab,8476375002,Senior Solutions Architect - AI & Platforms SME,"Remote, Australia; Remote, Singapore",https://job-boards.greenhouse.io/gitlab/jobs/8476375002,2026-03-24T19:46:42-04:00,2026-09-21T16:33:41-05:00,2026-09-23,no,ubicacion fuera de Colombia/LATAM/remoto global,automatizacion,,,,nueva,
1256,greenhouse:gitlab:8627772002,gitlab:seniorsolutionsarchitectaustraliaandnewzealand,GitLab,greenhouse,gitlab,8627772002,Senior Solutions Architect- Australia and New Zealand,"Remote, Australia",https://job-boards.greenhouse.io/gitlab/jobs/8627772002,2026-07-21T21:23:21-04:00,2026-09-21T16:33:41-05:00,,no,ubicacion fuera de Colombia/LATAM/remoto global,automatizacion,,,,nueva,
1257,greenhouse:gitlab:8627768002,gitlab:seniorsolutionsarchitectsingapore,GitLab,greenhouse,gitlab,8627768002,Senior Solutions Architect (Singapore),"Remote, Singapore",https://job-boards.greenhouse.io/gitlab/jobs/8627768002,2026-08-17T02:24:31-04:00,2026-09-21T16:33:41-05:00,,no,ubicacion fuera de Colombia/LATAM/remoto global,automatizacion,,,,nueva,
1258,greenhouse:gitlab:8742248002,gitlab:seniorstrategicaccountexecutivecalifornia,GitLab,greenhouse,gitlab,8742248002,Senior Strategic Account Executive - California,"Remote, United States",https://job-boards.greenhouse.io/gitlab/jobs/8742248002,2026-08-26T14:40:24-04:00,2026-09-21T16:33:41-05:00,,no,titulo fuera de perfil,desarrollo,,,,nueva,
1259,greenhouse:gitlab:8692874002,gitlab:seniorsupportengineer,GitLab,greenhouse,gitlab,8692874002,Senior Support Engineer,"Bangalore, India",https://job-boards.greenhouse.io/gitlab/jobs/8692874002,2026-08-18T05:16:27-04:00,2026-09-21T16:33:41-05:00,,no,ubicacion fuera de Colombia/LATAM/remoto global,desarrollo,,,,nueva,
1260,greenhouse:gitlab:8692880002,gitlab:seniorsupportengineer,GitLab,greenhouse,gitlab,8692880002,Senior Support Engineer,"Remote, South Korea",https://job-boards.greenhouse.io/gitlab/jobs/8692880002,2026-08-18T11:27:32-04:00,2026-09-21T16:33:41-05:00,,no,ubicacion fuera de Colombia/LATAM/remoto global,desarrollo,,,,nueva,
1261,greenhouse:gitlab:8753656002,gitlab:seniortalentbrandmanager,GitLab,greenhouse,gitlab,8753656002,Senior Talent Brand Manager,"Remote; Remote, Canada; Remote, United States",https://job-boards.greenhouse.io/gitlab/jobs/8753656002,2026-09-03T20:25:10-04:00,2026-09-21T16:33:41-05:00,,no,titulo fuera de perfil,desarrollo,,,,nueva,
1262,greenhouse:gitlab:8623389002,gitlab:sitereliabilityengineerinfrastructureplatformsamerintermediatetoseniorstaff,GitLab,greenhouse,gitlab,8623389002,"Site Reliability Engineer, Infrastructure Platforms — AMER (Intermediate to Senior Staff)","Remote, Canada; Remote, US",https://job-boards.greenhouse.io/gitlab/jobs/8623389002,2026-07-10T22:45:49-04:00,2026-09-21T16:33:41-05:00,,no,ubicacion fuera de Colombia/LATAM/remoto global,desarrollo,,,,nueva,
1263,greenhouse:gitlab:8773546002,gitlab:sitereliabilityengineerinfrastructureplatformsukintermediatetoseniorstaff,GitLab,greenhouse,gitlab,8773546002,"Site Reliability Engineer, Infrastructure Platforms — UK (Intermediate to Senior Staff)",Remote,https://job-boards.greenhouse.io/gitlab/jobs/8773546002,2026-09-08T13:52:41-04:00,2026-09-21T16:33:41-05:00,,si,"remoto sin pais, confirmar elegibilidad",desarrollo,0,"stack 1.6 (bruto 4) | seniority 0 (top, desarrollo) | contexto 0",KNOCKOUT: stack 1.6 bajo el piso de 2.0 || KNOCKOUT: seniority 'top' fuera de alcance en rol de desarrollo,nueva,
1264,greenhouse:gitlab:8695969002,gitlab:solutionsarchitect,GitLab,greenhouse,gitlab,8695969002,Solutions Architect,"Remote, Germany",https://job-boards.greenhouse.io/gitlab/jobs/8695969002,2026-09-01T09:35:57-04:00,2026-09-21T16:33:41-05:00,,no,ubicacion fuera de Colombia/LATAM/remoto global,automatizacion,,,,nueva,
1265,greenhouse:gitlab:8656506002,gitlab:solutionsarchitectfrance,GitLab,greenhouse,gitlab,8656506002,Solutions Architect - France,"Remote, France",https://job-boards.greenhouse.io/gitlab/jobs/8656506002,2026-07-30T11:23:03-04:00,2026-09-21T16:33:41-05:00,2026-09-22,no,ubicacion fuera de Colombia/LATAM/remoto global,automatizacion,,,,nueva,
1266,greenhouse:gitlab:8790538002,gitlab:solutionsarchitectmanagerpublicsector,GitLab,greenhouse,gitlab,8790538002,"Solutions Architect, Manager - Public Sector","Remote, United States",https://job-boards.greenhouse.io/gitlab/jobs/8790538002,2026-09-11T16:32:18-04:00,2026-09-21T16:33:41-05:00,,no,ubicacion fuera de Colombia/LATAM/remoto global,automatizacion,,,,nueva,
1267,greenhouse:gitlab:8611700002,gitlab:solutionsarchitectmena,GitLab,greenhouse,gitlab,8611700002,Solutions Architect - MENA,"Remote, KSA; Remote, UAE",https://job-boards.greenhouse.io/gitlab/jobs/8611700002,2026-07-20T07:59:55-04:00,2026-09-21T16:33:41-05:00,,no,ubicacion fuera de Colombia/LATAM/remoto global,automatizacion,,,,nueva,
1268,greenhouse:gitlab:8790680002,gitlab:solutionsarchitectpublicsectoreast,GitLab,greenhouse,gitlab,8790680002,"Solutions Architect, Public Sector - East",Remote,https://job-boards.greenhouse.io/gitlab/jobs/8790680002,2026-09-15T14:14:35-04:00,2026-09-21T16:33:41-05:00,,si,"remoto sin pais, confirmar elegibilidad",automatizacion,0,"stack 1.6 (bruto 4) | seniority 4 (lead, automatizacion) | contexto 0","KNOCKOUT: stack 1.6 bajo el piso de 2.0 || BRECHA: titulo 'lead' en rol de automatizacion || RIESGO: menciona presencial/hibrido, confirmar",nueva,
1269,greenhouse:gitlab:8790317002,gitlab:solutionsarchitectpublicsectorwest,GitLab,greenhouse,gitlab,8790317002,"Solutions Architect, Public Sector - West","Remote, United States",https://job-boards.greenhouse.io/gitlab/jobs/8790317002,2026-09-15T12:15:47-04:00,2026-09-21T16:33:41-05:00,,no,ubicacion fuera de Colombia/LATAM/remoto global,automatizacion,,,,nueva,
1270,greenhouse:gitlab:8773381002,gitlab:staffbackendengineeramer,GitLab,greenhouse,gitlab,8773381002,"Staff Backend Engineer, AMER","Remote, Canada; Remote, United States",https://job-boards.greenhouse.io/gitlab/jobs/8773381002,2026-09-02T14:48:02-04:00,2026-09-21T16:33:41-05:00,,no,ubicacion fuera de Colombia/LATAM/remoto global,desarrollo,,,,nueva,
1271,greenhouse:gitlab:8646544002,gitlab:staffbackendengineerarchitectureengineeringnonlinearproductivity,GitLab,greenhouse,gitlab,8646544002,"Staff Backend Engineer, Architecture Engineering: Nonlinear Productivity","Remote, Canada; Remote, United States",https://job-boards.greenhouse.io/gitlab/jobs/8646544002,2026-08-05T20:44:04-04:00,2026-09-21T16:33:41-05:00,,no,ubicacion fuera de Colombia/LATAM/remoto global,desarrollo,,,,nueva,
1272,greenhouse:gitlab:8689236002,gitlab:staffbackendengineercoredevops,GitLab,greenhouse,gitlab,8689236002,"Staff Backend Engineer, Core DevOps","Remote, Canada; Remote, United States",https://job-boards.greenhouse.io/gitlab/jobs/8689236002,2026-09-18T09:19:22-04:00,2026-09-21T16:33:41-05:00,,no,ubicacion fuera de Colombia/LATAM/remoto global,desarrollo,,,,nueva,
1273,greenhouse:gitlab:8770702002,gitlab:staffbackendengineerdatabaseautomationgo,GitLab,greenhouse,gitlab,8770702002,"Staff Backend Engineer, Database Automation (Go)","Remote, Canada; Remote, United States",https://job-boards.greenhouse.io/gitlab/jobs/8770702002,2026-09-09T14:06:57-04:00,2026-09-21T16:33:41-05:00,,no,ubicacion fuera de Colombia/LATAM/remoto global,automatizacion,,,,nueva,
1274,greenhouse:gitlab:8716271002,gitlab:staffbackendengineerdatabasechangemanagement,GitLab,greenhouse,gitlab,8716271002,Staff Backend Engineer - Database Change Management,"Bangalore, India",https://job-boards.greenhouse.io/gitlab/jobs/8716271002,2026-08-24T07:37:45-04:00,2026-09-21T16:33:41-05:00,,no,ubicacion fuera de Colombia/LATAM/remoto global,desarrollo,,,,nueva,
1275,greenhouse:gitlab:8490477002,gitlab:staffbackendengineerdeveloperexperience,GitLab,greenhouse,gitlab,8490477002,"Staff Backend Engineer, Developer Experience","Remote, Canada; Remote, United Kingdom; Remote, US",https://job-boards.greenhouse.io/gitlab/jobs/8490477002,2026-04-07T15:23:23-04:00,2026-09-21T16:33:41-05:00,,no,ubicacion fuera de Colombia/LATAM/remoto global,desarrollo,,,,nueva,
1276,greenhouse:gitlab:8775039002,gitlab:staffbackendengineeremea,GitLab,greenhouse,gitlab,8775039002,"Staff Backend Engineer, EMEA","Remote, United Kingdom",https://job-boards.greenhouse.io/gitlab/jobs/8775039002,2026-09-02T14:48:43-04:00,2026-09-21T16:33:41-05:00,,no,ubicacion fuera de Colombia/LATAM/remoto global,desarrollo,,,,nueva,
1277,greenhouse:gitlab:8777342002,gitlab:staffbackendengineeremea,GitLab,greenhouse,gitlab,8777342002,"Staff Backend Engineer, EMEA","Remote, Poland",https://job-boards.greenhouse.io/gitlab/jobs/8777342002,2026-09-02T14:48:44-04:00,2026-09-21T16:33:41-05:00,,no,ubicacion fuera de Colombia/LATAM/remoto global,desarrollo,,,,nueva,
1278,greenhouse:gitlab:8463922002,gitlab:staffbackendengineergitlabdeliveryupgrades,GitLab,greenhouse,gitlab,8463922002,"Staff Backend Engineer, Gitlab Delivery: Upgrades","Bangalore, India",https://job-boards.greenhouse.io/gitlab/jobs/8463922002,2026-03-22T03:10:27-04:00,2026-09-21T16:33:41-05:00,2026-09-22,no,ubicacion fuera de Colombia/LATAM/remoto global,desarrollo,,,,nueva,
1279,greenhouse:gitlab:8646573002,gitlab:staffbackendengineerrubyaiengineeringdaprepositoryflows,GitLab,greenhouse,gitlab,8646573002,"Staff Backend Engineer (Ruby), AI Engineering: DAP Repository Flows","Remote, Canada; Remote, United States",https://job-boards.greenhouse.io/gitlab/jobs/8646573002,2026-08-07T21:00:24-04:00,2026-09-21T16:33:41-05:00,,no,ubicacion fuera de Colombia/LATAM/remoto global,desarrollo,,,,nueva,
1280,greenhouse:gitlab:8763503002,gitlab:staffcommercialpricingstrategist,GitLab,greenhouse,gitlab,8763503002,Staff Commercial Pricing Strategist,"Remote, Canada; Remote, United States",https://job-boards.greenhouse.io/gitlab/jobs/8763503002,2026-09-02T01:05:50-04:00,2026-09-21T16:33:41-05:00,,no,titulo fuera de perfil,desarrollo,,,,nueva,
1281,greenhouse:gitlab:8734888002,gitlab:staffcorporatesecurityengineer,GitLab,greenhouse,gitlab,8734888002,Staff Corporate Security Engineer,"Remote, Canada; Remote, United States",https://job-boards.greenhouse.io/gitlab/jobs/8734888002,2026-08-24T15:52:44-04:00,2026-09-21T16:33:41-05:00,,no,ubicacion fuera de Colombia/LATAM/remoto global,desarrollo,,,,nueva,
1282,greenhouse:gitlab:8638295002,gitlab:staffengineerpeopletechnology,GitLab,greenhouse,gitlab,8638295002,"Staff Engineer, People Technology","Remote, Canada; Remote, United States",https://job-boards.greenhouse.io/gitlab/jobs/8638295002,2026-07-22T12:58:09-04:00,2026-09-21T16:33:41-05:00,,no,ubicacion fuera de Colombia/LATAM/remoto global,desarrollo,,,,nueva,
1283,greenhouse:gitlab:8512432002,gitlab:staffforwarddeployedengineer,GitLab,greenhouse,gitlab,8512432002,Staff Forward Deployed Engineer,"Remote, US",https://job-boards.greenhouse.io/gitlab/jobs/8512432002,2026-07-20T16:13:39-04:00,2026-09-21T16:33:41-05:00,,no,ubicacion fuera de Colombia/LATAM/remoto global,automatizacion,,,,nueva,
1284,greenhouse:gitlab:8739391002,gitlab:stafffullstackengineerrubyvuejsmonetizationengineeringpurchase,GitLab,greenhouse,gitlab,8739391002,Staff Fullstack Engineer (Ruby/Vue.js) Monetization Engineering: Purchase,"Remote, Canada; Remote, United States",https://job-boards.greenhouse.io/gitlab/jobs/8739391002,2026-08-31T20:09:38-04:00,2026-09-21T16:33:41-05:00,,no,ubicacion fuera de Colombia/LATAM/remoto global,desarrollo,,,,nueva,
1285,greenhouse:gitlab:8514960002,gitlab:staffinfrastructuresecurityengineeremeaapj,GitLab,greenhouse,gitlab,8514960002,Staff Infrastructure Security Engineer (EMEA/APJ),"Remote, India; Remote, Israel; Remote, Poland; Remote, United Kingdom",https://job-boards.greenhouse.io/gitlab/jobs/8514960002,2026-04-27T12:03:04-04:00,2026-09-21T16:33:41-05:00,,no,ubicacion fuera de Colombia/LATAM/remoto global,desarrollo,,,,nueva,
1286,greenhouse:gitlab:8769103002,gitlab:staffinfrastructuresecurityengineerusa,GitLab,greenhouse,gitlab,8769103002,Staff Infrastructure Security Engineer (USA),"Remote, United States",https://job-boards.greenhouse.io/gitlab/jobs/8769103002,2026-09-02T14:15:11-04:00,2026-09-21T16:33:41-05:00,,no,ubicacion fuera de Colombia/LATAM/remoto global,desarrollo,,,,nueva,
1287,greenhouse:gitlab:8612937002,gitlab:staffproductmanagerrevopsfinancesystems,GitLab,greenhouse,gitlab,8612937002,"Staff Product Manager,  RevOps & Finance Systems","Remote, US",https://job-boards.greenhouse.io/gitlab/jobs/8612937002,2026-07-08T08:39:12-04:00,2026-09-21T16:33:41-05:00,,no,titulo fuera de perfil,desarrollo,,,,nueva,
1288,greenhouse:gitlab:8822279002,gitlab:staffprogrammanagerccoprograms,GitLab,greenhouse,gitlab,8822279002,"Staff Program Manager, CCO Programs","Remote, Canada; Remote, United States",https://job-boards.greenhouse.io/gitlab/jobs/8822279002,2026-09-18T16:39:16-04:00,2026-09-21T16:33:41-05:00,,no,titulo fuera de perfil,desarrollo,,,,nueva,
1289,greenhouse:gitlab:8782153002,gitlab:staffsecurityresearcher,GitLab,greenhouse,gitlab,8782153002,Staff Security Researcher,"Remote, Canada; Remote, Israel; Remote, United Kingdom; Remote, United States",https://job-boards.greenhouse.io/gitlab/jobs/8782153002,2026-09-05T13:56:27-04:00,2026-09-21T16:33:41-05:00,,no,titulo fuera de perfil,desarrollo,,,,nueva,
1290,greenhouse:gitlab:8800489002,gitlab:staffsitereliabilityengineerenvironmentautomation,GitLab,greenhouse,gitlab,8800489002,"Staff Site Reliability Engineer, Environment Automation","Bangalore, India",https://job-boards.greenhouse.io/gitlab/jobs/8800489002,2026-09-18T09:47:37-04:00,2026-09-21T16:33:41-05:00,,no,ubicacion fuera de Colombia/LATAM/remoto global,automatizacion,,,,nueva,
1291,greenhouse:gitlab:8615268002,gitlab:staffsitereliabilityengineermonitoringandanomalydetectionmonetization,GitLab,greenhouse,gitlab,8615268002,Staff Site Reliability Engineer - Monitoring and Anomaly Detection (Monetization),"Bangalore, India",https://job-boards.greenhouse.io/gitlab/jobs/8615268002,2026-08-16T09:04:52-04:00,2026-09-21T16:33:41-05:00,,no,ubicacion fuera de Colombia/LATAM/remoto global,desarrollo,,,,nueva,
1292,greenhouse:gitlab:8604630002,gitlab:strategicaccountexecutiveaisanfrancisco,GitLab,greenhouse,gitlab,8604630002,"Strategic Account Executive, AI - San Francisco","Remote, US",https://job-boards.greenhouse.io/gitlab/jobs/8604630002,2026-07-01T14:12:19-04:00,2026-09-21T16:33:41-05:00,,no,ubicacion fuera de Colombia/LATAM/remoto global,desarrollo,,,,nueva,
1293,greenhouse:gitlab:8637995002,gitlab:strategicaccountexecutivemena,GitLab,greenhouse,gitlab,8637995002,Strategic Account Executive - MENA,"Remote, KSA; Remote, UAE",https://job-boards.greenhouse.io/gitlab/jobs/8637995002,2026-07-22T05:52:22-04:00,2026-09-21T16:33:41-05:00,,no,titulo fuera de perfil,desarrollo,,,,nueva,
1294,greenhouse:gitlab:8786425002,gitlab:strategicaccountexecutivenortheast,GitLab,greenhouse,gitlab,8786425002,"Strategic Account Executive, Northeast","Remote, United States",https://job-boards.greenhouse.io/gitlab/jobs/8786425002,2026-09-11T16:06:01-04:00,2026-09-21T16:33:41-05:00,,no,titulo fuera de perfil,desarrollo,,,,nueva,
1295,greenhouse:gitlab:8675560002,gitlab:strategicaccountexecutivepoland,GitLab,greenhouse,gitlab,8675560002,"Strategic Account Executive, Poland",Remote,https://job-boards.greenhouse.io/gitlab/jobs/8675560002,2026-08-10T07:18:09-04:00,2026-09-21T16:33:41-05:00,,no,titulo fuera de perfil,desarrollo,,,,nueva,
1296,greenhouse:gitlab:8789017002,gitlab:strategicaccountexecutivepoland,GitLab,greenhouse,gitlab,8789017002,"Strategic Account Executive, Poland","Remote, Poland",https://job-boards.greenhouse.io/gitlab/jobs/8789017002,2026-09-09T04:50:17-04:00,2026-09-21T16:33:41-05:00,,no,titulo fuera de perfil,desarrollo,,,,nueva,
1297,greenhouse:gitlab:8706202002,gitlab:strategicaccountexecutiveseattle,GitLab,greenhouse,gitlab,8706202002,Strategic Account Executive - Seattle,"Remote, United States",https://job-boards.greenhouse.io/gitlab/jobs/8706202002,2026-08-17T13:42:34-04:00,2026-09-21T16:33:41-05:00,,no,titulo fuera de perfil,desarrollo,,,,nueva,
1298,greenhouse:gitlab:8656848002,gitlab:strategicaccountexecutivesoutheast,GitLab,greenhouse,gitlab,8656848002,"Strategic Account Executive, Southeast","Remote, United States",https://job-boards.greenhouse.io/gitlab/jobs/8656848002,2026-07-31T17:08:56-04:00,2026-09-21T16:33:41-05:00,2026-09-21,no,titulo fuera de perfil,desarrollo,,,,nueva,
1299,greenhouse:gitlab:8617751002,gitlab:strategicaccountexecutiveturkey,GitLab,greenhouse,gitlab,8617751002,Strategic Account Executive - Turkey,"Remote Ireland; Remote, France; Remote, Germany; Remote, Italy; Remote, Spain; Remote, United Kingdom",https://job-boards.greenhouse.io/gitlab/jobs/8617751002,2026-07-16T04:30:59-04:00,2026-09-21T16:33:41-05:00,,no,titulo fuera de perfil,desarrollo,,,,nueva,
1300,greenhouse:gitlab:8609979002,gitlab:strategicaccountexecutiveturkey,GitLab,greenhouse,gitlab,8609979002,Strategic Account Executive - Turkey,"Remote, Turkey",https://job-boards.greenhouse.io/gitlab/jobs/8609979002,2026-07-17T08:53:06-04:00,2026-09-21T16:33:41-05:00,,no,titulo fuera de perfil,desarrollo,,,,nueva,
1301,greenhouse:gitlab:8654230002,gitlab:supportengineeramer,GitLab,greenhouse,gitlab,8654230002,Support Engineer (AMER),"Remote, Canada; Remote, United States",https://job-boards.greenhouse.io/gitlab/jobs/8654230002,2026-07-31T14:26:58-04:00,2026-09-21T16:33:41-05:00,,no,ubicacion fuera de Colombia/LATAM/remoto global,desarrollo,,,,nueva,
1302,greenhouse:gitlab:8707353002,gitlab:supportengineerusgovernmentsupport,GitLab,greenhouse,gitlab,8707353002,"Support Engineer, U.S. Government Support","Remote, United States",https://job-boards.greenhouse.io/gitlab/jobs/8707353002,2026-08-21T13:48:35-04:00,2026-09-21T16:33:41-05:00,,no,ubicacion fuera de Colombia/LATAM/remoto global,desarrollo,,,,nueva,
1303,greenhouse:gitlab:8753664002,gitlab:talentbrandmanager,GitLab,greenhouse,gitlab,8753664002,Talent Brand Manager,"Remote; Remote, Canada; Remote, United States",https://job-boards.greenhouse.io/gitlab/jobs/8753664002,2026-09-03T20:35:55-04:00,2026-09-21T16:33:41-05:00,,no,titulo fuera de perfil,desarrollo,,,,nueva,
1304,greenhouse:gitlab:8638246002,gitlab:techoperationsspecialist,GitLab,greenhouse,gitlab,8638246002,Tech Operations Specialist,"Remote, United States",https://job-boards.greenhouse.io/gitlab/jobs/8638246002,2026-07-22T13:32:20-04:00,2026-09-21T16:33:41-05:00,,no,titulo fuera de perfil,automatizacion,,,,nueva,
1305,greenhouse:gitlab:8591223002,gitlab:territorysalesmanager,GitLab,greenhouse,gitlab,8591223002,Territory Sales Manager,"Remote, Japan",https://job-boards.greenhouse.io/gitlab/jobs/8591223002,2026-08-05T21:17:30-04:00,2026-09-21T16:33:41-05:00,,no,titulo fuera de perfil,desarrollo,,,,nueva,
1306,greenhouse:turing:6128357004,turing:aiengagementlead,Turing,greenhouse,turing,6128357004,AI Engagement Lead,"New York, New York, United States",https://job-boards.greenhouse.io/turing/jobs/6128357004,2026-08-17T12:55:11-04:00,2026-09-21T16:33:41-05:00,,no,ubicacion fuera de Colombia/LATAM/remoto global,desarrollo,,,,nueva,
1307,greenhouse:turing:6123046004,turing:chiefofstaffceosoffice,Turing,greenhouse,turing,6123046004,Chief of Staff (CEO's Office),"Palo Alto, California, United States; San Francisco, California, United States",https://job-boards.greenhouse.io/turing/jobs/6123046004,2026-07-23T16:54:18-04:00,2026-09-21T16:33:41-05:00,,no,titulo fuera de perfil,desarrollo,,,,nueva,
1308,greenhouse:turing:5652980004,turing:clientdirectorfrontierdataus,Turing,greenhouse,turing,5652980004,"Client Director, Frontier Data - US","Palo Alto, California, United States; San Francisco, California, United States",https://job-boards.greenhouse.io/turing/jobs/5652980004,2025-09-20T12:59:44-04:00,2026-09-21T16:33:41-05:00,,no,ubicacion fuera de Colombia/LATAM/remoto global,desarrollo,,,,nueva,
1309,greenhouse:turing:5991747004,turing:communitymanager,Turing,greenhouse,turing,5991747004,Community Manager,"São Paulo, Brazil",https://job-boards.greenhouse.io/turing/jobs/5991747004,2026-06-22T11:34:06-04:00,2026-09-21T16:33:41-05:00,,no,titulo fuera de perfil,desarrollo,,,,nueva,
1310,greenhouse:turing:6186761004,turing:engagementmanager,Turing,greenhouse,turing,6186761004,Engagement Manager,"New York, New York, United States",https://job-boards.greenhouse.io/turing/jobs/6186761004,2026-09-15T18:28:30-04:00,2026-09-21T16:33:41-05:00,,no,titulo fuera de perfil,desarrollo,,,,nueva,
1311,greenhouse:turing:6202888004,turing:executiveassistantdomaingmsrd,Turing,greenhouse,turing,6202888004,"Executive Assistant (Domain GMs, R&D)","Colombia, Huila, Colombia",https://job-boards.greenhouse.io/turing/jobs/6202888004,2026-09-21T12:10:36-04:00,2026-09-21T16:33:41-05:00,2026-09-23,no,titulo fuera de perfil,desarrollo,,,,nueva,
1312,greenhouse:turing:6192730004,turing:forwarddeployedaiengineer,Turing,greenhouse,turing,6192730004,Forward Deployed AI Engineer,"New York, New York, United States",https://job-boards.greenhouse.io/turing/jobs/6192730004,2026-09-17T18:40:50-04:00,2026-09-21T16:33:41-05:00,,no,ubicacion fuera de Colombia/LATAM/remoto global,automatizacion,,,,nueva,
1313,greenhouse:turing:6198600004,turing:investigationsanalyst,Turing,greenhouse,turing,6198600004,Investigations Analyst,Global - Remote,https://job-boards.greenhouse.io/turing/jobs/6198600004,2026-09-18T14:09:41-04:00,2026-09-21T16:33:41-05:00,,no,titulo fuera de perfil,desarrollo,,,,nueva,
1314,greenhouse:turing:6198592004,turing:investigationsanalyst,Turing,greenhouse,turing,6198592004,Investigations Analyst,Global - Remote,https://job-boards.greenhouse.io/turing/jobs/6198592004,2026-09-18T14:09:19-04:00,2026-09-21T16:33:41-05:00,,no,titulo fuera de perfil,desarrollo,,,,nueva,
1315,greenhouse:turing:6150811004,turing:productmanagerfinance,Turing,greenhouse,turing,6150811004,"Product Manager, Finance","New York, New York, United States",https://job-boards.greenhouse.io/turing/jobs/6150811004,2026-08-25T16:29:31-04:00,2026-09-21T16:33:41-05:00,,no,titulo fuera de perfil,desarrollo,,,,nueva,
1316,greenhouse:turing:5819904004,turing:researchengineer,Turing,greenhouse,turing,5819904004,Research Engineer,Brazil,https://job-boards.greenhouse.io/turing/jobs/5819904004,2026-03-23T10:47:08-04:00,2026-09-21T16:33:41-05:00,,no,ubicacion fuera de Colombia/LATAM/remoto global,desarrollo,,,,nueva,
1317,greenhouse:turing:5819908004,turing:researchengineer,Turing,greenhouse,turing,5819908004,Research Engineer,"Colombia, Huila, Colombia",https://job-boards.greenhouse.io/turing/jobs/5819908004,2026-03-23T10:50:12-04:00,2026-09-21T16:33:41-05:00,,si,ubicacion compatible,desarrollo,4,"stack 2.8 (bruto 7) | seniority 6 (sin_marca, desarrollo) | contexto 4",BRECHA: piden 4+ anos de experiencia,nueva,
1318,greenhouse:turing:6162081004,turing:seniorproductmarketingmanager,Turing,greenhouse,turing,6162081004,Senior Product Marketing Manager,"Palo Alto, California, United States; San Francisco, California, United States; United States",https://job-boards.greenhouse.io/turing/jobs/6162081004,2026-08-25T18:40:53-04:00,2026-09-21T16:33:41-05:00,,no,titulo fuera de perfil,desarrollo,,,,nueva,
1319,greenhouse:turing:5703798004,turing:seniorresearchengineer,Turing,greenhouse,turing,5703798004,Senior Research Engineer,"Palo Alto, California, United States; San Francisco, California, United States; Seattle, Washington, United States",https://job-boards.greenhouse.io/turing/jobs/5703798004,2025-11-10T18:24:42-05:00,2026-09-21T16:33:41-05:00,,no,ubicacion fuera de Colombia/LATAM/remoto global,desarrollo,,,,nueva,
1320,greenhouse:turing:5822280004,turing:staffresearchengineer,Turing,greenhouse,turing,5822280004,Staff Research Engineer,"Palo Alto, California, United States; San Francisco, California, United States; Seattle, Washington, United States",https://job-boards.greenhouse.io/turing/jobs/5822280004,2026-03-09T14:23:14-04:00,2026-09-21T16:33:41-05:00,,no,ubicacion fuera de Colombia/LATAM/remoto global,desarrollo,,,,nueva,
1321,greenhouse:turing:5703799004,turing:staffresearchengineer,Turing,greenhouse,turing,5703799004,Staff Research Engineer,"Palo Alto, California, United States; San Francisco, California, United States; Seattle, Washington, United States",https://job-boards.greenhouse.io/turing/jobs/5703799004,2025-11-11T10:54:03-05:00,2026-09-21T16:33:41-05:00,,no,ubicacion fuera de Colombia/LATAM/remoto global,desarrollo,,,,nueva,
1322,greenhouse:turing:6115701004,turing:staffsoftwareengineer,Turing,greenhouse,turing,6115701004,Staff Software Engineer,India - Remote,https://job-boards.greenhouse.io/turing/jobs/6115701004,2026-07-15T12:26:19-04:00,2026-09-21T16:33:41-05:00,,no,ubicacion fuera de Colombia/LATAM/remoto global,desarrollo,,,,nueva,
1323,greenhouse:turing:6142224004,turing:strategicprojectleadcode,Turing,greenhouse,turing,6142224004,Strategic Project Lead - Code,India - Remote,https://job-boards.greenhouse.io/turing/jobs/6142224004,2026-08-26T12:35:54-04:00,2026-09-21T16:33:41-05:00,,no,titulo fuera de perfil,desarrollo,,,,nueva,
1324,greenhouse:turing:6145673004,turing:strategicprojectleadsoftwareengineering,Turing,greenhouse,turing,6145673004,"Strategic Project Lead, Software Engineering","New York, New York, United States; San Francisco, California, United States; Seattle, Washington, United States",https://job-boards.greenhouse.io/turing/jobs/6145673004,2026-08-17T17:32:30-04:00,2026-09-21T16:33:41-05:00,,no,ubicacion fuera de Colombia/LATAM/remoto global,desarrollo,,,,nueva,
1325,greenhouse:turing:6114235004,turing:technicalbusinessanalyst,Turing,greenhouse,turing,6114235004,Technical Business Analyst,"New York, New York, United States",https://job-boards.greenhouse.io/turing/jobs/6114235004,2026-07-11T20:38:05-04:00,2026-09-21T16:33:41-05:00,,no,ubicacion fuera de Colombia/LATAM/remoto global,desarrollo,,,,nueva,
1326,ashby:nubank:262a63ba-5d2d-4b9d-a1ed-b5d92557cd57,nubank:leadsoftwareengineercloudnetwork,Nubank,ashby,nubank,262a63ba-5d2d-4b9d-a1ed-b5d92557cd57,Lead Software Engineer (CloudNetwork),Miami / Virginia / Durham,https://jobs.ashbyhq.com/nubank/262a63ba-5d2d-4b9d-a1ed-b5d92557cd57,2026-09-20T19:59:47.781+00:00,2026-09-21T16:33:41-05:00,,no,ubicacion fuera de Colombia/LATAM/remoto global,desarrollo,,,,nueva,
1327,ashby:nubank:88dbd5e0-f337-47eb-bf57-4c278ab42085,nubank:leadsecurityengineerthreatdetection,Nubank,ashby,nubank,88dbd5e0-f337-47eb-bf57-4c278ab42085,Lead Security Engineer (Threat Detection),São Paulo,https://jobs.ashbyhq.com/nubank/88dbd5e0-f337-47eb-bf57-4c278ab42085,2026-09-20T20:17:07.171+00:00,2026-09-21T16:33:41-05:00,,no,ubicacion fuera de Colombia/LATAM/remoto global,desarrollo,,,,nueva,
1328,ashby:nubank:d9b8d4f0-628b-417b-a5d9-448c8aee696e,nubank:amlanalyticsexpert,Nubank,ashby,nubank,d9b8d4f0-628b-417b-a5d9-448c8aee696e,AML Analytics Expert,Ciudad de México,https://jobs.ashbyhq.com/nubank/d9b8d4f0-628b-417b-a5d9-448c8aee696e,2026-09-21T16:41:52.808+00:00,2026-09-21T16:33:41-05:00,,no,titulo fuera de perfil,desarrollo,,,,nueva,
1329,ashby:nubank:97701267-dbe1-4c24-b783-20e2997715c0,nubank:staffproductdesigneraiprivatebanker,Nubank,ashby,nubank,97701267-dbe1-4c24-b783-20e2997715c0,"Staff Product Designer, AI Private Banker",Palo Alto / Virginia / Miami / Durham,https://jobs.ashbyhq.com/nubank/97701267-dbe1-4c24-b783-20e2997715c0,2026-09-21T15:17:13.353+00:00,2026-09-21T16:33:41-05:00,,no,ubicacion fuera de Colombia/LATAM/remoto global,desarrollo,,,,nueva,
1330,ashby:nubank:26140397-e042-4d2e-9c84-9ee400de6da9,nubank:leadsoftwareengineersre,Nubank,ashby,nubank,26140397-e042-4d2e-9c84-9ee400de6da9,Lead Software Engineer - SRE,Miami,https://jobs.ashbyhq.com/nubank/26140397-e042-4d2e-9c84-9ee400de6da9,2026-07-20T11:35:01.642+00:00,2026-09-21T16:33:41-05:00,2026-09-22,no,ubicacion fuera de Colombia/LATAM/remoto global,desarrollo,,,,nueva,
1331,ashby:nubank:857cd146-2988-4c87-907d-558aa7001a72,nubank:staffsoftwareengineercryptosvusic72026,Nubank,ashby,nubank,857cd146-2988-4c87-907d-558aa7001a72,"Staff Software Engineer (Crypto, SV) - US - IC7 - 2026",Palo Alto,https://jobs.ashbyhq.com/nubank/857cd146-2988-4c87-907d-558aa7001a72,2026-08-22T12:27:00.150+00:00,2026-09-21T16:33:41-05:00,,no,ubicacion fuera de Colombia/LATAM/remoto global,desarrollo,,,,nueva,
1332,ashby:nubank:d9d8a861-675c-4f43-819e-ccaf58bf23af,nubank:seniorstaffsoftwareengineercryptosvic8us2026,Nubank,ashby,nubank,d9d8a861-675c-4f43-819e-ccaf58bf23af,"Senior Staff Software Engineer (Crypto, SV) - IC8+ - US - 2026",Palo Alto,https://jobs.ashbyhq.com/nubank/d9d8a861-675c-4f43-819e-ccaf58bf23af,2026-08-22T12:25:31.188+00:00,2026-09-21T16:33:41-05:00,,no,ubicacion fuera de Colombia/LATAM/remoto global,desarrollo,,,,nueva,
1333,ashby:nubank:f54964e0-80b5-46c1-8b30-5a92d2b47126,nubank:leadmobileengineer,Nubank,ashby,nubank,f54964e0-80b5-46c1-8b30-5a92d2b47126,Lead Mobile Engineer,Palo Alto,https://jobs.ashbyhq.com/nubank/f54964e0-80b5-46c1-8b30-5a92d2b47126,2026-08-22T12:24:29.923+00:00,2026-09-21T16:33:41-05:00,,no,ubicacion fuera de Colombia/LATAM/remoto global,desarrollo,,,,nueva,
1334,ashby:nubank:126ab0a6-3bec-4ad6-a189-19d4127f79d8,nubank:staffsoftwareengineermexico,Nubank,ashby,nubank,126ab0a6-3bec-4ad6-a189-19d4127f79d8,Staff Software Engineer - Mexico,Ciudad de México,https://jobs.ashbyhq.com/nubank/126ab0a6-3bec-4ad6-a189-19d4127f79d8,2026-07-20T11:43:52.281+00:00,2026-09-21T16:33:41-05:00,,no,ubicacion fuera de Colombia/LATAM/remoto global,desarrollo,,,,nueva,
1335,ashby:nubank:f2168974-d84b-4167-8991-af808ff74b59,nubank:seniorproductdesigner,Nubank,ashby,nubank,f2168974-d84b-4167-8991-af808ff74b59,Senior Product Designer,Miami / Palo Alto,https://jobs.ashbyhq.com/nubank/f2168974-d84b-4167-8991-af808ff74b59,2026-08-14T17:20:48.576+00:00,2026-09-21T16:33:41-05:00,,no,titulo fuera de perfil,desarrollo,,,,nueva,
1336,ashby:nubank:268e385a-35a4-442b-8078-2bd36d5491ab,nubank:engineeringdirectoraideveloperexperienceaide,Nubank,ashby,nubank,268e385a-35a4-442b-8078-2bd36d5491ab,"Engineering Director, AI Developer Experience (AIDE)",Palo Alto,https://jobs.ashbyhq.com/nubank/268e385a-35a4-442b-8078-2bd36d5491ab,2026-07-20T11:33:29.273+00:00,2026-09-21T16:33:41-05:00,,no,ubicacion fuera de Colombia/LATAM/remoto global,desarrollo,,,,nueva,
1337,ashby:nubank:0e0a0850-ac28-4dec-9ff3-8b9cb9273802,nubank:techleadsoftwareengineer,Nubank,ashby,nubank,0e0a0850-ac28-4dec-9ff3-8b9cb9273802,Tech Lead Software Engineer,Toronto,https://jobs.ashbyhq.com/nubank/0e0a0850-ac28-4dec-9ff3-8b9cb9273802,2026-07-20T11:46:54.396+00:00,2026-09-21T16:33:41-05:00,,no,ubicacion fuera de Colombia/LATAM/remoto global,desarrollo,,,,nueva,
1338,ashby:nubank:affdd54e-b0ab-4857-8401-36bb45c6d6f1,nubank:seniorsecurityengineerblockchainsecurity,Nubank,ashby,nubank,affdd54e-b0ab-4857-8401-36bb45c6d6f1,Senior Security Engineer (Blockchain Security),São Paulo / Campinas / Belo Horizonte / Rio de Janeiro,https://jobs.ashbyhq.com/nubank/affdd54e-b0ab-4857-8401-36bb45c6d6f1,2026-07-17T22:01:31.374+00:00,2026-09-21T16:33:41-05:00,,no,ubicacion fuera de Colombia/LATAM/remoto global,desarrollo,,,,nueva,
1339,ashby:nubank:ac003ba3-087b-4649-b5ee-c44109b29cc5,nubank:staffmachinelearningengineer,Nubank,ashby,nubank,ac003ba3-087b-4649-b5ee-c44109b29cc5,Staff Machine Learning Engineer,Palo Alto,https://jobs.ashbyhq.com/nubank/ac003ba3-087b-4649-b5ee-c44109b29cc5,2026-07-20T11:50:26.327+00:00,2026-09-21T16:33:41-05:00,,no,ubicacion fuera de Colombia/LATAM/remoto global,desarrollo,,,,nueva,
1340,ashby:nubank:78629547-5b83-4cd3-a52a-9d1000426aac,nubank:leadsoftwareengineerbogotacolombiahybrid,Nubank,ashby,nubank,78629547-5b83-4cd3-a52a-9d1000426aac,"Lead Software Engineer – Bogotá, Colombia (Hybrid)",Bogota,https://jobs.ashbyhq.com/nubank/78629547-5b83-4cd3-a52a-9d1000426aac,2026-07-20T13:18:11.568+00:00,2026-09-21T16:33:41-05:00,,si,ubicacion compatible,desarrollo,0,"stack 0.8 (bruto 2) | seniority 0 (lead, desarrollo) | contexto 8","KNOCKOUT: stack 0.8 bajo el piso de 2.0 || KNOCKOUT: seniority 'lead' fuera de alcance en rol de desarrollo || BRECHA: piden 8+ anos de experiencia || RIESGO: exigen ingles alto || RIESGO: menciona presencial/hibrido, confirmar",nueva,
1341,ashby:nubank:9d20253b-e946-4554-afab-f115c5a7b8db,nubank:leadsoftwareengineermexicocity,Nubank,ashby,nubank,9d20253b-e946-4554-afab-f115c5a7b8db,Lead Software Engineer - Mexico City,Ciudad de México,https://jobs.ashbyhq.com/nubank/9d20253b-e946-4554-afab-f115c5a7b8db,2026-07-19T23:13:30.532+00:00,2026-09-21T16:33:41-05:00,,no,ubicacion fuera de Colombia/LATAM/remoto global,desarrollo,,,,nueva,
1342,ashby:nubank:903bba47-c9c3-4589-a068-0d2d49caabf0,nubank:staffproductdesigner,Nubank,ashby,nubank,903bba47-c9c3-4589-a068-0d2d49caabf0,Staff Product Designer,Palo Alto / Virginia / Miami / Durham,https://jobs.ashbyhq.com/nubank/903bba47-c9c3-4589-a068-0d2d49caabf0,2026-07-19T23:14:53.684+00:00,2026-09-21T16:33:41-05:00,,no,titulo fuera de perfil,desarrollo,,,,nueva,
1343,ashby:nubank:20ae8a5c-6692-41f1-8567-a0446a3a5983,nubank:seniorsoftwareengineer,Nubank,ashby,nubank,20ae8a5c-6692-41f1-8567-a0446a3a5983,Senior Software Engineer,São Paulo / Campinas / Belo Horizonte / Rio de Janeiro,https://jobs.ashbyhq.com/nubank/20ae8a5c-6692-41f1-8567-a0446a3a5983,2026-07-19T23:15:05.812+00:00,2026-09-21T16:33:41-05:00,,no,ubicacion fuera de Colombia/LATAM/remoto global,desarrollo,,,,nueva,
1344,ashby:nubank:048e4138-07ad-477f-8a03-32c6b051123d,nubank:seniorsoftwareengineerbogotacolombiahybrid,Nubank,ashby,nubank,048e4138-07ad-477f-8a03-32c6b051123d,"Senior Software Engineer – Bogotá, Colombia (Hybrid)",Bogota,https://jobs.ashbyhq.com/nubank/048e4138-07ad-477f-8a03-32c6b051123d,2026-07-19T23:12:15.581+00:00,2026-09-21T16:33:41-05:00,,si,ubicacion compatible,desarrollo,0,"stack 0.8 (bruto 2) | seniority 3 (senior, desarrollo) | contexto 8","KNOCKOUT: stack 0.8 bajo el piso de 2.0 || BRECHA: titulo 'senior' en rol de desarrollo || BRECHA: piden 6+ anos de experiencia || RIESGO: exigen ingles alto || RIESGO: menciona presencial/hibrido, confirmar",nueva,
1345,ashby:nubank:2c76d5fa-683a-4ac7-ae9d-598dd8589e66,nubank:seniorsoftwareengineermexicocitymexicohybrid,Nubank,ashby,nubank,2c76d5fa-683a-4ac7-ae9d-598dd8589e66,"Senior Software Engineer – Mexico City, Mexico (Hybrid)",Ciudad de México,https://jobs.ashbyhq.com/nubank/2c76d5fa-683a-4ac7-ae9d-598dd8589e66,2026-07-19T23:17:05.687+00:00,2026-09-21T16:33:41-05:00,,no,ubicacion fuera de Colombia/LATAM/remoto global,desarrollo,,,,nueva,
1346,ashby:nubank:d922ef63-417e-470e-bbd7-c1b22331be69,nubank:businessanalyst,Nubank,ashby,nubank,d922ef63-417e-470e-bbd7-c1b22331be69,Business Analyst,Ciudad de México,https://jobs.ashbyhq.com/nubank/d922ef63-417e-470e-bbd7-c1b22331be69,2026-09-14T19:48:27.214+00:00,2026-09-21T16:33:41-05:00,,no,titulo fuera de perfil,desarrollo,,,,nueva,
1347,ashby:nubank:6eea53ce-509d-41eb-bb30-faa391ad2f5d,nubank:seniorbusinessanalyst,Nubank,ashby,nubank,6eea53ce-509d-41eb-bb30-faa391ad2f5d,Senior Business Analyst,São Paulo / Campinas / Belo Horizonte / Rio de Janeiro,https://jobs.ashbyhq.com/nubank/6eea53ce-509d-41eb-bb30-faa391ad2f5d,2026-09-14T19:26:43.230+00:00,2026-09-21T16:33:41-05:00,,no,titulo fuera de perfil,desarrollo,,,,nueva,
1348,ashby:nubank:693fd9ab-4d48-49c5-8cf8-22acd92d6e1b,nubank:seniorbusinessanalyst,Nubank,ashby,nubank,693fd9ab-4d48-49c5-8cf8-22acd92d6e1b,Senior Business Analyst,Ciudad de México,https://jobs.ashbyhq.com/nubank/693fd9ab-4d48-49c5-8cf8-22acd92d6e1b,2026-09-02T18:21:40.917+00:00,2026-09-21T16:33:41-05:00,,no,titulo fuera de perfil,desarrollo,,,,nueva,
1349,ashby:nubank:fdca5cfd-894e-4691-b03f-507593eb995d,nubank:leadbusinessanalyst,Nubank,ashby,nubank,fdca5cfd-894e-4691-b03f-507593eb995d,Lead Business Analyst,São Paulo,https://jobs.ashbyhq.com/nubank/fdca5cfd-894e-4691-b03f-507593eb995d,2026-07-19T23:22:14.846+00:00,2026-09-21T16:33:41-05:00,,no,titulo fuera de perfil,desarrollo,,,,nueva,
1350,ashby:nubank:fe6a3523-1c36-4c51-9105-65bfda03eaf1,nubank:pessoaengenheiradesoftwareseniorexclusivaparapessoascomdeficiencia,Nubank,ashby,nubank,fe6a3523-1c36-4c51-9105-65bfda03eaf1,Pessoa Engenheira de Software Sênior - exclusiva para Pessoas com Deficiência,São Paulo,https://jobs.ashbyhq.com/nubank/fe6a3523-1c36-4c51-9105-65bfda03eaf1,2026-08-31T14:04:22.263+00:00,2026-09-21T16:33:41-05:00,,no,ubicacion fuera de Colombia/LATAM/remoto global,desarrollo,,,,nueva,
1351,ashby:nubank:9fbf56a9-9273-4519-b7e6-3a69f7481bb7,nubank:seniorsoftwareengineer,Nubank,ashby,nubank,9fbf56a9-9273-4519-b7e6-3a69f7481bb7,Senior Software Engineer,Toronto,https://jobs.ashbyhq.com/nubank/9fbf56a9-9273-4519-b7e6-3a69f7481bb7,2026-07-19T23:25:10.816+00:00,2026-09-21T16:33:41-05:00,,no,ubicacion fuera de Colombia/LATAM/remoto global,desarrollo,,,,nueva,
1352,ashby:nubank:619bfe47-7d60-40b3-9ce9-cc0a4d9d7816,nubank:seniorstaffengineeraicore,Nubank,ashby,nubank,619bfe47-7d60-40b3-9ce9-cc0a4d9d7816,"Senior Staff Engineer, AI Core",Palo Alto,https://jobs.ashbyhq.com/nubank/619bfe47-7d60-40b3-9ce9-cc0a4d9d7816,2026-07-19T23:34:14.827+00:00,2026-09-21T16:33:41-05:00,,no,ubicacion fuera de Colombia/LATAM/remoto global,desarrollo,,,,nueva,
1353,ashby:nubank:905d91da-d7d7-4ddf-b5a8-76d7e57ed003,nubank:principalproductdesigner,Nubank,ashby,nubank,905d91da-d7d7-4ddf-b5a8-76d7e57ed003,Principal Product Designer,Palo Alto,https://jobs.ashbyhq.com/nubank/905d91da-d7d7-4ddf-b5a8-76d7e57ed003,2026-07-19T23:35:06.623+00:00,2026-09-21T16:33:41-05:00,,no,titulo fuera de perfil,desarrollo,,,,nueva,
1354,ashby:nubank:f5dd7afe-8d06-4111-9099-c52095ac1936,nubank:leadsoftwareengineercryptosvusic62026,Nubank,ashby,nubank,f5dd7afe-8d06-4111-9099-c52095ac1936,"Lead Software Engineer (Crypto, SV) - US - IC6 - 2026",Palo Alto,https://jobs.ashbyhq.com/nubank/f5dd7afe-8d06-4111-9099-c52095ac1936,2026-09-17T17:02:19.541+00:00,2026-09-21T16:33:41-05:00,,no,ubicacion fuera de Colombia/LATAM/remoto global,desarrollo,,,,nueva,
1355,ashby:nubank:fd2e7ff7-2d68-4064-a229-3e131cf30bb4,nubank:customerexcellencesenioranalystbogotabilingualexperience,Nubank,ashby,nubank,fd2e7ff7-2d68-4064-a229-3e131cf30bb4,Customer Excellence Senior Analyst - Bogotá (Bilingual Experience),Bogota,https://jobs.ashbyhq.com/nubank/fd2e7ff7-2d68-4064-a229-3e131cf30bb4,2026-07-20T11:54:48.817+00:00,2026-09-21T16:33:41-05:00,,no,titulo fuera de perfil,desarrollo,,,,nueva,
1356,ashby:nubank:62c98c6a-e253-4802-9a8e-6076ef4e0d08,nubank:procurementspecialist,Nubank,ashby,nubank,62c98c6a-e253-4802-9a8e-6076ef4e0d08,Procurement Specialist,Palo Alto / Miami,https://jobs.ashbyhq.com/nubank/62c98c6a-e253-4802-9a8e-6076ef4e0d08,2026-07-19T23:42:43.896+00:00,2026-09-21T16:33:41-05:00,,no,titulo fuera de perfil,desarrollo,,,,nueva,
1357,ashby:nubank:97d294d0-4462-49a5-b8f9-fc6e68cf32ff,nubank:digitalaffairsdposeniorspecialist,Nubank,ashby,nubank,97d294d0-4462-49a5-b8f9-fc6e68cf32ff,Digital Affairs & DPO Senior Specialist,Miami,https://jobs.ashbyhq.com/nubank/97d294d0-4462-49a5-b8f9-fc6e68cf32ff,2026-07-19T23:49:05.082+00:00,2026-09-21T16:33:41-05:00,,no,titulo fuera de perfil,desarrollo,,,,nueva,
1358,ashby:nubank:204da957-defe-46e1-9e17-ddd9c08474fa,nubank:ustaxsrspecialist,Nubank,ashby,nubank,204da957-defe-46e1-9e17-ddd9c08474fa,US Tax Sr. Specialist,Miami / Virginia,https://jobs.ashbyhq.com/nubank/204da957-defe-46e1-9e17-ddd9c08474fa,2026-07-19T23:49:50.097+00:00,2026-09-21T16:33:41-05:00,,no,titulo fuera de perfil,desarrollo,,,,nueva,
1359,ashby:nubank:6967b843-b0ed-4010-9056-205b30b4b682,nubank:quantitativespecialistportfoliosolutionsnuasset,Nubank,ashby,nubank,6967b843-b0ed-4010-9056-205b30b4b682,"Quantitative Specialist — Portfolio Solutions, Nu Asset",São Paulo,https://jobs.ashbyhq.com/nubank/6967b843-b0ed-4010-9056-205b30b4b682,2026-09-08T11:51:02.219+00:00,2026-09-21T16:33:41-05:00,,no,ubicacion fuera de Colombia/LATAM/remoto global,automatizacion,,,,nueva,
1360,ashby:nubank:e8fe49b1-7d76-4995-b4b5-5a3fdaa641db,nubank:staffsoftwareengineerlendingfoundations,Nubank,ashby,nubank,e8fe49b1-7d76-4995-b4b5-5a3fdaa641db,Staff Software Engineer - Lending Foundations,São Paulo / Campinas / Toronto / Belo Horizonte / Rio de Janeiro,https://jobs.ashbyhq.com/nubank/e8fe49b1-7d76-4995-b4b5-5a3fdaa641db,2026-07-19T23:56:10.550+00:00,2026-09-21T16:33:41-05:00,,no,ubicacion fuera de Colombia/LATAM/remoto global,desarrollo,,,,nueva,
1361,ashby:nubank:e796c30e-ef69-470c-9d23-353dd7cbce74,nubank:controllershipspecialistglobalproductaccounting,Nubank,ashby,nubank,e796c30e-ef69-470c-9d23-353dd7cbce74,Controllership  Specialist - Global Product Accounting,São Paulo,https://jobs.ashbyhq.com/nubank/e796c30e-ef69-470c-9d23-353dd7cbce74,2026-07-19T23:56:46.800+00:00,2026-09-21T16:33:41-05:00,,no,titulo fuera de perfil,desarrollo,,,,nueva,
1362,ashby:nubank:14012e76-5a1f-4fa7-baa2-898812774514,nubank:aiandagenticairiskmanagementseniorspecialist,Nubank,ashby,nubank,14012e76-5a1f-4fa7-baa2-898812774514,AI and Agentic AI Risk Management Senior Specialist,Palo Alto / Virginia / Miami,https://jobs.ashbyhq.com/nubank/14012e76-5a1f-4fa7-baa2-898812774514,2026-07-20T00:03:39.358+00:00,2026-09-21T16:33:41-05:00,,no,ubicacion fuera de Colombia/LATAM/remoto global,desarrollo,,,,nueva,
1363,ashby:nubank:8902fe4e-6379-400a-98f5-e8f4b5f63659,nubank:airesearchmanagermachinelearning,Nubank,ashby,nubank,8902fe4e-6379-400a-98f5-e8f4b5f63659,AI Research Manager - Machine Learning,Palo Alto,https://jobs.ashbyhq.com/nubank/8902fe4e-6379-400a-98f5-e8f4b5f63659,2026-07-20T00:04:41.117+00:00,2026-09-21T16:33:41-05:00,,no,ubicacion fuera de Colombia/LATAM/remoto global,desarrollo,,,,nueva,
1364,ashby:nubank:d01c1dbc-8802-47b1-9fc5-ee59a280729d,nubank:staffsoftwareengineermarketingplatforms,Nubank,ashby,nubank,d01c1dbc-8802-47b1-9fc5-ee59a280729d,Staff Software Engineer (Marketing Platforms),São Paulo / Campinas / Belo Horizonte / Rio de Janeiro,https://jobs.ashbyhq.com/nubank/d01c1dbc-8802-47b1-9fc5-ee59a280729d,2026-07-20T00:05:58.271+00:00,2026-09-21T16:33:41-05:00,,no,ubicacion fuera de Colombia/LATAM/remoto global,desarrollo,,,,nueva,
1365,ashby:nubank:3b43d8cc-494e-4e74-9426-fb869796de10,nubank:staffsecurityengineeriam,Nubank,ashby,nubank,3b43d8cc-494e-4e74-9426-fb869796de10,Staff Security Engineer (IAM),São Paulo / Campinas / Belo Horizonte / Rio de Janeiro,https://jobs.ashbyhq.com/nubank/3b43d8cc-494e-4e74-9426-fb869796de10,2026-07-20T00:09:00.097+00:00,2026-09-21T16:33:41-05:00,,no,ubicacion fuera de Colombia/LATAM/remoto global,desarrollo,,,,nueva,
1366,ashby:nubank:5c9c06a2-def9-4e11-88bd-5a8a5e570cd4,nubank:leadsystemsengineerkafka,Nubank,ashby,nubank,5c9c06a2-def9-4e11-88bd-5a8a5e570cd4,Lead Systems Engineer (Kafka),Toronto,https://jobs.ashbyhq.com/nubank/5c9c06a2-def9-4e11-88bd-5a8a5e570cd4,2026-07-20T00:11:57.268+00:00,2026-09-21T16:33:41-05:00,,no,ubicacion fuera de Colombia/LATAM/remoto global,desarrollo,,,,nueva,
1367,ashby:nubank:11aaa29d-70df-47af-8d7a-249961a50d9f,nubank:amlseniorexpert,Nubank,ashby,nubank,11aaa29d-70df-47af-8d7a-249961a50d9f,AML Senior Expert,Ciudad de México,https://jobs.ashbyhq.com/nubank/11aaa29d-70df-47af-8d7a-249961a50d9f,2026-07-20T00:12:46.088+00:00,2026-09-21T16:33:41-05:00,,no,titulo fuera de perfil,desarrollo,,,,nueva,
1368,ashby:nubank:c5f55a22-d0be-40ef-bc17-3d6f8901fe2a,nubank:itriskseniorspecialist,Nubank,ashby,nubank,c5f55a22-d0be-40ef-bc17-3d6f8901fe2a,IT Risk  Senior Specialist,Ciudad de México,https://jobs.ashbyhq.com/nubank/c5f55a22-d0be-40ef-bc17-3d6f8901fe2a,2026-07-31T19:34:21.193+00:00,2026-09-21T16:33:41-05:00,,no,titulo fuera de perfil,desarrollo,,,,nueva,
1369,ashby:nubank:c07aae79-a3e9-4ff8-975a-06a7243e4017,nubank:thirdpartyriskmanagementexpert,Nubank,ashby,nubank,c07aae79-a3e9-4ff8-975a-06a7243e4017,Third Party Risk Management Expert,São Paulo,https://jobs.ashbyhq.com/nubank/c07aae79-a3e9-4ff8-975a-06a7243e4017,2026-07-20T00:14:45.346+00:00,2026-09-21T16:33:41-05:00,,no,titulo fuera de perfil,desarrollo,,,,nueva,
1370,ashby:nubank:694c05a8-dfc1-4e85-9dcf-245dfcabde5a,nubank:staffitengineerservicemanagement,Nubank,ashby,nubank,694c05a8-dfc1-4e85-9dcf-245dfcabde5a,Staff IT Engineer - Service Management,Miami / Virginia,https://jobs.ashbyhq.com/nubank/694c05a8-dfc1-4e85-9dcf-245dfcabde5a,2026-07-20T00:15:28.245+00:00,2026-09-21T16:33:41-05:00,,no,ubicacion fuera de Colombia/LATAM/remoto global,desarrollo,,,,nueva,
1371,ashby:nubank:d9322108-eb40-434c-a4da-e717e0d54735,nubank:consumercomplianceandcraanalyst,Nubank,ashby,nubank,d9322108-eb40-434c-a4da-e717e0d54735,Consumer Compliance and CRA Analyst,Virginia,https://jobs.ashbyhq.com/nubank/d9322108-eb40-434c-a4da-e717e0d54735,2026-07-20T00:16:16.704+00:00,2026-09-21T16:33:41-05:00,,no,titulo fuera de perfil,desarrollo,,,,nueva,
1372,ashby:nubank:d9014042-6093-47f5-8d27-5becfda27b23,nubank:juniordataanalystaml,Nubank,ashby,nubank,d9014042-6093-47f5-8d27-5becfda27b23,Junior Data Analyst - AML,Ciudad de México,https://jobs.ashbyhq.com/nubank/d9014042-6093-47f5-8d27-5becfda27b23,2026-07-20T00:20:31.289+00:00,2026-09-21T16:33:41-05:00,2026-09-22,no,ubicacion fuera de Colombia/LATAM/remoto global,desarrollo,,,,nueva,
1373,ashby:nubank:d91e0c01-91ca-48f5-ac15-48e421b64f21,nubank:headofdesignaiprivatebanker,Nubank,ashby,nubank,d91e0c01-91ca-48f5-ac15-48e421b64f21,"Head of Design, AI Private Banker",Palo Alto,https://jobs.ashbyhq.com/nubank/d91e0c01-91ca-48f5-ac15-48e421b64f21,2026-08-21T18:52:23.760+00:00,2026-09-21T16:33:41-05:00,,no,ubicacion fuera de Colombia/LATAM/remoto global,desarrollo,,,,nueva,
1374,ashby:nubank:fe83ac3b-40d1-416c-ad78-867a49ef3d41,nubank:seniorstaffsystemsengineerperformanceengineer,Nubank,ashby,nubank,fe83ac3b-40d1-416c-ad78-867a49ef3d41,Senior Staff Systems Engineer - Performance Engineer,Miami / Durham,https://jobs.ashbyhq.com/nubank/fe83ac3b-40d1-416c-ad78-867a49ef3d41,2026-07-20T00:25:26.801+00:00,2026-09-21T16:33:41-05:00,,no,ubicacion fuera de Colombia/LATAM/remoto global,desarrollo,,,,nueva,
1375,ashby:nubank:4e0373cd-d0d5-44f0-a57f-616aae821059,nubank:leadsoftwareengineer,Nubank,ashby,nubank,4e0373cd-d0d5-44f0-a57f-616aae821059,Lead Software Engineer,Palo Alto,https://jobs.ashbyhq.com/nubank/4e0373cd-d0d5-44f0-a57f-616aae821059,2026-07-20T00:29:04.792+00:00,2026-09-21T16:33:41-05:00,,no,ubicacion fuera de Colombia/LATAM/remoto global,desarrollo,,,,nueva,
1376,ashby:nubank:5809485e-3fba-4564-87e5-de11f1c4afae,nubank:staffsoftwareengineerloyalty,Nubank,ashby,nubank,5809485e-3fba-4564-87e5-de11f1c4afae,Staff Software Engineer | Loyalty,São Paulo,https://jobs.ashbyhq.com/nubank/5809485e-3fba-4564-87e5-de11f1c4afae,2026-07-20T00:30:38.443+00:00,2026-09-21T16:33:41-05:00,,no,ubicacion fuera de Colombia/LATAM/remoto global,desarrollo,,,,nueva,
1377,ashby:nubank:bbdf8e6b-d4f1-4876-ad07-cc683a48fd32,nubank:staffsoftwareengineercreditcards,Nubank,ashby,nubank,bbdf8e6b-d4f1-4876-ad07-cc683a48fd32,Staff Software Engineer | Credit Cards,Belo Horizonte / Campinas / Palo Alto / Toronto / São Paulo / Miami / Rio de Janeiro,https://jobs.ashbyhq.com/nubank/bbdf8e6b-d4f1-4876-ad07-cc683a48fd32,2026-07-20T00:33:19.776+00:00,2026-09-21T16:33:41-05:00,,no,ubicacion fuera de Colombia/LATAM/remoto global,desarrollo,,,,nueva,
1378,ashby:nubank:09480f02-3548-44fa-9f01-f7d90abb27c0,nubank:staffsoftwareengineernupay,Nubank,ashby,nubank,09480f02-3548-44fa-9f01-f7d90abb27c0,Staff Software Engineer | NuPay,São Paulo / Campinas / Belo Horizonte / Rio de Janeiro,https://jobs.ashbyhq.com/nubank/09480f02-3548-44fa-9f01-f7d90abb27c0,2026-07-20T00:36:11.799+00:00,2026-09-21T16:33:41-05:00,,no,ubicacion fuera de Colombia/LATAM/remoto global,desarrollo,,,,nueva,
1379,ashby:nubank:685da691-6897-4aab-8d39-bb6d7495f961,nubank:pessoaengenheiradesoftwareexclusivaparapessoascomdeficiencia,Nubank,ashby,nubank,685da691-6897-4aab-8d39-bb6d7495f961,Pessoa Engenheira de Software - exclusiva para Pessoas com Deficiência,São Paulo / Campinas / Belo Horizonte / Rio de Janeiro,https://jobs.ashbyhq.com/nubank/685da691-6897-4aab-8d39-bb6d7495f961,2026-07-20T14:08:26.779+00:00,2026-09-21T16:33:41-05:00,,no,ubicacion fuera de Colombia/LATAM/remoto global,desarrollo,,,,nueva,
1380,ashby:nubank:b281f2a6-65ce-4635-bbf2-51978c9c108f,nubank:staffsoftwareengineerdata,Nubank,ashby,nubank,b281f2a6-65ce-4635-bbf2-51978c9c108f,"Staff Software Engineer, Data",Palo Alto,https://jobs.ashbyhq.com/nubank/b281f2a6-65ce-4635-bbf2-51978c9c108f,2026-07-20T19:21:43.944+00:00,2026-09-21T16:33:41-05:00,,no,ubicacion fuera de Colombia/LATAM/remoto global,desarrollo,,,,nueva,
1381,ashby:nubank:ecd4ec39-1f0a-4f65-b27a-f537c895a233,nubank:leadmachinelearningengineer,Nubank,ashby,nubank,ecd4ec39-1f0a-4f65-b27a-f537c895a233,Lead Machine Learning Engineer,São Paulo,https://jobs.ashbyhq.com/nubank/ecd4ec39-1f0a-4f65-b27a-f537c895a233,2026-09-15T18:55:54.648+00:00,2026-09-21T16:33:41-05:00,,no,ubicacion fuera de Colombia/LATAM/remoto global,desarrollo,,,,nueva,
1382,ashby:nubank:337d4f8b-ae2a-40e7-988d-bfee874b56ca,nubank:seniorsoftwareengineerbuenosairesargentinahybrid,Nubank,ashby,nubank,337d4f8b-ae2a-40e7-988d-bfee874b56ca,"Senior Software Engineer - Buenos Aires, Argentina (Hybrid)",Buenos Aires,https://jobs.ashbyhq.com/nubank/337d4f8b-ae2a-40e7-988d-bfee874b56ca,2026-07-28T22:36:41.344+00:00,2026-09-21T16:33:41-05:00,,no,ubicacion fuera de Colombia/LATAM/remoto global,desarrollo,,,,nueva,
1383,ashby:nubank:ebef6cae-6a8d-418b-a64b-d012f1ec8e73,nubank:communicationssrspecialist,Nubank,ashby,nubank,ebef6cae-6a8d-418b-a64b-d012f1ec8e73,Communications Sr Specialist,Ciudad de México,https://jobs.ashbyhq.com/nubank/ebef6cae-6a8d-418b-a64b-d012f1ec8e73,2026-09-01T16:51:44.660+00:00,2026-09-21T16:33:41-05:00,,no,titulo fuera de perfil,desarrollo,,,,nueva,
1384,ashby:nubank:22c2f868-129a-4b50-902a-7ece0545128b,nubank:conductriskexpert,Nubank,ashby,nubank,22c2f868-129a-4b50-902a-7ece0545128b,Conduct Risk Expert,São Paulo,https://jobs.ashbyhq.com/nubank/22c2f868-129a-4b50-902a-7ece0545128b,2026-07-28T19:37:13.398+00:00,2026-09-21T16:33:41-05:00,,no,titulo fuera de perfil,desarrollo,,,,nueva,
1385,ashby:nubank:6c5f890b-ae68-49f9-9656-375b30d48df6,nubank:usciso,Nubank,ashby,nubank,6c5f890b-ae68-49f9-9656-375b30d48df6,US CISO,Palo Alto / Miami,https://jobs.ashbyhq.com/nubank/6c5f890b-ae68-49f9-9656-375b30d48df6,2026-07-29T18:09:19.859+00:00,2026-09-21T16:33:41-05:00,2026-09-22,no,titulo fuera de perfil,desarrollo,,,,nueva,
1386,ashby:nubank:90250bda-2101-4a16-a0c0-73d2ea430c01,nubank:seniorsecurityengineeroffensivesecurity,Nubank,ashby,nubank,90250bda-2101-4a16-a0c0-73d2ea430c01,Senior Security Engineer (Offensive Security),São Paulo / Campinas / Belo Horizonte / Rio de Janeiro,https://jobs.ashbyhq.com/nubank/90250bda-2101-4a16-a0c0-73d2ea430c01,2026-09-18T19:03:32.588+00:00,2026-09-21T16:33:41-05:00,,no,ubicacion fuera de Colombia/LATAM/remoto global,desarrollo,,,,nueva,
1387,ashby:nubank:ed4ab02c-df92-45cc-b4ea-fd0af53e5187,nubank:facilitiesandworkplacesolutionsspecialistus,Nubank,ashby,nubank,ed4ab02c-df92-45cc-b4ea-fd0af53e5187,Facilities and Workplace Solutions Specialist - US,Miami,https://jobs.ashbyhq.com/nubank/ed4ab02c-df92-45cc-b4ea-fd0af53e5187,2026-09-03T13:00:43.745+00:00,2026-09-21T16:33:41-05:00,,no,ubicacion fuera de Colombia/LATAM/remoto global,automatizacion,,,,nueva,
1388,ashby:nubank:a1fe348c-9863-4539-93b5-6031566ec8a3,nubank:seniordatacenterengineer,Nubank,ashby,nubank,a1fe348c-9863-4539-93b5-6031566ec8a3,Senior Data Center Engineer,Ciudad de México,https://jobs.ashbyhq.com/nubank/a1fe348c-9863-4539-93b5-6031566ec8a3,2026-08-04T14:11:59.696+00:00,2026-09-21T16:33:41-05:00,,no,ubicacion fuera de Colombia/LATAM/remoto global,desarrollo,,,,nueva,
1389,ashby:nubank:da518919-9017-488b-9c05-9b50f8df8401,nubank:staffmachinelearningengineerrecommendationsystems,Nubank,ashby,nubank,da518919-9017-488b-9c05-9b50f8df8401,"Staff Machine Learning Engineer, Recommendation Systems",Palo Alto,https://jobs.ashbyhq.com/nubank/da518919-9017-488b-9c05-9b50f8df8401,2026-08-03T16:08:32.718+00:00,2026-09-21T16:33:41-05:00,,no,ubicacion fuera de Colombia/LATAM/remoto global,desarrollo,,,,nueva,
1390,ashby:nubank:cce0d503-c999-48fb-948b-ff3851b2f0a9,nubank:staffsoftwareengineerproductworkflowreinvention,Nubank,ashby,nubank,cce0d503-c999-48fb-948b-ff3851b2f0a9,"Staff Software Engineer, Product Workflow Reinvention",Palo Alto / Campinas / Ciudad de México / São Paulo / Belo Horizonte / Bogota / Virginia / Miami / Rio de Janeiro,https://jobs.ashbyhq.com/nubank/cce0d503-c999-48fb-948b-ff3851b2f0a9,2026-08-04T13:19:54.429+00:00,2026-09-21T16:33:41-05:00,,si,ubicacion compatible,automatizacion,0,"stack 4.8 (bruto 12) | seniority 0 (top, automatizacion) | contexto 4",KNOCKOUT: seniority 'top' fuera de alcance en rol de automatizacion,nueva,
1391,ashby:nubank:b6de9335-82b1-4136-bc53-02b1ccbddc0b,nubank:pessoapesquisadoraseniorexclusivaparapessoascomdeficiencia,Nubank,ashby,nubank,b6de9335-82b1-4136-bc53-02b1ccbddc0b,Pessoa Pesquisadora Sênior - exclusiva para Pessoas com Deficiência,São Paulo,https://jobs.ashbyhq.com/nubank/b6de9335-82b1-4136-bc53-02b1ccbddc0b,2026-08-04T20:41:51.409+00:00,2026-09-21T16:33:41-05:00,,no,titulo fuera de perfil,desarrollo,,,,nueva,
1392,ashby:nubank:a75ada4d-4603-42e6-989a-b242eac998f0,nubank:nfrinternalcontrolseniorspecialist,Nubank,ashby,nubank,a75ada4d-4603-42e6-989a-b242eac998f0,NFR Internal Control Senior Specialist,São Paulo,https://jobs.ashbyhq.com/nubank/a75ada4d-4603-42e6-989a-b242eac998f0,2026-08-24T13:42:29.015+00:00,2026-09-21T16:33:41-05:00,,no,titulo fuera de perfil,desarrollo,,,,nueva,
1393,ashby:nubank:94aa5314-0cf6-427c-b3be-a736becbc6b7,nubank:seniorreliabilityengineerregulatoryreliability,Nubank,ashby,nubank,94aa5314-0cf6-427c-b3be-a736becbc6b7,Senior Reliability Engineer — Regulatory Reliability,Ciudad de México,https://jobs.ashbyhq.com/nubank/94aa5314-0cf6-427c-b3be-a736becbc6b7,2026-08-05T15:32:01.541+00:00,2026-09-21T16:33:41-05:00,2026-09-22,no,ubicacion fuera de Colombia/LATAM/remoto global,desarrollo,,,,nueva,
1394,ashby:nubank:c5d9d4bf-ed51-4fdc-b658-58056b3fec19,nubank:staffsoftwareengineerdigitalexperienceplatform,Nubank,ashby,nubank,c5d9d4bf-ed51-4fdc-b658-58056b3fec19,Staff Software Engineer - Digital Experience Platform,São Paulo / Campinas / Palo Alto / Toronto / Belo Horizonte / Miami / Rio de Janeiro,https://jobs.ashbyhq.com/nubank/c5d9d4bf-ed51-4fdc-b658-58056b3fec19,2026-08-17T20:50:41.609+00:00,2026-09-21T16:33:41-05:00,,no,ubicacion fuera de Colombia/LATAM/remoto global,desarrollo,,,,nueva,
1395,ashby:nubank:c6a08b89-8455-4a2d-b736-a35a6f9ae4d9,nubank:leadbusinesscontrolofficerglobalcreditcard,Nubank,ashby,nubank,c6a08b89-8455-4a2d-b736-a35a6f9ae4d9,Lead Business Control Officer - Global Credit Card,Virginia,https://jobs.ashbyhq.com/nubank/c6a08b89-8455-4a2d-b736-a35a6f9ae4d9,2026-08-06T21:30:57.405+00:00,2026-09-21T16:33:41-05:00,,no,titulo fuera de perfil,desarrollo,,,,nueva,
1396,ashby:nubank:9f47e824-95da-4a23-913c-81abbef86ca2,nubank:creditriskspecialist,Nubank,ashby,nubank,9f47e824-95da-4a23-913c-81abbef86ca2,Credit Risk Specialist,São Paulo,https://jobs.ashbyhq.com/nubank/9f47e824-95da-4a23-913c-81abbef86ca2,2026-08-06T19:44:45.484+00:00,2026-09-21T16:33:41-05:00,,no,titulo fuera de perfil,desarrollo,,,,nueva,
1397,ashby:nubank:0a9a3238-cdb9-40f4-b07f-1b108147103b,nubank:airiskmanagementseniorspecialist,Nubank,ashby,nubank,0a9a3238-cdb9-40f4-b07f-1b108147103b,AI Risk Management Senior Specialist,São Paulo,https://jobs.ashbyhq.com/nubank/0a9a3238-cdb9-40f4-b07f-1b108147103b,2026-08-24T20:38:38.883+00:00,2026-09-21T16:33:41-05:00,,no,ubicacion fuera de Colombia/LATAM/remoto global,desarrollo,,,,nueva,
1398,ashby:nubank:40710e00-7e4a-4622-a2fd-6d43ce114a2e,nubank:itriskmanagementspecialist,Nubank,ashby,nubank,40710e00-7e4a-4622-a2fd-6d43ce114a2e,IT Risk Management Specialist,São Paulo,https://jobs.ashbyhq.com/nubank/40710e00-7e4a-4622-a2fd-6d43ce114a2e,2026-08-21T20:45:02.982+00:00,2026-09-21T16:33:41-05:00,,no,titulo fuera de perfil,desarrollo,,,,nueva,
1399,ashby:nubank:1c1bb8d8-bb15-4f79-aa39-10f10104e22c,nubank:conductriskspecialist,Nubank,ashby,nubank,1c1bb8d8-bb15-4f79-aa39-10f10104e22c,Conduct Risk Specialist,São Paulo,https://jobs.ashbyhq.com/nubank/1c1bb8d8-bb15-4f79-aa39-10f10104e22c,2026-08-10T14:46:04.711+00:00,2026-09-21T16:33:41-05:00,2026-09-23,no,titulo fuera de perfil,desarrollo,,,,nueva,
1400,ashby:nubank:0aec9742-47be-4de8-bcf1-b4e77784a2a3,nubank:treasuryseniorspecialist,Nubank,ashby,nubank,0aec9742-47be-4de8-bcf1-b4e77784a2a3,Treasury Senior Specialist,Ciudad de México,https://jobs.ashbyhq.com/nubank/0aec9742-47be-4de8-bcf1-b4e77784a2a3,2026-08-20T20:51:18.043+00:00,2026-09-21T16:33:41-05:00,,no,titulo fuera de perfil,desarrollo,,,,nueva,
1401,ashby:nubank:bf401757-0e3c-48f2-bd14-4aaf3f6f0dc6,nubank:staffsoftwareengineerinsurance,Nubank,ashby,nubank,bf401757-0e3c-48f2-bd14-4aaf3f6f0dc6,Staff Software Engineer - Insurance,São Paulo / Buenos Aires,https://jobs.ashbyhq.com/nubank/bf401757-0e3c-48f2-bd14-4aaf3f6f0dc6,2026-08-11T14:50:37.378+00:00,2026-09-21T16:33:41-05:00,,no,ubicacion fuera de Colombia/LATAM/remoto global,desarrollo,,,,nueva,
1402,ashby:nubank:4fddc7b7-7881-4d95-aaf7-fbdd1b4b85be,nubank:modelriskseniorspecialist,Nubank,ashby,nubank,4fddc7b7-7881-4d95-aaf7-fbdd1b4b85be,Model Risk Senior Specialist,São Paulo,https://jobs.ashbyhq.com/nubank/4fddc7b7-7881-4d95-aaf7-fbdd1b4b85be,2026-08-17T12:40:13.876+00:00,2026-09-21T16:33:41-05:00,2026-09-22,no,titulo fuera de perfil,desarrollo,,,,nueva,
1403,ashby:nubank:26bd868d-1afc-4477-9a44-07fb3b87124f,nubank:amlofacspecialistusa,Nubank,ashby,nubank,26bd868d-1afc-4477-9a44-07fb3b87124f,AML & OFAC Specialist | USA,Miami,https://jobs.ashbyhq.com/nubank/26bd868d-1afc-4477-9a44-07fb3b87124f,2026-08-24T21:58:57.917+00:00,2026-09-21T16:33:41-05:00,,no,titulo fuera de perfil,desarrollo,,,,nueva,
1404,ashby:nubank:f760df5f-3ee5-4729-bc75-1bc243294313,nubank:seniorsystemsengineercomputingsquad,Nubank,ashby,nubank,f760df5f-3ee5-4729-bc75-1bc243294313,Senior Systems Engineer - Computing Squad,Toronto,https://jobs.ashbyhq.com/nubank/f760df5f-3ee5-4729-bc75-1bc243294313,2026-08-12T22:26:19.596+00:00,2026-09-21T16:33:41-05:00,,no,ubicacion fuera de Colombia/LATAM/remoto global,desarrollo,,,,nueva,
1405,ashby:nubank:f5199850-837d-4e43-8531-2e5740bd6278,nubank:seniorsecurityengineerapplicationsecurity,Nubank,ashby,nubank,f5199850-837d-4e43-8531-2e5740bd6278,Senior Security Engineer (Application Security),São Paulo / Campinas / Belo Horizonte / Rio de Janeiro,https://jobs.ashbyhq.com/nubank/f5199850-837d-4e43-8531-2e5740bd6278,2026-08-12T23:04:03.214+00:00,2026-09-21T16:33:41-05:00,2026-09-22,no,ubicacion fuera de Colombia/LATAM/remoto global,desarrollo,,,,nueva,
1406,ashby:nubank:ce062357-135c-41b2-aa30-0e3d12da09a0,nubank:controllershipspecialistregulatory,Nubank,ashby,nubank,ce062357-135c-41b2-aa30-0e3d12da09a0,Controllership Specialist - Regulatory,São Paulo,https://jobs.ashbyhq.com/nubank/ce062357-135c-41b2-aa30-0e3d12da09a0,2026-08-14T22:12:58.840+00:00,2026-09-21T16:33:41-05:00,,no,titulo fuera de perfil,desarrollo,,,,nueva,
1407,ashby:nubank:ce2fa4ff-c690-484b-a563-cabb860ceac5,nubank:techleadsoftwareengineersre,Nubank,ashby,nubank,ce2fa4ff-c690-484b-a563-cabb860ceac5,Tech Lead Software Engineer - SRE,São Paulo,https://jobs.ashbyhq.com/nubank/ce2fa4ff-c690-484b-a563-cabb860ceac5,2026-08-14T12:15:59.371+00:00,2026-09-21T16:33:41-05:00,2026-09-22,no,ubicacion fuera de Colombia/LATAM/remoto global,desarrollo,,,,nueva,
1408,ashby:nubank:44354acb-76dc-4979-b88e-567a34fc65fc,nubank:complianceexpert,Nubank,ashby,nubank,44354acb-76dc-4979-b88e-567a34fc65fc,Compliance Expert,Ciudad de México,https://jobs.ashbyhq.com/nubank/44354acb-76dc-4979-b88e-567a34fc65fc,2026-08-20T20:45:09.973+00:00,2026-09-21T16:33:41-05:00,,no,titulo fuera de perfil,desarrollo,,,,nueva,
1409,ashby:nubank:94c9e103-4d78-46dc-b7af-2641d4767285,nubank:investmentsbackofficemanager,Nubank,ashby,nubank,94c9e103-4d78-46dc-b7af-2641d4767285,Investments Backoffice Manager,São Paulo,https://jobs.ashbyhq.com/nubank/94c9e103-4d78-46dc-b7af-2641d4767285,2026-08-26T21:32:39.374+00:00,2026-09-21T16:33:41-05:00,,no,titulo fuera de perfil,desarrollo,,,,nueva,
1410,ashby:nubank:24492ecf-3fe0-4cde-aea7-d2e59a85e517,nubank:modelriskseniorspecialist,Nubank,ashby,nubank,24492ecf-3fe0-4cde-aea7-d2e59a85e517,Model Risk Senior Specialist,Virginia / Palo Alto,https://jobs.ashbyhq.com/nubank/24492ecf-3fe0-4cde-aea7-d2e59a85e517,2026-08-24T16:58:26.539+00:00,2026-09-21T16:33:41-05:00,,no,titulo fuera de perfil,desarrollo,,,,nueva,
1411,ashby:nubank:ae82b25f-c815-41bb-8c77-b47069c90908,nubank:communityledgrowthseniorspecialist,Nubank,ashby,nubank,ae82b25f-c815-41bb-8c77-b47069c90908,Community-Led Growth Senior Specialist,Miami,https://jobs.ashbyhq.com/nubank/ae82b25f-c815-41bb-8c77-b47069c90908,2026-08-25T17:47:30.901+00:00,2026-09-21T16:33:41-05:00,,no,titulo fuera de perfil,desarrollo,,,,nueva,
1412,ashby:nubank:691d4bd9-7b3c-4488-b33b-e8a7dda0fe0c,nubank:seniorstaffproductdesignerdigitalassets,Nubank,ashby,nubank,691d4bd9-7b3c-4488-b33b-e8a7dda0fe0c,"Senior Staff Product Designer, Digital Assets",Palo Alto,https://jobs.ashbyhq.com/nubank/691d4bd9-7b3c-4488-b33b-e8a7dda0fe0c,2026-08-27T18:08:13.664+00:00,2026-09-21T16:33:41-05:00,,no,titulo fuera de perfil,desarrollo,,,,nueva,
1413,ashby:nubank:9d600645-ed53-4c6e-a3ab-3492f9bfa219,nubank:staffmobilesoftwareengineeraiprivatebankersvusic72026,Nubank,ashby,nubank,9d600645-ed53-4c6e-a3ab-3492f9bfa219,"Staff Mobile Software Engineer (AI Private Banker, SV) - US - IC7 - 2026",Palo Alto,https://jobs.ashbyhq.com/nubank/9d600645-ed53-4c6e-a3ab-3492f9bfa219,2026-08-26T17:05:47.569+00:00,2026-09-21T16:33:41-05:00,,no,ubicacion fuera de Colombia/LATAM/remoto global,desarrollo,,,,nueva,
1414,ashby:nubank:6eb06a07-0f7a-4656-9864-e459efa6e41e,nubank:staffsoftwareengineerlendingfoundationspolicydataplatform,Nubank,ashby,nubank,6eb06a07-0f7a-4656-9864-e459efa6e41e,Staff Software Engineer - Lending Foundations (Policy & Data Platform),São Paulo / Campinas / Belo Horizonte / Rio de Janeiro,https://jobs.ashbyhq.com/nubank/6eb06a07-0f7a-4656-9864-e459efa6e41e,2026-08-27T17:34:36.363+00:00,2026-09-21T16:33:41-05:00,,no,ubicacion fuera de Colombia/LATAM/remoto global,desarrollo,,,,nueva,
1415,ashby:nubank:20ba8e2e-4781-43d2-837b-de3f1f966148,nubank:leadsoftwareengineerbuenosairesargentinahybrid,Nubank,ashby,nubank,20ba8e2e-4781-43d2-837b-de3f1f966148,"Lead Software Engineer - Buenos Aires, Argentina (Hybrid)",Buenos Aires,https://jobs.ashbyhq.com/nubank/20ba8e2e-4781-43d2-837b-de3f1f966148,2026-08-31T21:50:42.370+00:00,2026-09-21T16:33:41-05:00,,no,ubicacion fuera de Colombia/LATAM/remoto global,desarrollo,,,,nueva,
1416,ashby:nubank:81b79786-57fd-4407-b20d-daa2fe70299d,nubank:seniormediaspecialist,Nubank,ashby,nubank,81b79786-57fd-4407-b20d-daa2fe70299d,Senior Media Specialist,Miami,https://jobs.ashbyhq.com/nubank/81b79786-57fd-4407-b20d-daa2fe70299d,2026-08-26T18:49:10.597+00:00,2026-09-21T16:33:41-05:00,,no,titulo fuera de perfil,desarrollo,,,,nueva,
1417,ashby:nubank:93a86aeb-14d7-459c-876d-c9060514ea86,nubank:staffsoftwareengineer,Nubank,ashby,nubank,93a86aeb-14d7-459c-876d-c9060514ea86,Staff Software Engineer,São Paulo / Campinas / Belo Horizonte / Rio de Janeiro,https://jobs.ashbyhq.com/nubank/93a86aeb-14d7-459c-876d-c9060514ea86,2026-09-10T17:28:54.751+00:00,2026-09-21T16:33:41-05:00,,no,ubicacion fuera de Colombia/LATAM/remoto global,desarrollo,,,,nueva,
1418,ashby:nubank:aee700cd-4eca-454e-8b7d-1a8efc16757f,nubank:controllershipseniorspecialistglobalproductaccounting,Nubank,ashby,nubank,aee700cd-4eca-454e-8b7d-1a8efc16757f,Controllership Senior Specialist- Global Product Accounting,Ciudad de México,https://jobs.ashbyhq.com/nubank/aee700cd-4eca-454e-8b7d-1a8efc16757f,2026-08-27T23:32:30.394+00:00,2026-09-21T16:33:41-05:00,,no,titulo fuera de perfil,desarrollo,,,,nueva,
1419,ashby:nubank:6b9aabca-5d57-49c1-bb5a-58466d2a4538,nubank:leadproductdesignerlending,Nubank,ashby,nubank,6b9aabca-5d57-49c1-bb5a-58466d2a4538,Lead Product Designer - Lending,São Paulo / Campinas / Rio de Janeiro,https://jobs.ashbyhq.com/nubank/6b9aabca-5d57-49c1-bb5a-58466d2a4538,2026-08-31T13:23:52.000+00:00,2026-09-21T16:33:41-05:00,,no,titulo fuera de perfil,desarrollo,,,,nueva,
1420,ashby:nubank:d13b3914-2e39-4de7-9de6-e3fbeef0496c,nubank:seniorstaffsystemsengineerperformanceengineer,Nubank,ashby,nubank,d13b3914-2e39-4de7-9de6-e3fbeef0496c,Senior Staff Systems Engineer - Performance Engineer,Toronto,https://jobs.ashbyhq.com/nubank/d13b3914-2e39-4de7-9de6-e3fbeef0496c,2026-08-31T13:47:21.429+00:00,2026-09-21T16:33:41-05:00,,no,ubicacion fuera de Colombia/LATAM/remoto global,desarrollo,,,,nueva,
1421,ashby:nubank:3b5d93e3-09bc-4abb-8bc0-b87721371f15,nubank:seniormotiondesigner,Nubank,ashby,nubank,3b5d93e3-09bc-4abb-8bc0-b87721371f15,Senior Motion Designer,São Paulo,https://jobs.ashbyhq.com/nubank/3b5d93e3-09bc-4abb-8bc0-b87721371f15,2026-08-28T21:07:20.663+00:00,2026-09-21T16:33:41-05:00,,no,titulo fuera de perfil,desarrollo,,,,nueva,
1422,ashby:nubank:cf939e7b-e094-46be-9e9d-5fee55d9eaa5,nubank:seniorstaffsystemsengineerperformanceengineer,Nubank,ashby,nubank,cf939e7b-e094-46be-9e9d-5fee55d9eaa5,Senior Staff Systems Engineer - Performance Engineer,São Paulo / Campinas / Belo Horizonte / Rio de Janeiro,https://jobs.ashbyhq.com/nubank/cf939e7b-e094-46be-9e9d-5fee55d9eaa5,2026-08-31T13:44:57.571+00:00,2026-09-21T16:33:41-05:00,,no,ubicacion fuera de Colombia/LATAM/remoto global,desarrollo,,,,nueva,
1423,ashby:nubank:a7e55abf-570f-4dc6-8b4b-b542c943e48b,nubank:headofdesignglobalexpansion,Nubank,ashby,nubank,a7e55abf-570f-4dc6-8b4b-b542c943e48b,"Head of Design, Global Expansion",Miami / Toronto / São Paulo / Virginia / Durham,https://jobs.ashbyhq.com/nubank/a7e55abf-570f-4dc6-8b4b-b542c943e48b,2026-08-30T01:46:27.111+00:00,2026-09-21T16:33:41-05:00,,no,titulo fuera de perfil,desarrollo,,,,nueva,
1424,ashby:nubank:60efcae1-c49c-4605-bb77-af3f261eb068,nubank:complianceanalyst,Nubank,ashby,nubank,60efcae1-c49c-4605-bb77-af3f261eb068,Compliance Analyst,São Paulo,https://jobs.ashbyhq.com/nubank/60efcae1-c49c-4605-bb77-af3f261eb068,2026-09-01T13:20:51.478+00:00,2026-09-21T16:33:41-05:00,,no,titulo fuera de perfil,desarrollo,,,,nueva,
1425,ashby:nubank:b0d1a834-01ba-4f4e-8eef-5909cc1c7340,nubank:staffsoftwareengineerbiintelligence,Nubank,ashby,nubank,b0d1a834-01ba-4f4e-8eef-5909cc1c7340,Staff Software Engineer - BI Intelligence,São Paulo / Campinas / Belo Horizonte / Rio de Janeiro,https://jobs.ashbyhq.com/nubank/b0d1a834-01ba-4f4e-8eef-5909cc1c7340,2026-09-02T18:33:25.158+00:00,2026-09-21T16:33:41-05:00,,no,ubicacion fuera de Colombia/LATAM/remoto global,desarrollo,,,,nueva,
1426,ashby:nubank:1bf4d27b-b7d0-49e1-99d5-dd3e6141e93b,nubank:productleadershipdirectorsrdirectorvp,Nubank,ashby,nubank,1bf4d27b-b7d0-49e1-99d5-dd3e6141e93b,"Product Leadership (Director, Sr Director, VP)",Palo Alto / Virginia / Miami,https://jobs.ashbyhq.com/nubank/1bf4d27b-b7d0-49e1-99d5-dd3e6141e93b,2026-09-09T18:05:10.095+00:00,2026-09-21T16:33:41-05:00,,no,titulo fuera de perfil,desarrollo,,,,nueva,
1427,ashby:nubank:5c208e5a-ce3a-48c4-9e93-faf1d44d219c,nubank:softwareengineermexicocitymexicohybrid,Nubank,ashby,nubank,5c208e5a-ce3a-48c4-9e93-faf1d44d219c,"Software Engineer - Mexico City, Mexico  (Hybrid)",Ciudad de México,https://jobs.ashbyhq.com/nubank/5c208e5a-ce3a-48c4-9e93-faf1d44d219c,2026-09-11T14:53:36.791+00:00,2026-09-21T16:33:41-05:00,,no,ubicacion fuera de Colombia/LATAM/remoto global,desarrollo,,,,nueva,
1428,ashby:nubank:8404db4f-1369-4f50-8524-bae385369c28,nubank:seniorsecurityengineeraisecurity,Nubank,ashby,nubank,8404db4f-1369-4f50-8524-bae385369c28,Senior Security Engineer (AI Security),São Paulo,https://jobs.ashbyhq.com/nubank/8404db4f-1369-4f50-8524-bae385369c28,2026-09-03T15:19:29.529+00:00,2026-09-21T16:33:41-05:00,2026-09-22,no,ubicacion fuera de Colombia/LATAM/remoto global,desarrollo,,,,nueva,
1429,ashby:nubank:b885d4f8-1e68-4a62-829a-f2598308e0d5,nubank:programadepracticasnucolombia2027,Nubank,ashby,nubank,b885d4f8-1e68-4a62-829a-f2598308e0d5,Programa de Prácticas Nu Colombia 2027,Bogota,https://jobs.ashbyhq.com/nubank/b885d4f8-1e68-4a62-829a-f2598308e0d5,2026-09-04T14:09:42.925+00:00,2026-09-21T16:33:41-05:00,2026-09-23,no,titulo fuera de perfil,desarrollo,,,,nueva,
1430,ashby:nubank:232ca5c4-af20-4b6b-9618-50b6de94024a,nubank:amlcftopsanalyst,Nubank,ashby,nubank,232ca5c4-af20-4b6b-9618-50b6de94024a,AML/CFT Ops Analyst,Bogota,https://jobs.ashbyhq.com/nubank/232ca5c4-af20-4b6b-9618-50b6de94024a,2026-09-03T21:11:11.798+00:00,2026-09-21T16:33:41-05:00,,no,titulo fuera de perfil,automatizacion,,,,nueva,
1431,ashby:nubank:a5dc9972-af7c-40a5-9b73-8cc4c38a70ea,nubank:globalsoftwareassetmanagementlead,Nubank,ashby,nubank,a5dc9972-af7c-40a5-9b73-8cc4c38a70ea,Global Software Asset Management Lead,São Paulo,https://jobs.ashbyhq.com/nubank/a5dc9972-af7c-40a5-9b73-8cc4c38a70ea,2026-09-03T21:24:53.583+00:00,2026-09-21T16:33:41-05:00,,no,ubicacion fuera de Colombia/LATAM/remoto global,desarrollo,,,,nueva,
1432,ashby:nubank:cf8d3122-c4ee-45b1-a4e0-b033f80f6dc3,nubank:leaddatacenterengineerglobalofficeitphysicalinfra,Nubank,ashby,nubank,cf8d3122-c4ee-45b1-a4e0-b033f80f6dc3,Lead Data Center Engineer - Global Office IT Physical Infra,Miami,https://jobs.ashbyhq.com/nubank/cf8d3122-c4ee-45b1-a4e0-b033f80f6dc3,2026-09-03T23:15:57.282+00:00,2026-09-21T16:33:41-05:00,,no,ubicacion fuera de Colombia/LATAM/remoto global,desarrollo,,,,nueva,
1433,ashby:nubank:91f1f976-ec71-4b97-acc1-19df45640871,nubank:leadinfrastructureengineerglobalofficeitphysicalinfra,Nubank,ashby,nubank,91f1f976-ec71-4b97-acc1-19df45640871,Lead Infrastructure Engineer — Global Office IT Physical Infra,Ciudad de México,https://jobs.ashbyhq.com/nubank/91f1f976-ec71-4b97-acc1-19df45640871,2026-09-03T23:25:54.251+00:00,2026-09-21T16:33:41-05:00,,no,ubicacion fuera de Colombia/LATAM/remoto global,desarrollo,,,,nueva,
1434,ashby:nubank:b7ef5feb-4139-46cb-b1ae-7cbb30ffb7e0,nubank:leadsoftwareengineercloudnetwork,Nubank,ashby,nubank,b7ef5feb-4139-46cb-b1ae-7cbb30ffb7e0,Lead Software Engineer (Cloud Network),São Paulo,https://jobs.ashbyhq.com/nubank/b7ef5feb-4139-46cb-b1ae-7cbb30ffb7e0,2026-09-15T11:03:50.627+00:00,2026-09-21T16:33:41-05:00,2026-09-23,no,ubicacion fuera de Colombia/LATAM/remoto global,desarrollo,,,,nueva,
1435,ashby:nubank:b547ca02-6872-4535-8d47-8cd4046f49bc,nubank:leadsoftwareengineercloudnetwork,Nubank,ashby,nubank,b547ca02-6872-4535-8d47-8cd4046f49bc,Lead Software Engineer (Cloud Network),Palo Alto,https://jobs.ashbyhq.com/nubank/b547ca02-6872-4535-8d47-8cd4046f49bc,2026-09-18T20:32:26.984+00:00,2026-09-21T16:33:41-05:00,,no,ubicacion fuera de Colombia/LATAM/remoto global,desarrollo,,,,nueva,
1436,ashby:nubank:42ba2066-292e-420a-91d6-c2bebca553cd,nubank:operationalriskseniorspecialist,Nubank,ashby,nubank,42ba2066-292e-420a-91d6-c2bebca553cd,Operational Risk Senior Specialist,Ciudad de México,https://jobs.ashbyhq.com/nubank/42ba2066-292e-420a-91d6-c2bebca553cd,2026-09-04T16:25:39.112+00:00,2026-09-21T16:33:41-05:00,,no,titulo fuera de perfil,desarrollo,,,,nueva,
1437,ashby:nubank:4a916016-316f-4ea0-a6f3-5aa792604987,nubank:staffitengineerservicemanagement,Nubank,ashby,nubank,4a916016-316f-4ea0-a6f3-5aa792604987,Staff IT Engineer - Service Management,São Paulo / Virginia,https://jobs.ashbyhq.com/nubank/4a916016-316f-4ea0-a6f3-5aa792604987,2026-09-07T14:47:23.416+00:00,2026-09-21T16:33:41-05:00,,no,ubicacion fuera de Colombia/LATAM/remoto global,desarrollo,,,,nueva,
1438,ashby:nubank:c07cdb76-d50d-4cdf-bf05-365a1ec79ba2,nubank:staffsoftwareengineeraiagentspurplejourney,Nubank,ashby,nubank,c07cdb76-d50d-4cdf-bf05-365a1ec79ba2,"Staff Software Engineer, AI Agents — Purple Journey",São Paulo / Palo Alto / Toronto / Miami,https://jobs.ashbyhq.com/nubank/c07cdb76-d50d-4cdf-bf05-365a1ec79ba2,2026-09-09T21:04:17.186+00:00,2026-09-21T16:33:41-05:00,2026-09-22,no,ubicacion fuera de Colombia/LATAM/remoto global,desarrollo,,,,nueva,
1439,ashby:nubank:4aca05f5-1fc7-47db-9d4c-1cd99a3786c9,nubank:complianceanalyst,Nubank,ashby,nubank,4aca05f5-1fc7-47db-9d4c-1cd99a3786c9,Compliance Analyst,São Paulo,https://jobs.ashbyhq.com/nubank/4aca05f5-1fc7-47db-9d4c-1cd99a3786c9,2026-09-14T20:36:05.324+00:00,2026-09-21T16:33:41-05:00,,no,titulo fuera de perfil,desarrollo,,,,nueva,
1440,ashby:nubank:a17b65ec-127b-4dea-93d8-4fc92f1a8b39,nubank:businessanalystmanager,Nubank,ashby,nubank,a17b65ec-127b-4dea-93d8-4fc92f1a8b39,Business Analyst Manager,São Paulo / Belo Horizonte,https://jobs.ashbyhq.com/nubank/a17b65ec-127b-4dea-93d8-4fc92f1a8b39,2026-09-14T23:08:31.992+00:00,2026-09-21T16:33:41-05:00,,no,titulo fuera de perfil,desarrollo,,,,nueva,
1441,ashby:nubank:fb05b558-243c-4081-9cf9-a164d5726189,nubank:marketingseniormanager,Nubank,ashby,nubank,fb05b558-243c-4081-9cf9-a164d5726189,Marketing Senior Manager,São Paulo,https://jobs.ashbyhq.com/nubank/fb05b558-243c-4081-9cf9-a164d5726189,2026-09-16T21:45:44.906+00:00,2026-09-21T16:33:41-05:00,2026-09-23,no,titulo fuera de perfil,desarrollo,,,,nueva,
1442,ashby:nubank:45289ad4-22de-4b1b-b081-5fbeaa3c5bb6,nubank:treasuryexpert,Nubank,ashby,nubank,45289ad4-22de-4b1b-b081-5fbeaa3c5bb6,Treasury Expert,Ciudad de México,https://jobs.ashbyhq.com/nubank/45289ad4-22de-4b1b-b081-5fbeaa3c5bb6,2026-09-16T01:18:27.928+00:00,2026-09-21T16:33:41-05:00,,no,titulo fuera de perfil,desarrollo,,,,nueva,
1443,ashby:nubank:21c3aa78-3d05-4243-9486-550762a08a61,nubank:staffsoftwareengineeraicreditcardplatform,Nubank,ashby,nubank,21c3aa78-3d05-4243-9486-550762a08a61,"Staff Software Engineer, AI & Credit Card Platform",Toronto / Palo Alto / Virginia / Miami,https://jobs.ashbyhq.com/nubank/21c3aa78-3d05-4243-9486-550762a08a61,2026-09-16T18:29:31.163+00:00,2026-09-21T16:33:41-05:00,,no,ubicacion fuera de Colombia/LATAM/remoto global,desarrollo,,,,nueva,
1444,ashby:nubank:c1add1a7-7b62-4419-b22e-e64abc1dab6c,nubank:fpasrexpert,Nubank,ashby,nubank,c1add1a7-7b62-4419-b22e-e64abc1dab6c,FP&A Sr Expert,São Paulo,https://jobs.ashbyhq.com/nubank/c1add1a7-7b62-4419-b22e-e64abc1dab6c,2026-09-16T18:37:20.301+00:00,2026-09-21T16:33:41-05:00,,no,titulo fuera de perfil,desarrollo,,,,nueva,
1445,ashby:nubank:302f1e7c-6e2d-40f3-bf15-6dc60eb74b69,nubank:staffsoftwareengineerdeposits,Nubank,ashby,nubank,302f1e7c-6e2d-40f3-bf15-6dc60eb74b69,Staff Software Engineer - Deposits,São Paulo / Campinas / Palo Alto / Toronto / Belo Horizonte / Virginia / Miami / Rio de Janeiro,https://jobs.ashbyhq.com/nubank/302f1e7c-6e2d-40f3-bf15-6dc60eb74b69,2026-09-17T18:26:59.420+00:00,2026-09-21T16:33:41-05:00,,no,ubicacion fuera de Colombia/LATAM/remoto global,desarrollo,,,,nueva,
1446,ashby:nubank:d1879493-f461-46da-b203-277b54773302,nubank:reliabilityengineerregulatoryreliability,Nubank,ashby,nubank,d1879493-f461-46da-b203-277b54773302,Reliability Engineer — Regulatory Reliability,Ciudad de México,https://jobs.ashbyhq.com/nubank/d1879493-f461-46da-b203-277b54773302,2026-09-17T20:29:02.945+00:00,2026-09-21T16:33:41-05:00,,no,ubicacion fuera de Colombia/LATAM/remoto global,desarrollo,,,,nueva,
1447,ashby:nubank:26b47cca-4cc4-43d9-bd91-cec7301bfba2,nubank:seniorstaffsoftwareengineerdeveloperexperience,Nubank,ashby,nubank,26b47cca-4cc4-43d9-bd91-cec7301bfba2,Senior Staff Software Engineer - Developer Experience,Palo Alto / Virginia / Miami,https://jobs.ashbyhq.com/nubank/26b47cca-4cc4-43d9-bd91-cec7301bfba2,2026-09-18T20:34:10.314+00:00,2026-09-21T16:33:41-05:00,,no,ubicacion fuera de Colombia/LATAM/remoto global,desarrollo,,,,nueva,
1448,ashby:nubank:c1dd08ad-8b77-409c-a608-274d2863207c,nubank:controllershipseniorspecialistfinops,Nubank,ashby,nubank,c1dd08ad-8b77-409c-a608-274d2863207c,Controllership Senior Specialist (FinOps),Ciudad de México,https://jobs.ashbyhq.com/nubank/c1dd08ad-8b77-409c-a608-274d2863207c,2026-09-18T23:01:25.957+00:00,2026-09-21T16:33:41-05:00,,no,titulo fuera de perfil,desarrollo,,,,nueva,
1449,ashby:addi:97f0cd1b-ccae-4b31-9878-2d90da42bae1,addi:backendjvmsoftwareengineeric3,Addi,ashby,addi,97f0cd1b-ccae-4b31-9878-2d90da42bae1,Backend JVM Software Engineer | IC3,Colombia,https://jobs.ashbyhq.com/addi/97f0cd1b-ccae-4b31-9878-2d90da42bae1,2026-05-14T18:21:50.166+00:00,2026-09-21T16:33:41-05:00,,si,ubicacion compatible,desarrollo,5.9,"stack 4.2 (bruto 10.5) | seniority 6 (sin_marca, desarrollo) | contexto 10","BRECHA: piden 8+ anos de experiencia || RIESGO: menciona presencial/hibrido, confirmar",nueva,
1450,ashby:addi:78b84089-6d38-4e54-a7a9-6c2dd7cf3245,addi:seniorrecruiter,Addi,ashby,addi,78b84089-6d38-4e54-a7a9-6c2dd7cf3245,Senior Recruiter,Colombia,https://jobs.ashbyhq.com/addi/78b84089-6d38-4e54-a7a9-6c2dd7cf3245,2026-07-28T23:58:32.299+00:00,2026-09-21T16:33:41-05:00,2026-09-23,no,titulo fuera de perfil,desarrollo,,,,nueva,
1451,ashby:addi:93a91948-7393-4922-8a9e-4c406a2f4511,addi:qualitycontinuousimprovementanalyst,Addi,ashby,addi,93a91948-7393-4922-8a9e-4c406a2f4511,Quality & Continuous Improvement Analyst,Bogotá,https://jobs.ashbyhq.com/addi/93a91948-7393-4922-8a9e-4c406a2f4511,2026-09-17T15:33:48.769+00:00,2026-09-21T16:33:41-05:00,,no,titulo fuera de perfil,desarrollo,,,,nueva,
1452,ashby:addi:7dd51523-34c3-44a4-b305-f621e99f2a75,addi:headofmarketplacesupply,Addi,ashby,addi,7dd51523-34c3-44a4-b305-f621e99f2a75,Head of Marketplace Supply,LatAm,https://jobs.ashbyhq.com/addi/7dd51523-34c3-44a4-b305-f621e99f2a75,2026-08-11T22:35:45.505+00:00,2026-09-21T16:33:41-05:00,,no,titulo fuera de perfil,desarrollo,,,,nueva,
1453,ashby:addi:45374a51-9194-4deb-a861-6b4a30cd0af3,addi:fraudpreventionanalyst,Addi,ashby,addi,45374a51-9194-4deb-a861-6b4a30cd0af3,Fraud Prevention Analyst,Bogotá,https://jobs.ashbyhq.com/addi/45374a51-9194-4deb-a861-6b4a30cd0af3,2026-09-09T00:44:34.119+00:00,2026-09-21T16:33:41-05:00,,no,titulo fuera de perfil,desarrollo,,,,nueva,
1454,ashby:addi:d064ea04-cf40-42fa-8f6c-656fda60ba70,addi:seniormonitoringamlanalyst,Addi,ashby,addi,d064ea04-cf40-42fa-8f6c-656fda60ba70,Senior Monitoring AML Analyst,Colombia,https://jobs.ashbyhq.com/addi/d064ea04-cf40-42fa-8f6c-656fda60ba70,2026-08-25T22:38:52.004+00:00,2026-09-21T16:33:41-05:00,,no,titulo fuera de perfil,desarrollo,,,,nueva,
1455,ashby:addi:ba1672b9-622a-4ec9-8685-15b0eadd332d,addi:seniorproductmanagermarketplace,Addi,ashby,addi,ba1672b9-622a-4ec9-8685-15b0eadd332d,Senior Product Manager - Marketplace,LatAm,https://jobs.ashbyhq.com/addi/ba1672b9-622a-4ec9-8685-15b0eadd332d,2026-07-07T15:57:57.711+00:00,2026-09-21T16:33:41-05:00,,no,titulo fuera de perfil,desarrollo,,,,nueva,
1456,ashby:addi:152a9e69-8f20-4097-bb07-a76a18e61ed0,addi:fieldsalesrepresentativecali,Addi,ashby,addi,152a9e69-8f20-4097-bb07-a76a18e61ed0,Field Sales Representative | Cali,Cali,https://jobs.ashbyhq.com/addi/152a9e69-8f20-4097-bb07-a76a18e61ed0,2026-06-14T16:23:49.398+00:00,2026-09-21T16:33:41-05:00,,no,titulo fuera de perfil,desarrollo,,,,nueva,
1457,ashby:addi:3bd56ed4-5368-4591-9acc-edcc39ef45a7,addi:fieldsalesrepresentativemedellin,Addi,ashby,addi,3bd56ed4-5368-4591-9acc-edcc39ef45a7,Field Sales Representative | Medellin,Medellín,https://jobs.ashbyhq.com/addi/3bd56ed4-5368-4591-9acc-edcc39ef45a7,2025-12-11T13:38:50.743+00:00,2026-09-21T16:33:41-05:00,,no,titulo fuera de perfil,desarrollo,,,,nueva,
1458,ashby:addi:f4cf39f2-43c5-44f7-aa25-37d726748967,addi:backendengineeric2,Addi,ashby,addi,f4cf39f2-43c5-44f7-aa25-37d726748967,Backend Engineer | IC2,Colombia,https://jobs.ashbyhq.com/addi/f4cf39f2-43c5-44f7-aa25-37d726748967,2026-06-17T12:29:57.729+00:00,2026-09-21T16:33:41-05:00,,si,ubicacion compatible,desarrollo,5.5,"stack 3.4 (bruto 8.5) | seniority 6 (sin_marca, desarrollo) | contexto 10","RIESGO: menciona presencial/hibrido, confirmar",nueva,
1459,ashby:addi:6fa084b9-5cbb-4141-98b7-f2fdf29fea1c,addi:categorymanager,Addi,ashby,addi,6fa084b9-5cbb-4141-98b7-f2fdf29fea1c,Category Manager,Colombia,https://jobs.ashbyhq.com/addi/6fa084b9-5cbb-4141-98b7-f2fdf29fea1c,2026-09-21T19:48:45.451+00:00,2026-09-21T16:33:41-05:00,,no,titulo fuera de perfil,desarrollo,,,,nueva,
1460,ashby:addi:b32ab3e6-5782-4935-8c92-33cc77013659,addi:seniorhuntermarketplace,Addi,ashby,addi,b32ab3e6-5782-4935-8c92-33cc77013659,Senior Hunter Marketplace,Colombia,https://jobs.ashbyhq.com/addi/b32ab3e6-5782-4935-8c92-33cc77013659,2026-09-21T19:47:32.464+00:00,2026-09-21T16:33:41-05:00,,no,titulo fuera de perfil,desarrollo,,,,nueva,
1461,ashby:addi:676f2e71-f40d-42c1-9ebb-4148fbf48df7,addi:growthmanageractivationconsumer,Addi,ashby,addi,676f2e71-f40d-42c1-9ebb-4148fbf48df7,Growth Manager (Activation & Consumer),Colombia,https://jobs.ashbyhq.com/addi/676f2e71-f40d-42c1-9ebb-4148fbf48df7,2026-08-31T14:55:47.071+00:00,2026-09-21T16:33:41-05:00,,no,titulo fuera de perfil,desarrollo,,,,nueva,
1462,ashby:addi:0e2f3b0f-cdd1-46ca-9fc0-711be80ba4c7,addi:secopsengineer,Addi,ashby,addi,0e2f3b0f-cdd1-46ca-9fc0-711be80ba4c7,SecOps Engineer,Colombia,https://jobs.ashbyhq.com/addi/0e2f3b0f-cdd1-46ca-9fc0-711be80ba4c7,2026-09-04T19:26:52.718+00:00,2026-09-21T16:33:41-05:00,,si,ubicacion compatible,desarrollo,0,"stack 1.6 (bruto 4) | seniority 6 (sin_marca, desarrollo) | contexto 10",KNOCKOUT: stack 1.6 bajo el piso de 2.0 || BRECHA: piden 3+ anos de experiencia,nueva,
1463,ashby:addi:7365e947-c71f-4509-8392-9fa2cee37749,addi:frontendsoftwareengineermobilel3,Addi,ashby,addi,7365e947-c71f-4509-8392-9fa2cee37749,Frontend Software Engineer (Mobile) | L3,Colombia,https://jobs.ashbyhq.com/addi/7365e947-c71f-4509-8392-9fa2cee37749,2026-09-15T14:48:09.318+00:00,2026-09-21T16:33:41-05:00,,si,ubicacion compatible,desarrollo,0,"stack 1.0 (bruto 2.5) | seniority 10 (mid, desarrollo) | contexto 10",KNOCKOUT: stack 1.0 bajo el piso de 2.0 || BRECHA: piden 5+ anos de experiencia,nueva,
1464,ashby:addi:e7cd2bff-61ad-4b8b-9bfb-b165b3a94ec1,addi:recruitersalesops,Addi,ashby,addi,e7cd2bff-61ad-4b8b-9bfb-b165b3a94ec1,Recruiter (Sales & Ops),Bogotá,https://jobs.ashbyhq.com/addi/e7cd2bff-61ad-4b8b-9bfb-b165b3a94ec1,2026-09-10T01:23:33.088+00:00,2026-09-21T16:33:41-05:00,,no,titulo fuera de perfil,automatizacion,,,,nueva,
1465,ashby:addi:6534a249-6193-479c-a60a-722a984311ef,addi:frontendengineeric2,Addi,ashby,addi,6534a249-6193-479c-a60a-722a984311ef,Frontend Engineer IC2,Colombia,https://jobs.ashbyhq.com/addi/6534a249-6193-479c-a60a-722a984311ef,2026-08-14T20:50:15.647+00:00,2026-09-21T16:33:41-05:00,,si,ubicacion compatible,desarrollo,5.5,"stack 3.4 (bruto 8.5) | seniority 6 (sin_marca, desarrollo) | contexto 10",,nueva,
1466,ashby:addi:46830975-7138-41aa-a606-749dd0d2141f,addi:seniorb2bmarketingmanager,Addi,ashby,addi,46830975-7138-41aa-a606-749dd0d2141f,Senior B2B Marketing Manager,LatAm,https://jobs.ashbyhq.com/addi/46830975-7138-41aa-a606-749dd0d2141f,2026-06-24T17:13:00.539+00:00,2026-09-21T16:33:41-05:00,,no,titulo fuera de perfil,desarrollo,,,,nueva,
1467,ashby:addi:d0def55f-3044-4c37-ae5d-af44aec732c2,addi:seniorstaffplatformengineer,Addi,ashby,addi,d0def55f-3044-4c37-ae5d-af44aec732c2,Senior/Staff Platform Engineer,Bogotá / Colombia / LatAm,https://jobs.ashbyhq.com/addi/d0def55f-3044-4c37-ae5d-af44aec732c2,2026-07-01T21:46:08.269+00:00,2026-09-21T16:33:41-05:00,,si,ubicacion compatible,desarrollo,0,"stack 3.4 (bruto 8.5) | seniority 0 (top, desarrollo) | contexto 10",KNOCKOUT: seniority 'top' fuera de alcance en rol de desarrollo || BRECHA: piden 3+ anos de experiencia,nueva,
1468,ashby:addi:34163edc-d995-40fb-8b52-6a7027e77038,addi:seniorcapitalmarketsoperationsanalyst,Addi,ashby,addi,34163edc-d995-40fb-8b52-6a7027e77038,Senior Capital Markets Operations Analyst,Colombia,https://jobs.ashbyhq.com/addi/34163edc-d995-40fb-8b52-6a7027e77038,2026-08-05T16:56:29.569+00:00,2026-09-21T16:33:41-05:00,,no,titulo fuera de perfil,automatizacion,,,,nueva,
1469,ashby:addi:47e36408-41dd-4631-af71-3630bf386f2f,addi:agentedeservicioalclienteprogramadeinclusion,Addi,ashby,addi,47e36408-41dd-4631-af71-3630bf386f2f,Agente de Servicio al Cliente | Programa de Inclusión,Bogotá,https://jobs.ashbyhq.com/addi/47e36408-41dd-4631-af71-3630bf386f2f,2026-07-18T02:45:00.530+00:00,2026-09-21T16:33:41-05:00,,no,titulo fuera de perfil,desarrollo,,,,nueva,
1470,ashby:addi:250972af-c510-46dc-9066-82c934b1eb4b,addi:consumergrowthspecialist,Addi,ashby,addi,250972af-c510-46dc-9066-82c934b1eb4b,Consumer Growth Specialist,Colombia,https://jobs.ashbyhq.com/addi/250972af-c510-46dc-9066-82c934b1eb4b,2026-08-05T22:51:54.424+00:00,2026-09-21T16:33:41-05:00,,no,titulo fuera de perfil,desarrollo,,,,nueva,
1471,ashby:addi:ff91e878-7ebe-4711-b0e4-3f789d781b0d,addi:marketplacelogisticsspecialist,Addi,ashby,addi,ff91e878-7ebe-4711-b0e4-3f789d781b0d,Marketplace Logistics Specialist,Colombia,https://jobs.ashbyhq.com/addi/ff91e878-7ebe-4711-b0e4-3f789d781b0d,2026-08-04T23:02:32.999+00:00,2026-09-21T16:33:41-05:00,,no,titulo fuera de perfil,desarrollo,,,,nueva,
1472,ashby:addi:adf26c92-bacb-4c05-aa65-cd62aeb520af,addi:aianalyticsengineer,Addi,ashby,addi,adf26c92-bacb-4c05-aa65-cd62aeb520af,AI Analytics Engineer,Colombia,https://jobs.ashbyhq.com/addi/adf26c92-bacb-4c05-aa65-cd62aeb520af,2026-08-06T22:37:56.671+00:00,2026-09-21T16:33:41-05:00,,si,ubicacion compatible,desarrollo,6.4,"stack 5.2 (bruto 13) | seniority 6 (sin_marca, desarrollo) | contexto 10","RIESGO: menciona presencial/hibrido, confirmar",nueva,
1473,ashby:addi:bd357767-71cc-483b-8f92-fded1b7eb0f5,addi:fieldsalessupervisormedellin,Addi,ashby,addi,bd357767-71cc-483b-8f92-fded1b7eb0f5,Field Sales Supervisor | Medellín,Colombia,https://jobs.ashbyhq.com/addi/bd357767-71cc-483b-8f92-fded1b7eb0f5,2026-08-16T09:53:11.415+00:00,2026-09-21T16:33:41-05:00,,no,titulo fuera de perfil,desarrollo,,,,nueva,
1474,ashby:addi:0761d2f1-aa8c-4c75-a678-8b9f6a073101,addi:strategicfinancemanager,Addi,ashby,addi,0761d2f1-aa8c-4c75-a678-8b9f6a073101,Strategic Finance Manager,Bogotá,https://jobs.ashbyhq.com/addi/0761d2f1-aa8c-4c75-a678-8b9f6a073101,2026-08-26T21:19:11.346+00:00,2026-09-21T16:33:41-05:00,,no,titulo fuera de perfil,desarrollo,,,,nueva,
1475,ashby:addi:c87a4150-1a3f-42f7-b153-5ecd255b8c28,addi:fieldsalesrepresentativebuenaventura,Addi,ashby,addi,c87a4150-1a3f-42f7-b153-5ecd255b8c28,Field Sales Representative | Buenaventura,Buenaventura,https://jobs.ashbyhq.com/addi/c87a4150-1a3f-42f7-b153-5ecd255b8c28,2026-09-01T15:09:30.974+00:00,2026-09-21T16:33:41-05:00,,no,titulo fuera de perfil,desarrollo,,,,nueva,
1476,ashby:addi:1bf90d3e-aca1-48c5-9d1b-cbf7a1bad32e,addi:corporateitmanager,Addi,ashby,addi,1bf90d3e-aca1-48c5-9d1b-cbf7a1bad32e,Corporate IT Manager,Bogotá,https://jobs.ashbyhq.com/addi/1bf90d3e-aca1-48c5-9d1b-cbf7a1bad32e,2026-09-10T18:59:26.522+00:00,2026-09-21T16:33:41-05:00,,no,titulo fuera de perfil,desarrollo,,,,nueva,
1477,ashby:addi:b3b0f097-8961-4001-b8ba-0baacda32bb7,addi:capitalmarketsoperationlead,Addi,ashby,addi,b3b0f097-8961-4001-b8ba-0baacda32bb7,Capital Markets Operation Lead,LatAm,https://jobs.ashbyhq.com/addi/b3b0f097-8961-4001-b8ba-0baacda32bb7,2026-09-21T16:47:04.063+00:00,2026-09-21T16:33:41-05:00,,no,titulo fuera de perfil,desarrollo,,,,nueva,
1478,ashby:addi:92b68b7e-ae93-4313-aa53-7bd0f814d407,addi:bankfraudoperationslead,Addi,ashby,addi,92b68b7e-ae93-4313-aa53-7bd0f814d407,Bank Fraud Operations Lead,LatAm,https://jobs.ashbyhq.com/addi/92b68b7e-ae93-4313-aa53-7bd0f814d407,2026-09-14T23:38:07.613+00:00,2026-09-21T16:33:41-05:00,,no,titulo fuera de perfil,automatizacion,,,,nueva,
1479,ashby:addi:b8ee072b-66e3-43d2-851e-6ed6179928ee,addi:staffproductmanagerconversationalai,Addi,ashby,addi,b8ee072b-66e3-43d2-851e-6ed6179928ee,Staff Product Manager - Conversational AI,LatAm,https://jobs.ashbyhq.com/addi/b8ee072b-66e3-43d2-851e-6ed6179928ee,2026-09-15T14:59:54.751+00:00,2026-09-21T16:33:41-05:00,,si,ubicacion compatible,desarrollo,0,"stack 2.4 (bruto 6) | seniority 0 (top, desarrollo) | contexto 10",KNOCKOUT: seniority 'top' fuera de alcance en rol de desarrollo,nueva,
1480,ashby:addi:924d8e8b-d0f7-47b9-8445-7dbc2941a8af,addi:financialsystemscontrolslead,Addi,ashby,addi,924d8e8b-d0f7-47b9-8445-7dbc2941a8af,Financial Systems Controls Lead,Colombia,https://jobs.ashbyhq.com/addi/924d8e8b-d0f7-47b9-8445-7dbc2941a8af,2026-09-15T15:08:15.828+00:00,2026-09-21T16:33:41-05:00,,no,titulo fuera de perfil,desarrollo,,,,nueva,
1481,ashby:supabase:23c9ce7e-6b7b-4316-8f00-8f318e902441,supabase:productmanagermarketplace,Supabase,ashby,supabase,23c9ce7e-6b7b-4316-8f00-8f318e902441,Product Manager - Marketplace,"Remote, Global",https://jobs.ashbyhq.com/supabase/23c9ce7e-6b7b-4316-8f00-8f318e902441,2026-07-24T10:49:09.045+00:00,2026-09-21T16:33:41-05:00,,no,titulo fuera de perfil,desarrollo,,,,nueva,
1482,ashby:supabase:d5573afa-636c-4219-832f-386f498243bf,supabase:customersolutionarchitectamer,Supabase,ashby,supabase,d5573afa-636c-4219-832f-386f498243bf,Customer Solution Architect (AMER),"Remote, AMER",https://jobs.ashbyhq.com/supabase/d5573afa-636c-4219-832f-386f498243bf,2024-11-14T17:58:07.662+00:00,2026-09-21T16:33:41-05:00,,no,titulo fuera de perfil,desarrollo,,,,nueva,
1483,ashby:supabase:c01f7436-1fdd-4a3e-8b96-8cadc33b006e,supabase:supportengineeremea,Supabase,ashby,supabase,c01f7436-1fdd-4a3e-8b96-8cadc33b006e,Support Engineer (EMEA),"Remote, EMEA",https://jobs.ashbyhq.com/supabase/c01f7436-1fdd-4a3e-8b96-8cadc33b006e,2025-05-30T20:36:32.528+00:00,2026-09-21T16:33:41-05:00,,no,ubicacion fuera de Colombia/LATAM/remoto global,desarrollo,,,,nueva,
1484,ashby:supabase:e4e3ccb7-7b7d-42a2-be0f-26cbb5ae4abd,supabase:supportengineeramer,Supabase,ashby,supabase,e4e3ccb7-7b7d-42a2-be0f-26cbb5ae4abd,Support Engineer (AMER),"Remote, AMER",https://jobs.ashbyhq.com/supabase/e4e3ccb7-7b7d-42a2-be0f-26cbb5ae4abd,2025-01-15T16:41:31.938+00:00,2026-09-21T16:33:41-05:00,,si,"remoto sin pais, confirmar elegibilidad",desarrollo,4.4,"stack 2.0 (bruto 5) | seniority 6 (sin_marca, desarrollo) | contexto 8",BRECHA: piden 3+ anos de experiencia || RIESGO: exigen ingles alto,nueva,
1485,ashby:supabase:142135ae-a15f-4ec7-90bb-cb4e7968bc09,supabase:supportengineerapac,Supabase,ashby,supabase,142135ae-a15f-4ec7-90bb-cb4e7968bc09,Support Engineer (APAC),"Remote, APAC",https://jobs.ashbyhq.com/supabase/142135ae-a15f-4ec7-90bb-cb4e7968bc09,2025-03-20T18:51:09.252+00:00,2026-09-21T16:33:41-05:00,,no,ubicacion fuera de Colombia/LATAM/remoto global,desarrollo,,,,nueva,
1486,ashby:supabase:2e718684-4f75-4a99-8d6b-3b6bd44e4228,supabase:multigresengineer,Supabase,ashby,supabase,2e718684-4f75-4a99-8d6b-3b6bd44e4228,Multigres Engineer,"Remote, Global",https://jobs.ashbyhq.com/supabase/2e718684-4f75-4a99-8d6b-3b6bd44e4228,2025-06-04T00:35:34.670+00:00,2026-09-21T16:33:41-05:00,,si,"remoto sin pais, confirmar elegibilidad",desarrollo,0,"stack 0.4 (bruto 1) | seniority 6 (sin_marca, desarrollo) | contexto 4",KNOCKOUT: stack 0.4 bajo el piso de 2.0,nueva,
1487,ashby:supabase:a1320bbf-bfae-49a8-a1b7-12eeccaf39ca,supabase:developerrelationsengineer,Supabase,ashby,supabase,a1320bbf-bfae-49a8-a1b7-12eeccaf39ca,Developer Relations Engineer,"Remote, San Francisco, CA",https://jobs.ashbyhq.com/supabase/a1320bbf-bfae-49a8-a1b7-12eeccaf39ca,2026-08-21T03:26:51.465+00:00,2026-09-21T16:33:41-05:00,,no,ubicacion fuera de Colombia/LATAM/remoto global,desarrollo,,,,nueva,
1488,ashby:supabase:dcf09dfe-55bc-44ba-b5db-1a2de7f33216,supabase:supportengineeramerweekends,Supabase,ashby,supabase,dcf09dfe-55bc-44ba-b5db-1a2de7f33216,Support Engineer (AMER - Weekends),"Remote, AMER",https://jobs.ashbyhq.com/supabase/dcf09dfe-55bc-44ba-b5db-1a2de7f33216,2026-07-31T22:08:18.588+00:00,2026-09-21T16:33:41-05:00,,si,"remoto sin pais, confirmar elegibilidad",desarrollo,4.4,"stack 2.0 (bruto 5) | seniority 6 (sin_marca, desarrollo) | contexto 8",BRECHA: piden 3+ anos de experiencia || RIESGO: exigen ingles alto,nueva,
1489,ashby:supabase:590a0742-97f1-47f4-81a2-567efc939ae2,supabase:supportengineeremeaweekends,Supabase,ashby,supabase,590a0742-97f1-47f4-81a2-567efc939ae2,Support Engineer (EMEA - Weekends),"Remote, Global",https://jobs.ashbyhq.com/supabase/590a0742-97f1-47f4-81a2-567efc939ae2,2026-07-31T19:04:49.027+00:00,2026-09-21T16:33:41-05:00,,si,"remoto sin pais, confirmar elegibilidad",desarrollo,4.4,"stack 2.0 (bruto 5) | seniority 6 (sin_marca, desarrollo) | contexto 8",BRECHA: piden 3+ anos de experiencia || RIESGO: exigen ingles alto,nueva,
1490,ashby:supabase:a069c886-1107-408e-88b4-e1aa8d33d4bc,supabase:accountexecutiveemea,Supabase,ashby,supabase,a069c886-1107-408e-88b4-e1aa8d33d4bc,Account Executive (EMEA),"Remote, EMEA / Europe",https://jobs.ashbyhq.com/supabase/a069c886-1107-408e-88b4-e1aa8d33d4bc,2026-08-26T19:59:56.317+00:00,2026-09-21T16:33:41-05:00,,no,titulo fuera de perfil,desarrollo,,,,nueva,
1491,ashby:supabase:c16bd707-29f2-46fb-8409-7270ff00978b,supabase:postgresengineeramer,Supabase,ashby,supabase,c16bd707-29f2-46fb-8409-7270ff00978b,Postgres Engineer (AMER),"Remote, AMER",https://jobs.ashbyhq.com/supabase/c16bd707-29f2-46fb-8409-7270ff00978b,2026-02-27T13:33:39.016+00:00,2026-09-21T16:33:41-05:00,,si,"remoto sin pais, confirmar elegibilidad",desarrollo,0,"stack 0.8 (bruto 2) | seniority 6 (sin_marca, desarrollo) | contexto 4",KNOCKOUT: stack 0.8 bajo el piso de 2.0,nueva,
1492,ashby:supabase:f035bda1-b5d3-4c5b-8736-b9c335fe1c3b,supabase:multigresdeploymentengineer,Supabase,ashby,supabase,f035bda1-b5d3-4c5b-8736-b9c335fe1c3b,Multigres Deployment Engineer,"Remote, Global",https://jobs.ashbyhq.com/supabase/f035bda1-b5d3-4c5b-8736-b9c335fe1c3b,2026-04-15T20:52:02.563+00:00,2026-09-21T16:33:41-05:00,,si,"remoto sin pais, confirmar elegibilidad",desarrollo,4,"stack 2.8 (bruto 7) | seniority 6 (sin_marca, desarrollo) | contexto 4",,nueva,
1493,ashby:supabase:66bab062-b769-43cf-ac3c-a2630257624c,supabase:customersolutionarchitectteamlead,Supabase,ashby,supabase,66bab062-b769-43cf-ac3c-a2630257624c,"Customer Solution Architect, Team Lead","Remote, AMER",https://jobs.ashbyhq.com/supabase/66bab062-b769-43cf-ac3c-a2630257624c,2026-05-29T19:56:24.832+00:00,2026-09-21T16:33:41-05:00,,no,titulo fuera de perfil,desarrollo,,,,nueva,
1494,ashby:supabase:f18b1173-51c3-4ff6-bcda-89f8111931f4,supabase:databasesupportengineeramer,Supabase,ashby,supabase,f18b1173-51c3-4ff6-bcda-89f8111931f4,Database Support Engineer (AMER),"Remote, AMER",https://jobs.ashbyhq.com/supabase/f18b1173-51c3-4ff6-bcda-89f8111931f4,2025-12-17T21:42:14.767+00:00,2026-09-21T16:33:41-05:00,,si,"remoto sin pais, confirmar elegibilidad",desarrollo,0,"stack 1.2 (bruto 3) | seniority 6 (sin_marca, desarrollo) | contexto 8",KNOCKOUT: stack 1.2 bajo el piso de 2.0 || BRECHA: piden 7+ anos de experiencia,nueva,
1495,ashby:supabase:3889002e-536e-4046-a330-70e942b0cc96,supabase:databasesupportengineeremea,Supabase,ashby,supabase,3889002e-536e-4046-a330-70e942b0cc96,Database Support Engineer (EMEA),"Remote, EMEA",https://jobs.ashbyhq.com/supabase/3889002e-536e-4046-a330-70e942b0cc96,2025-12-17T21:45:16.304+00:00,2026-09-21T16:33:41-05:00,,no,ubicacion fuera de Colombia/LATAM/remoto global,desarrollo,,,,nueva,
1496,ashby:supabase:62945518-2468-4cf5-9f36-904b60f75183,supabase:databasesupportengineerapac,Supabase,ashby,supabase,62945518-2468-4cf5-9f36-904b60f75183,Database Support Engineer (APAC),"Remote, APAC",https://jobs.ashbyhq.com/supabase/62945518-2468-4cf5-9f36-904b60f75183,2025-12-17T21:46:32.608+00:00,2026-09-21T16:33:41-05:00,,no,ubicacion fuera de Colombia/LATAM/remoto global,desarrollo,,,,nueva,
1497,ashby:supabase:4859464f-afab-4409-b295-4f4cbbfc41eb,supabase:accountexecutiveapac,Supabase,ashby,supabase,4859464f-afab-4409-b295-4f4cbbfc41eb,Account Executive  (APAC),"Remote, APAC",https://jobs.ashbyhq.com/supabase/4859464f-afab-4409-b295-4f4cbbfc41eb,2026-03-06T19:19:02.506+00:00,2026-09-21T16:33:41-05:00,,no,titulo fuera de perfil,desarrollo,,,,nueva,
1498,ashby:supabase:48950725-e0d9-4025-92d9-f75e1b60ce45,supabase:postgresdeploymentengineernix,Supabase,ashby,supabase,48950725-e0d9-4025-92d9-f75e1b60ce45,Postgres Deployment Engineer (Nix),"Remote, Global",https://jobs.ashbyhq.com/supabase/48950725-e0d9-4025-92d9-f75e1b60ce45,2026-06-26T15:11:07.016+00:00,2026-09-21T16:33:41-05:00,,si,"remoto sin pais, confirmar elegibilidad",desarrollo,0,"stack 1.4 (bruto 3.5) | seniority 6 (sin_marca, desarrollo) | contexto 4",KNOCKOUT: stack 1.4 bajo el piso de 2.0 || BRECHA: piden 3+ anos de experiencia,nueva,
1499,ashby:supabase:e569b7f7-fa8f-4139-86f6-4f52b456882d,supabase:softwareengineerauth,Supabase,ashby,supabase,e569b7f7-fa8f-4139-86f6-4f52b456882d,Software Engineer - Auth,"Remote, Global",https://jobs.ashbyhq.com/supabase/e569b7f7-fa8f-4139-86f6-4f52b456882d,2026-04-08T14:16:04.915+00:00,2026-09-21T16:33:41-05:00,,si,"remoto sin pais, confirmar elegibilidad",desarrollo,4.5,"stack 2.2 (bruto 5.5) | seniority 6 (sin_marca, desarrollo) | contexto 8",,nueva,
1500,ashby:supabase:b8010a28-109c-46a9-b8b7-c7f9b24077fa,supabase:productmanagersecuritytrustemeaamer,Supabase,ashby,supabase,b8010a28-109c-46a9-b8b7-c7f9b24077fa,Product Manager - Security & Trust (EMEA/AMER),"Remote, Global / Remote, EMEA / Remote, AMER",https://jobs.ashbyhq.com/supabase/b8010a28-109c-46a9-b8b7-c7f9b24077fa,2026-04-29T11:07:28.934+00:00,2026-09-21T16:33:41-05:00,,no,titulo fuera de perfil,desarrollo,,,,nueva,
1501,ashby:supabase:b7206c22-979f-444a-809b-e70d9ee23c7f,supabase:softwareengineeriacplatformexperience,Supabase,ashby,supabase,b7206c22-979f-444a-809b-e70d9ee23c7f,Software Engineer: IaC Platform Experience,"Remote, Global",https://jobs.ashbyhq.com/supabase/b7206c22-979f-444a-809b-e70d9ee23c7f,2026-05-13T12:37:38.287+00:00,2026-09-21T16:33:41-05:00,,si,"remoto sin pais, confirmar elegibilidad",desarrollo,4.5,"stack 2.2 (bruto 5.5) | seniority 6 (sin_marca, desarrollo) | contexto 8",BRECHA: piden 5+ anos de experiencia,nueva,
1502,ashby:supabase:3ab0b926-c9b5-4197-aff2-88d5bf009e13,supabase:edgefunctionsengineer,Supabase,ashby,supabase,3ab0b926-c9b5-4197-aff2-88d5bf009e13,Edge Functions Engineer,"Remote, Global",https://jobs.ashbyhq.com/supabase/3ab0b926-c9b5-4197-aff2-88d5bf009e13,2026-05-13T09:45:06.011+00:00,2026-09-21T16:33:41-05:00,,si,"remoto sin pais, confirmar elegibilidad",desarrollo,3.9,"stack 2.6 (bruto 6.5) | seniority 6 (sin_marca, desarrollo) | contexto 4",BRECHA: piden 5+ anos de experiencia,nueva,
1503,ashby:supabase:47bcfdb8-b954-423e-8a9e-85256434575c,supabase:productleadinfrastructure,Supabase,ashby,supabase,47bcfdb8-b954-423e-8a9e-85256434575c,"Product Lead, Infrastructure","Remote, Global",https://jobs.ashbyhq.com/supabase/47bcfdb8-b954-423e-8a9e-85256434575c,2026-06-01T09:46:41.367+00:00,2026-09-21T16:33:41-05:00,,no,titulo fuera de perfil,desarrollo,,,,nueva,
1504,ashby:supabase:621516b5-4d8f-4ee9-8287-2da12e63d023,supabase:orioledbdeveloperamer,Supabase,ashby,supabase,621516b5-4d8f-4ee9-8287-2da12e63d023,OrioleDB Developer (AMER),"Remote, AMER",https://jobs.ashbyhq.com/supabase/621516b5-4d8f-4ee9-8287-2da12e63d023,2026-05-19T14:43:21.010+00:00,2026-09-21T16:33:41-05:00,,si,"remoto sin pais, confirmar elegibilidad",desarrollo,4.6,"stack 2.4 (bruto 6) | seniority 6 (sin_marca, desarrollo) | contexto 8",BRECHA: piden 8+ anos de experiencia,nueva,
1505,ashby:supabase:99a80436-89ec-412b-b782-1dd462bd16dc,supabase:engineeringmanager,Supabase,ashby,supabase,99a80436-89ec-412b-b782-1dd462bd16dc,Engineering Manager,"Remote, Global",https://jobs.ashbyhq.com/supabase/99a80436-89ec-412b-b782-1dd462bd16dc,2026-06-22T10:24:32.614+00:00,2026-09-21T16:33:41-05:00,,si,"remoto sin pais, confirmar elegibilidad",desarrollo,0,"stack 0.4 (bruto 1) | seniority 0 (lead, desarrollo) | contexto 4",KNOCKOUT: stack 0.4 bajo el piso de 2.0 || KNOCKOUT: seniority 'lead' fuera de alcance en rol de desarrollo || BRECHA: piden 3+ anos de experiencia,nueva,
1506,ashby:supabase:ed6cedb1-b9bf-4609-ac5c-c75c33b31bf3,supabase:sitereliabilityengineer,Supabase,ashby,supabase,ed6cedb1-b9bf-4609-ac5c-c75c33b31bf3,Site Reliability Engineer,"Remote, Global",https://jobs.ashbyhq.com/supabase/ed6cedb1-b9bf-4609-ac5c-c75c33b31bf3,2026-06-19T06:04:39.827+00:00,2026-09-21T16:33:41-05:00,,si,"remoto sin pais, confirmar elegibilidad",desarrollo,0,"stack 1.2 (bruto 3) | seniority 6 (sin_marca, desarrollo) | contexto 4",KNOCKOUT: stack 1.2 bajo el piso de 2.0 || BRECHA: piden 7+ anos de experiencia,nueva,
1507,ashby:supabase:4a85c92b-1d0d-43ee-8dbc-0e45a58be208,supabase:branddesigner,Supabase,ashby,supabase,4a85c92b-1d0d-43ee-8dbc-0e45a58be208,Brand Designer,"Remote, Global",https://jobs.ashbyhq.com/supabase/4a85c92b-1d0d-43ee-8dbc-0e45a58be208,2026-06-23T14:51:39.758+00:00,2026-09-21T16:33:41-05:00,2026-09-23,no,titulo fuera de perfil,desarrollo,,,,nueva,
1508,ashby:supabase:620bcab3-787c-4ffe-bd37-5d45e209925e,supabase:apiengineer,Supabase,ashby,supabase,620bcab3-787c-4ffe-bd37-5d45e209925e,API Engineer,"Remote, AMER",https://jobs.ashbyhq.com/supabase/620bcab3-787c-4ffe-bd37-5d45e209925e,2026-07-03T21:36:31.249+00:00,2026-09-21T16:33:41-05:00,,si,"remoto sin pais, confirmar elegibilidad",desarrollo,4.4,"stack 3.6 (bruto 9) | seniority 6 (sin_marca, desarrollo) | contexto 4",BRECHA: piden 5+ anos de experiencia,nueva,
1509,ashby:supabase:f0f277ac-b96c-478a-81ca-7bd80612533f,supabase:partnershipsmanagerecosystem,Supabase,ashby,supabase,f0f277ac-b96c-478a-81ca-7bd80612533f,"Partnerships Manager, Ecosystem","Remote, AMER",https://jobs.ashbyhq.com/supabase/f0f277ac-b96c-478a-81ca-7bd80612533f,2026-09-11T13:27:39.478+00:00,2026-09-21T16:33:41-05:00,,no,titulo fuera de perfil,desarrollo,,,,nueva,
1510,ashby:supabase:577bdf6d-f34b-4b9e-8d6b-b96776675c94,supabase:partneroperationssystemslead,Supabase,ashby,supabase,577bdf6d-f34b-4b9e-8d6b-b96776675c94,Partner Operations & Systems Lead,"Remote, US West",https://jobs.ashbyhq.com/supabase/577bdf6d-f34b-4b9e-8d6b-b96776675c94,2026-09-03T13:02:06.478+00:00,2026-09-21T16:33:41-05:00,,no,titulo fuera de perfil,automatizacion,,,,nueva,
1511,ashby:supabase:cb04ae3a-3a47-4e21-928f-c2456b7b214e,supabase:strategicpartnermanager,Supabase,ashby,supabase,cb04ae3a-3a47-4e21-928f-c2456b7b214e,Strategic Partner Manager,"Remote, Global / Remote, San Francisco, CA / Remote, AMER",https://jobs.ashbyhq.com/supabase/cb04ae3a-3a47-4e21-928f-c2456b7b214e,2026-07-14T21:22:38.215+00:00,2026-09-21T16:33:41-05:00,,no,titulo fuera de perfil,desarrollo,,,,nueva,
1512,ashby:supabase:b75ba81e-54cc-4393-a575-bc41776b0113,supabase:supaliteengineer,Supabase,ashby,supabase,b75ba81e-54cc-4393-a575-bc41776b0113,Supalite Engineer,"Remote, Global",https://jobs.ashbyhq.com/supabase/b75ba81e-54cc-4393-a575-bc41776b0113,2026-07-17T10:25:35.625+00:00,2026-09-21T16:33:41-05:00,,si,"remoto sin pais, confirmar elegibilidad",desarrollo,4.1,"stack 3.0 (bruto 7.5) | seniority 6 (sin_marca, desarrollo) | contexto 4",,nueva,
1513,ashby:supabase:715ba1ea-bd0b-4960-9d5a-defca99f2e24,supabase:eventprogramsmanagerdevelopercommunityecosystem,Supabase,ashby,supabase,715ba1ea-bd0b-4960-9d5a-defca99f2e24,"Event Programs Manager, Developer Community & Ecosystem","Remote, San Francisco, CA",https://jobs.ashbyhq.com/supabase/715ba1ea-bd0b-4960-9d5a-defca99f2e24,2026-07-17T14:44:19.085+00:00,2026-09-21T16:33:41-05:00,,no,ubicacion fuera de Colombia/LATAM/remoto global,desarrollo,,,,nueva,
1514,ashby:supabase:180257c0-ad46-4fae-b34f-36d8ddc2fe2e,supabase:partnershipsleadapac,Supabase,ashby,supabase,180257c0-ad46-4fae-b34f-36d8ddc2fe2e,Partnerships Lead (APAC),"Remote, Singapore",https://jobs.ashbyhq.com/supabase/180257c0-ad46-4fae-b34f-36d8ddc2fe2e,2026-07-29T08:46:18.387+00:00,2026-09-21T16:33:41-05:00,,no,titulo fuera de perfil,desarrollo,,,,nueva,
1515,ashby:supabase:97fe8e68-28c5-42db-a763-60113f0b31fd,supabase:productdesigner,Supabase,ashby,supabase,97fe8e68-28c5-42db-a763-60113f0b31fd,Product Designer,"Remote, Global",https://jobs.ashbyhq.com/supabase/97fe8e68-28c5-42db-a763-60113f0b31fd,2026-07-22T11:01:14.397+00:00,2026-09-21T16:33:41-05:00,2026-09-23,no,titulo fuera de perfil,desarrollo,,,,nueva,
1516,ashby:supabase:79dd0887-e54c-484c-a988-c8720040dd0b,supabase:partnershipsleademea,Supabase,ashby,supabase,79dd0887-e54c-484c-a988-c8720040dd0b,Partnerships Lead (EMEA),"Remote, London UK",https://jobs.ashbyhq.com/supabase/79dd0887-e54c-484c-a988-c8720040dd0b,2026-07-26T19:20:28.243+00:00,2026-09-21T16:33:41-05:00,2026-09-22,no,titulo fuera de perfil,desarrollo,,,,nueva,
1517,ashby:supabase:f6035bf8-4f44-4425-9944-d5509a3c8652,supabase:releaseengineer,Supabase,ashby,supabase,f6035bf8-4f44-4425-9944-d5509a3c8652,Release Engineer,"Remote, Global",https://jobs.ashbyhq.com/supabase/f6035bf8-4f44-4425-9944-d5509a3c8652,2026-07-27T11:06:59.312+00:00,2026-09-21T16:33:41-05:00,,si,"remoto sin pais, confirmar elegibilidad",desarrollo,0,"stack 1.2 (bruto 3) | seniority 6 (sin_marca, desarrollo) | contexto 4",KNOCKOUT: stack 1.2 bajo el piso de 2.0 || BRECHA: piden 5+ anos de experiencia,nueva,
1518,ashby:supabase:98ef6a11-9898-4960-9931-1264285849f3,supabase:performanceengineerperformanceanalysistuning,Supabase,ashby,supabase,98ef6a11-9898-4960-9931-1264285849f3,Performance Engineer - Performance Analysis & Tuning,"Remote, Global",https://jobs.ashbyhq.com/supabase/98ef6a11-9898-4960-9931-1264285849f3,2026-07-28T09:41:57.229+00:00,2026-09-21T16:33:41-05:00,,si,"remoto sin pais, confirmar elegibilidad",desarrollo,0,"stack 1.2 (bruto 3) | seniority 6 (sin_marca, desarrollo) | contexto 4",KNOCKOUT: stack 1.2 bajo el piso de 2.0,nueva,
1519,ashby:supabase:11beb619-0c25-4b11-9818-3f18e278c65b,supabase:performanceengineerbenchmarking,Supabase,ashby,supabase,11beb619-0c25-4b11-9818-3f18e278c65b,Performance Engineer - Benchmarking,"Remote, Global",https://jobs.ashbyhq.com/supabase/11beb619-0c25-4b11-9818-3f18e278c65b,2026-07-28T09:49:44.361+00:00,2026-09-21T16:33:41-05:00,,si,"remoto sin pais, confirmar elegibilidad",desarrollo,0,"stack 0.4 (bruto 1) | seniority 6 (sin_marca, desarrollo) | contexto 4",KNOCKOUT: stack 0.4 bajo el piso de 2.0,nueva,
1520,ashby:supabase:8229db66-dc3f-4ffe-8d86-90ce9ffb4c90,supabase:engineeringproductivityengineer,Supabase,ashby,supabase,8229db66-dc3f-4ffe-8d86-90ce9ffb4c90,Engineering Productivity Engineer,"Remote, Global",https://jobs.ashbyhq.com/supabase/8229db66-dc3f-4ffe-8d86-90ce9ffb4c90,2026-08-02T10:39:06.516+00:00,2026-09-21T16:33:41-05:00,,si,"remoto sin pais, confirmar elegibilidad",desarrollo,5.4,"stack 4.0 (bruto 10) | seniority 6 (sin_marca, desarrollo) | contexto 8",BRECHA: piden 7+ anos de experiencia,nueva,
1521,ashby:supabase:59083a14-b2b6-4dd8-8037-739aa1ad1e22,supabase:seniordataanalystmarketing,Supabase,ashby,supabase,59083a14-b2b6-4dd8-8037-739aa1ad1e22,Senior Data Analyst - Marketing,"Remote, Global",https://jobs.ashbyhq.com/supabase/59083a14-b2b6-4dd8-8037-739aa1ad1e22,2026-08-04T19:08:19.856+00:00,2026-09-21T16:33:41-05:00,,si,"remoto sin pais, confirmar elegibilidad",desarrollo,2.9,"stack 2.4 (bruto 6) | seniority 3 (senior, desarrollo) | contexto 4",BRECHA: titulo 'senior' en rol de desarrollo || BRECHA: piden 6+ anos de experiencia,nueva,
1522,ashby:supabase:f8fc6aae-d2b4-456a-97db-012a1970c398,supabase:fieldmarketingmanagerstartups,Supabase,ashby,supabase,f8fc6aae-d2b4-456a-97db-012a1970c398,"Field Marketing Manager, Startups","Remote, San Francisco, CA",https://jobs.ashbyhq.com/supabase/f8fc6aae-d2b4-456a-97db-012a1970c398,2026-08-17T16:59:19.741+00:00,2026-09-21T16:33:41-05:00,,no,titulo fuera de perfil,desarrollo,,,,nueva,
1523,ashby:supabase:98ae5c78-eab7-4879-b143-96b98e4d0dbb,supabase:developerrelationsengineernewyorkny,Supabase,ashby,supabase,98ae5c78-eab7-4879-b143-96b98e4d0dbb,"Developer Relations Engineer (New York, NY)","Remote, New York, US",https://jobs.ashbyhq.com/supabase/98ae5c78-eab7-4879-b143-96b98e4d0dbb,2026-08-21T00:23:04.954+00:00,2026-09-21T16:33:41-05:00,,no,ubicacion fuera de Colombia/LATAM/remoto global,desarrollo,,,,nueva,
1524,ashby:supabase:1acade7a-0b80-4c6c-9253-7c27a165739d,supabase:developerrelationsengineerlondonuk,Supabase,ashby,supabase,1acade7a-0b80-4c6c-9253-7c27a165739d,"Developer Relations Engineer (London, UK)","Remote, London UK",https://jobs.ashbyhq.com/supabase/1acade7a-0b80-4c6c-9253-7c27a165739d,2026-08-21T00:33:52.738+00:00,2026-09-21T16:33:41-05:00,,no,ubicacion fuera de Colombia/LATAM/remoto global,desarrollo,,,,nueva,
1525,ashby:supabase:624d48cc-8d34-4607-bace-e6d045df70b8,supabase:presalessolutionsarchitectsaleader,Supabase,ashby,supabase,624d48cc-8d34-4607-bace-e6d045df70b8,Pre-Sales Solutions Architect (SA) Leader,"Remote, Global",https://jobs.ashbyhq.com/supabase/624d48cc-8d34-4607-bace-e6d045df70b8,2026-08-24T22:00:58.257+00:00,2026-09-21T16:33:41-05:00,,si,"remoto sin pais, confirmar elegibilidad",automatizacion,3,"stack 2.0 (bruto 5) | seniority 4 (lead, automatizacion) | contexto 4",BRECHA: titulo 'lead' en rol de automatizacion,nueva,
1526,ashby:supabase:f52fd120-5fbe-4e0d-949d-01e217ec77d6,supabase:technicalaccountmanagementtamleader,Supabase,ashby,supabase,f52fd120-5fbe-4e0d-949d-01e217ec77d6,Technical Account Management (TAM) Leader,"Remote, Global",https://jobs.ashbyhq.com/supabase/f52fd120-5fbe-4e0d-949d-01e217ec77d6,2026-08-24T22:01:46.152+00:00,2026-09-21T16:33:41-05:00,,si,"remoto sin pais, confirmar elegibilidad",desarrollo,0,"stack 0.4 (bruto 1) | seniority 6 (sin_marca, desarrollo) | contexto 4",KNOCKOUT: stack 0.4 bajo el piso de 2.0,nueva,
1527,ashby:supabase:7a5d81a2-c586-4d7f-a179-89c95869ca33,supabase:foundingtechnicalprogrammanager,Supabase,ashby,supabase,7a5d81a2-c586-4d7f-a179-89c95869ca33,Founding Technical Program Manager,"Remote, Global",https://jobs.ashbyhq.com/supabase/7a5d81a2-c586-4d7f-a179-89c95869ca33,2026-08-21T07:59:00.236+00:00,2026-09-21T16:33:41-05:00,,si,"remoto sin pais, confirmar elegibilidad",desarrollo,0,"stack 0.0 (bruto 0) | seniority 0 (lead, desarrollo) | contexto 8",KNOCKOUT: stack 0.0 bajo el piso de 2.0 || KNOCKOUT: seniority 'lead' fuera de alcance en rol de desarrollo || BRECHA: piden 7+ anos de experiencia,nueva,
1528,ashby:supabase:9773ea1b-e25b-437c-bdbd-3fce0c69101e,supabase:productmanagerbranching,Supabase,ashby,supabase,9773ea1b-e25b-437c-bdbd-3fce0c69101e,Product Manager - Branching,"Remote, Global",https://jobs.ashbyhq.com/supabase/9773ea1b-e25b-437c-bdbd-3fce0c69101e,2026-08-21T11:28:17.044+00:00,2026-09-21T16:33:41-05:00,2026-09-22,no,titulo fuera de perfil,desarrollo,,,,nueva,
1529,ashby:supabase:68a397e7-8a1a-4566-ae41-e8c61dd6ed93,supabase:productmanagerstrategicpartnerintegrationsbayareabased,Supabase,ashby,supabase,68a397e7-8a1a-4566-ae41-e8c61dd6ed93,Product Manager - Strategic Partner Integrations (Bay Area based),"Remote, Bay Area, CA",https://jobs.ashbyhq.com/supabase/68a397e7-8a1a-4566-ae41-e8c61dd6ed93,2026-08-21T11:40:44.050+00:00,2026-09-21T16:33:41-05:00,,no,ubicacion fuera de Colombia/LATAM/remoto global,automatizacion,,,,nueva,
1530,ashby:supabase:f3a7c4bf-3e79-4556-a4e9-04d6987a0e8f,supabase:awsenterprisesegmentlead,Supabase,ashby,supabase,f3a7c4bf-3e79-4556-a4e9-04d6987a0e8f,AWS Enterprise Segment Lead,"Remote, AMER",https://jobs.ashbyhq.com/supabase/f3a7c4bf-3e79-4556-a4e9-04d6987a0e8f,2026-08-28T00:07:11.385+00:00,2026-09-21T16:33:41-05:00,,no,titulo fuera de perfil,desarrollo,,,,nueva,
1531,ashby:supabase:344787f2-d115-4056-87ca-7668fc14be3d,supabase:awsgamedevelopmentsegmentlead,Supabase,ashby,supabase,344787f2-d115-4056-87ca-7668fc14be3d,AWS Game Development Segment Lead,"Remote, AMER",https://jobs.ashbyhq.com/supabase/344787f2-d115-4056-87ca-7668fc14be3d,2026-08-28T01:19:05.415+00:00,2026-09-21T16:33:41-05:00,,no,titulo fuera de perfil,desarrollo,,,,nueva,
1532,ashby:supabase:4eb14408-51e6-4c58-812a-3782d5c0b045,supabase:platformengineercomputecapacity,Supabase,ashby,supabase,4eb14408-51e6-4c58-812a-3782d5c0b045,Platform Engineer - Compute Capacity,"Remote, Global",https://jobs.ashbyhq.com/supabase/4eb14408-51e6-4c58-812a-3782d5c0b045,2026-09-02T10:03:09.472+00:00,2026-09-21T16:33:41-05:00,,si,"remoto sin pais, confirmar elegibilidad",desarrollo,3.7,"stack 2.2 (bruto 5.5) | seniority 6 (sin_marca, desarrollo) | contexto 4",BRECHA: piden 5+ anos de experiencia,nueva,
1533,ashby:supabase:06752423-eebb-472c-95b5-c7ff2559fd60,supabase:softwareengineerbranching,Supabase,ashby,supabase,06752423-eebb-472c-95b5-c7ff2559fd60,Software Engineer - Branching,"Remote, Global",https://jobs.ashbyhq.com/supabase/06752423-eebb-472c-95b5-c7ff2559fd60,2026-09-02T10:25:03.190+00:00,2026-09-21T16:33:41-05:00,,si,"remoto sin pais, confirmar elegibilidad",desarrollo,3.9,"stack 2.6 (bruto 6.5) | seniority 6 (sin_marca, desarrollo) | contexto 4",BRECHA: piden 3+ anos de experiencia,nueva,
1534,ashby:supabase:8fa1c7a0-a85c-4562-a1f5-4dd22cadae27,supabase:platformsecurityengineeramerapac,Supabase,ashby,supabase,8fa1c7a0-a85c-4562-a1f5-4dd22cadae27,Platform Security Engineer (AMER/APAC),"Remote, Global",https://jobs.ashbyhq.com/supabase/8fa1c7a0-a85c-4562-a1f5-4dd22cadae27,2026-09-02T20:44:27.045+00:00,2026-09-21T16:33:41-05:00,,si,"remoto sin pais, confirmar elegibilidad",desarrollo,0,"stack 1.2 (bruto 3) | seniority 6 (sin_marca, desarrollo) | contexto 8",KNOCKOUT: stack 1.2 bajo el piso de 2.0,nueva,
1535,ashby:supabase:b4a2f5e5-5c51-4c1a-abde-a89de27451c7,supabase:engineeringmanagerbilling,Supabase,ashby,supabase,b4a2f5e5-5c51-4c1a-abde-a89de27451c7,"Engineering Manager, Billing","Remote, Global",https://jobs.ashbyhq.com/supabase/b4a2f5e5-5c51-4c1a-abde-a89de27451c7,2026-09-12T08:44:14.892+00:00,2026-09-21T16:33:41-05:00,,si,"remoto sin pais, confirmar elegibilidad",desarrollo,0,"stack 2.8 (bruto 7) | seniority 0 (lead, desarrollo) | contexto 8",KNOCKOUT: seniority 'lead' fuera de alcance en rol de desarrollo || BRECHA: piden 3+ anos de experiencia,nueva,
1536,ashby:supabase:6c9de03c-e289-4612-9045-492985d0274b,supabase:platformengineeredgenetworking,Supabase,ashby,supabase,6c9de03c-e289-4612-9045-492985d0274b,"Platform Engineer, Edge & Networking","Remote, Global",https://jobs.ashbyhq.com/supabase/6c9de03c-e289-4612-9045-492985d0274b,2026-09-14T13:27:23.742+00:00,2026-09-21T16:33:41-05:00,,si,"remoto sin pais, confirmar elegibilidad",desarrollo,3.6,"stack 2.0 (bruto 5) | seniority 6 (sin_marca, desarrollo) | contexto 4",BRECHA: piden 4+ anos de experiencia,nueva,
1537,ashby:supabase:fab1525f-3d89-4d1c-9094-84d21647415e,supabase:finopsengineer,Supabase,ashby,supabase,fab1525f-3d89-4d1c-9094-84d21647415e,FinOps Engineer,"Remote, Global",https://jobs.ashbyhq.com/supabase/fab1525f-3d89-4d1c-9094-84d21647415e,2026-09-16T18:40:09.760+00:00,2026-09-21T16:33:41-05:00,,si,"remoto sin pais, confirmar elegibilidad",desarrollo,3.6,"stack 2.0 (bruto 5) | seniority 6 (sin_marca, desarrollo) | contexto 4",,nueva,
1538,ashby:posthog:0be1b52c-2401-4ae2-b7fc-5d018c1ff96f,posthog:technicalcustomersuccessmanageremea,PostHog,ashby,posthog,0be1b52c-2401-4ae2-b7fc-5d018c1ff96f,Technical Customer Success Manager - EMEA,Remote (EMEA),https://jobs.ashbyhq.com/posthog/0be1b52c-2401-4ae2-b7fc-5d018c1ff96f,2026-09-18T08:41:19.683+00:00,2026-09-21T16:33:41-05:00,,no,ubicacion fuera de Colombia/LATAM/remoto global,desarrollo,,,,nueva,
1539,ashby:posthog:43dbf072-0fc1-48c9-8c1e-7416db7d4a14,posthog:clickhouseoperationsengineer,PostHog,ashby,posthog,43dbf072-0fc1-48c9-8c1e-7416db7d4a14,ClickHouse Operations Engineer,Remote,https://jobs.ashbyhq.com/posthog/43dbf072-0fc1-48c9-8c1e-7416db7d4a14,2026-08-25T07:00:51.155+00:00,2026-09-21T16:33:41-05:00,,si,"remoto sin pais, confirmar elegibilidad",automatizacion,5.5,"stack 3.4 (bruto 8.5) | seniority 10 (sin_marca, automatizacion) | contexto 4",,nueva,
1540,ashby:posthog:8dc3f33a-b930-4c54-b4c4-3e6bd2ff28d3,posthog:airesearchengineer,PostHog,ashby,posthog,8dc3f33a-b930-4c54-b4c4-3e6bd2ff28d3,AI Research Engineer,Hybrid (UK),https://jobs.ashbyhq.com/posthog/8dc3f33a-b930-4c54-b4c4-3e6bd2ff28d3,2026-08-18T19:01:08.379+00:00,2026-09-21T16:33:41-05:00,,no,ubicacion fuera de Colombia/LATAM/remoto global,desarrollo,,,,nueva,
1541,ashby:posthog:1464036f-94d5-4dbd-aef8-fe99246a26d4,posthog:sitereliabilityengineeruspacifictime,PostHog,ashby,posthog,1464036f-94d5-4dbd-aef8-fe99246a26d4,Site Reliability Engineer (US - Pacific time),"San Francisco, CA / Remote (US)",https://jobs.ashbyhq.com/posthog/1464036f-94d5-4dbd-aef8-fe99246a26d4,2026-08-06T08:48:53.622+00:00,2026-09-21T16:33:41-05:00,,no,ubicacion fuera de Colombia/LATAM/remoto global,desarrollo,,,,nueva,
1542,ashby:posthog:8854fb74-8457-40cd-bc10-60125a0c0cd4,posthog:technicalcustomersuccessmanageramericas,PostHog,ashby,posthog,8854fb74-8457-40cd-bc10-60125a0c0cd4,Technical Customer Success Manager - Americas,Remote,https://jobs.ashbyhq.com/posthog/8854fb74-8457-40cd-bc10-60125a0c0cd4,2026-06-26T07:37:48.731+00:00,2026-09-21T16:33:41-05:00,,si,"remoto sin pais, confirmar elegibilidad",desarrollo,0,"stack 2.2 (bruto 5.5) | seniority 0 (lead, desarrollo) | contexto 4",KNOCKOUT: seniority 'lead' fuera de alcance en rol de desarrollo,nueva,
1543,ashby:posthog:84de4a11-ad69-4b1d-abf9-c7d7b46152d9,posthog:businessdevelopmentleadamericas,PostHog,ashby,posthog,84de4a11-ad69-4b1d-abf9-c7d7b46152d9,Business Development Lead - Americas,Remote,https://jobs.ashbyhq.com/posthog/84de4a11-ad69-4b1d-abf9-c7d7b46152d9,2026-07-02T17:10:39.158+00:00,2026-09-21T16:33:41-05:00,2026-09-22,no,titulo fuera de perfil,desarrollo,,,,nueva,
1544,ashby:posthog:36d5ce14-851c-450f-879a-45cbb896225e,posthog:securityengineer,PostHog,ashby,posthog,36d5ce14-851c-450f-879a-45cbb896225e,Security Engineer,Remote (EMEA) / Remote (UK),https://jobs.ashbyhq.com/posthog/36d5ce14-851c-450f-879a-45cbb896225e,2026-09-14T10:01:44.488+00:00,2026-09-21T16:33:41-05:00,,no,ubicacion fuera de Colombia/LATAM/remoto global,desarrollo,,,,nueva,
1545,ashby:posthog:693ba66a-1f4b-4fd0-9fb4-0861b268a55d,posthog:technicalstaffwriterblogsnewsletters,PostHog,ashby,posthog,693ba66a-1f4b-4fd0-9fb4-0861b268a55d,Technical Staff Writer (Blogs & Newsletters),Remote,https://jobs.ashbyhq.com/posthog/693ba66a-1f4b-4fd0-9fb4-0861b268a55d,2026-09-08T19:48:49.445+00:00,2026-09-21T16:33:41-05:00,,si,"remoto sin pais, confirmar elegibilidad",desarrollo,0,"stack 3.0 (bruto 7.5) | seniority 0 (top, desarrollo) | contexto 4",KNOCKOUT: seniority 'top' fuera de alcance en rol de desarrollo,nueva,
1546,ashby:posthog:2a78f2f8-4fd3-413b-9c7d-55db568e68c1,posthog:financemanagerrevenueaccounting,PostHog,ashby,posthog,2a78f2f8-4fd3-413b-9c7d-55db568e68c1,"Finance Manager, Revenue Accounting",Remote (US),https://jobs.ashbyhq.com/posthog/2a78f2f8-4fd3-413b-9c7d-55db568e68c1,2026-09-14T22:39:48.748+00:00,2026-09-21T16:33:41-05:00,,no,titulo fuera de perfil,desarrollo,,,,nueva,
1547,ashby:resend:9b68ba51-3895-4d29-8fd1-364bdf8956e7,resend:productengineer,Resend,ashby,resend,9b68ba51-3895-4d29-8fd1-364bdf8956e7,Product Engineer,Americas,https://jobs.ashbyhq.com/resend/9b68ba51-3895-4d29-8fd1-364bdf8956e7,2026-06-03T19:21:08.507+00:00,2026-09-21T16:33:41-05:00,,si,"remoto sin pais, confirmar elegibilidad",desarrollo,0,"stack 1.8 (bruto 4.5) | seniority 6 (sin_marca, desarrollo) | contexto 4",KNOCKOUT: stack 1.8 bajo el piso de 2.0 || BRECHA: piden 6+ anos de experiencia,nueva,
1548,ashby:resend:61dbb0e7-95a6-4cd9-ab2d-1a5471fe0dd8,resend:productengineer,Resend,ashby,resend,61dbb0e7-95a6-4cd9-ab2d-1a5471fe0dd8,Product Engineer,Europe,https://jobs.ashbyhq.com/resend/61dbb0e7-95a6-4cd9-ab2d-1a5471fe0dd8,2026-06-03T19:21:48.843+00:00,2026-09-21T16:33:41-05:00,,no,ubicacion fuera de Colombia/LATAM/remoto global,desarrollo,,,,nueva,
1549,ashby:resend:cde17f7c-4c70-435f-be38-ef5abe94ff22,resend:securityengineerplatform,Resend,ashby,resend,cde17f7c-4c70-435f-be38-ef5abe94ff22,"Security Engineer, Platform",Americas,https://jobs.ashbyhq.com/resend/cde17f7c-4c70-435f-be38-ef5abe94ff22,2026-06-03T19:42:23.141+00:00,2026-09-21T16:33:41-05:00,,si,"remoto sin pais, confirmar elegibilidad",desarrollo,0,"stack 1.6 (bruto 4) | seniority 6 (sin_marca, desarrollo) | contexto 0",KNOCKOUT: stack 1.6 bajo el piso de 2.0,nueva,
1550,ashby:resend:053bde8f-294e-4cce-9d62-2301282120a2,resend:backendengineermta,Resend,ashby,resend,053bde8f-294e-4cce-9d62-2301282120a2,"Backend Engineer, MTA",Americas,https://jobs.ashbyhq.com/resend/053bde8f-294e-4cce-9d62-2301282120a2,2026-05-29T17:01:00.171+00:00,2026-09-21T16:33:41-05:00,,si,"remoto sin pais, confirmar elegibilidad",desarrollo,0,"stack 0.6 (bruto 1.5) | seniority 6 (sin_marca, desarrollo) | contexto 0",KNOCKOUT: stack 0.6 bajo el piso de 2.0,nueva,
1551,ashby:resend:8c290ac4-22b4-4072-86e0-b6f5a97213d6,resend:securityengineerplatform,Resend,ashby,resend,8c290ac4-22b4-4072-86e0-b6f5a97213d6,"Security Engineer, Platform",Europe,https://jobs.ashbyhq.com/resend/8c290ac4-22b4-4072-86e0-b6f5a97213d6,2026-06-03T19:40:42.916+00:00,2026-09-21T16:33:41-05:00,,no,ubicacion fuera de Colombia/LATAM/remoto global,desarrollo,,,,nueva,
1552,ashby:resend:01e6eb42-142b-4f33-9944-ca153bd3ae86,resend:customersuccessengineer,Resend,ashby,resend,01e6eb42-142b-4f33-9944-ca153bd3ae86,Customer Success Engineer,Americas,https://jobs.ashbyhq.com/resend/01e6eb42-142b-4f33-9944-ca153bd3ae86,2026-07-20T16:31:59.978+00:00,2026-09-21T16:33:41-05:00,,si,"remoto sin pais, confirmar elegibilidad",desarrollo,3.8,"stack 2.4 (bruto 6) | seniority 6 (sin_marca, desarrollo) | contexto 4",BRECHA: piden 3+ anos de experiencia,nueva,
1553,ashby:resend:50cc0eb8-4a93-455d-bcdb-fe8eb080b55d,resend:technicalaccountexecutive,Resend,ashby,resend,50cc0eb8-4a93-455d-bcdb-fe8eb080b55d,Technical Account Executive,Americas,https://jobs.ashbyhq.com/resend/50cc0eb8-4a93-455d-bcdb-fe8eb080b55d,2026-07-29T13:18:15.937+00:00,2026-09-21T16:33:41-05:00,,si,"remoto sin pais, confirmar elegibilidad",desarrollo,0,"stack 0.8 (bruto 2) | seniority 6 (sin_marca, desarrollo) | contexto 0",KNOCKOUT: stack 0.8 bajo el piso de 2.0,nueva,
1554,ashby:resend:8d7e13ac-4c08-4981-9589-c163a4b29dee,resend:productdesigner,Resend,ashby,resend,8d7e13ac-4c08-4981-9589-c163a4b29dee,Product Designer,Americas / Europe,https://jobs.ashbyhq.com/resend/8d7e13ac-4c08-4981-9589-c163a4b29dee,2026-07-31T17:12:49.889+00:00,2026-09-21T16:33:41-05:00,,no,titulo fuera de perfil,desarrollo,,,,nueva,
1555,ashby:resend:b4d679e8-f41b-4c59-b091-dc5581345fcb,resend:productdesigner,Resend,ashby,resend,b4d679e8-f41b-4c59-b091-dc5581345fcb,Product Designer,Europe / Americas,https://jobs.ashbyhq.com/resend/b4d679e8-f41b-4c59-b091-dc5581345fcb,2026-09-02T22:28:31.151+00:00,2026-09-21T16:33:41-05:00,,no,titulo fuera de perfil,desarrollo,,,,nueva,
1556,ashby:resend:df2fe05d-87ca-4e87-a66d-50bb2c9c4859,resend:softwareengineerbackend,Resend,ashby,resend,df2fe05d-87ca-4e87-a66d-50bb2c9c4859,"Software Engineer, Backend",Americas,https://jobs.ashbyhq.com/resend/df2fe05d-87ca-4e87-a66d-50bb2c9c4859,2026-09-18T15:02:14.912+00:00,2026-09-21T16:33:41-05:00,,si,"remoto sin pais, confirmar elegibilidad",desarrollo,0,"stack 1.8 (bruto 4.5) | seniority 6 (sin_marca, desarrollo) | contexto 4",KNOCKOUT: stack 1.8 bajo el piso de 2.0 || BRECHA: piden 8+ anos de experiencia,nueva,
1557,ashby:resend:6589bee8-3ec9-4620-90b6-890b23464c4d,resend:softwareengineerbackend,Resend,ashby,resend,6589bee8-3ec9-4620-90b6-890b23464c4d,"Software Engineer, Backend",Europe,https://jobs.ashbyhq.com/resend/6589bee8-3ec9-4620-90b6-890b23464c4d,2026-09-18T15:02:39.701+00:00,2026-09-21T16:33:41-05:00,,no,ubicacion fuera de Colombia/LATAM/remoto global,desarrollo,,,,nueva,
1558,ashby:zapier:cb1aec2c-05cd-4598-8117-bd1f7ed9a49f,zapier:financemanagermarketing,Zapier,ashby,zapier,cb1aec2c-05cd-4598-8117-bd1f7ed9a49f,"Finance Manager, Marketing",NAMER,https://jobs.ashbyhq.com/zapier/cb1aec2c-05cd-4598-8117-bd1f7ed9a49f,2026-09-21T20:13:45.355+00:00,2026-09-21T16:33:41-05:00,,no,titulo fuera de perfil,desarrollo,,,,nueva,
1559,ashby:zapier:6adee270-03bf-4b1b-915b-eba5fb56d1b6,zapier:salesassistrepresentative,Zapier,ashby,zapier,6adee270-03bf-4b1b-915b-eba5fb56d1b6,Sales Assist Representative,APAC,https://jobs.ashbyhq.com/zapier/6adee270-03bf-4b1b-915b-eba5fb56d1b6,2026-06-08T21:00:14.036+00:00,2026-09-21T16:33:41-05:00,,no,titulo fuera de perfil,desarrollo,,,,nueva,
1560,ashby:zapier:d4576c10-a27e-47fa-a056-30c898b9e672,zapier:accountexecutivemidmarket,Zapier,ashby,zapier,d4576c10-a27e-47fa-a056-30c898b9e672,"Account Executive, Mid Market",NAMER,https://jobs.ashbyhq.com/zapier/d4576c10-a27e-47fa-a056-30c898b9e672,2026-08-26T18:09:24.238+00:00,2026-09-21T16:33:41-05:00,,no,titulo fuera de perfil,desarrollo,,,,nueva,
1561,ashby:zapier:1767482d-de23-460c-80eb-6d0a3caa72ab,zapier:staffbackendengineercommerce,Zapier,ashby,zapier,1767482d-de23-460c-80eb-6d0a3caa72ab,"Staff Backend Engineer, Commerce",NAMER / APAC / EMEA,https://jobs.ashbyhq.com/zapier/1767482d-de23-460c-80eb-6d0a3caa72ab,2026-06-30T21:30:07.895+00:00,2026-09-21T16:33:41-05:00,,no,ubicacion fuera de Colombia/LATAM/remoto global,desarrollo,,,,nueva,
1562,ashby:zapier:7dd68291-3696-4fd0-a5d0-24ab73d22fff,zapier:managergtmanalytics,Zapier,ashby,zapier,7dd68291-3696-4fd0-a5d0-24ab73d22fff,"Manager, GTM Analytics",NAMER,https://jobs.ashbyhq.com/zapier/7dd68291-3696-4fd0-a5d0-24ab73d22fff,2026-08-26T15:46:24.987+00:00,2026-09-21T16:33:41-05:00,,no,titulo fuera de perfil,desarrollo,,,,nueva,
1563,ashby:zapier:eaf4ef36-116b-4aa1-b874-7474b16851e6,zapier:srtechnicalaccountmanager,Zapier,ashby,zapier,eaf4ef36-116b-4aa1-b874-7474b16851e6,Sr. Technical Account Manager,South America / NAMER / Latin America,https://jobs.ashbyhq.com/zapier/eaf4ef36-116b-4aa1-b874-7474b16851e6,2026-08-31T20:12:01.466+00:00,2026-09-21T16:33:41-05:00,,si,ubicacion compatible,desarrollo,0,"stack 4.0 (bruto 10) | seniority 0 (lead, desarrollo) | contexto 0",KNOCKOUT: seniority 'lead' fuera de alcance en rol de desarrollo || BRECHA: piden 7+ anos de experiencia,nueva,
1564,ashby:zapier:b14ac81b-d94c-4a46-89a3-017f3d113517,zapier:growthmarketingdesignlead,Zapier,ashby,zapier,b14ac81b-d94c-4a46-89a3-017f3d113517,Growth Marketing Design Lead,NAMER,https://jobs.ashbyhq.com/zapier/b14ac81b-d94c-4a46-89a3-017f3d113517,2026-09-16T03:28:24.462+00:00,2026-09-21T16:33:41-05:00,,no,titulo fuera de perfil,desarrollo,,,,nueva,
1565,ashby:zapier:04838dc8-0efa-4fe5-b705-c99f6b3f17c6,zapier:legalcounsel,Zapier,ashby,zapier,04838dc8-0efa-4fe5-b705-c99f6b3f17c6,Legal Counsel,NAMER,https://jobs.ashbyhq.com/zapier/04838dc8-0efa-4fe5-b705-c99f6b3f17c6,2026-09-18T02:48:49.079+00:00,2026-09-21T16:33:41-05:00,,no,titulo fuera de perfil,desarrollo,,,,nueva,
1566,ashby:oyster:e926bced-b09b-4f2b-a3da-37b2a634ac91,oyster:customersuccessmanageremea,Oyster,ashby,oyster,e926bced-b09b-4f2b-a3da-37b2a634ac91,Customer Success Manager (EMEA),EMEA / Portugal / Spain / Poland / South Africa,https://jobs.ashbyhq.com/oyster/e926bced-b09b-4f2b-a3da-37b2a634ac91,2026-04-22T12:28:56.600+00:00,2026-09-21T16:33:41-05:00,,no,titulo fuera de perfil,desarrollo,,,,nueva,
1567,ashby:oyster:9069b5af-0e3e-412c-b665-41c0fc4aef44,oyster:oystertalentcommunitysignup,Oyster,ashby,oyster,9069b5af-0e3e-412c-b665-41c0fc4aef44,Oyster Talent Community Sign Up,Any Location,https://jobs.ashbyhq.com/oyster/9069b5af-0e3e-412c-b665-41c0fc4aef44,2025-09-11T15:40:20.389+00:00,2026-09-21T16:33:41-05:00,,no,titulo fuera de perfil,desarrollo,,,,nueva,
1568,ashby:oyster:98abef08-4244-4469-acb5-b975f362b2dd,oyster:payrolloperationsmanageramericas,Oyster,ashby,oyster,98abef08-4244-4469-acb5-b975f362b2dd,"Payroll Operations Manager, Americas",United States / Canada,https://jobs.ashbyhq.com/oyster/98abef08-4244-4469-acb5-b975f362b2dd,2026-09-18T13:19:03.039+00:00,2026-09-21T16:33:41-05:00,,no,titulo fuera de perfil,automatizacion,,,,nueva,
1569,ashby:oyster:65e78677-d98f-4dd7-ba5c-166dbb677c61,oyster:customersuccessmanageramericas,Oyster,ashby,oyster,65e78677-d98f-4dd7-ba5c-166dbb677c61,Customer Success Manager (Americas),The Americas / Costa Rica / Tampa / Charlotte / Nashville / Brazil / Atlanta / Colombia / Philadelphia / Pittsburgh / Canada / Mexico,https://jobs.ashbyhq.com/oyster/65e78677-d98f-4dd7-ba5c-166dbb677c61,2026-05-11T13:29:28.442+00:00,2026-09-21T16:33:41-05:00,,no,titulo fuera de perfil,desarrollo,,,,nueva,
1570,ashby:oyster:a9b4d7d3-cbea-4cd1-9a75-4f30fd395e0b,oyster:seniordirectordataplatformandai,Oyster,ashby,oyster,a9b4d7d3-cbea-4cd1-9a75-4f30fd395e0b,"Senior Director, Data Platform and AI",EMEA / United States / Netherlands / Austria / Ireland / Portugal / North America / United Kingdom / Spain / Brazil / Germany / Canada / Mexico,https://jobs.ashbyhq.com/oyster/a9b4d7d3-cbea-4cd1-9a75-4f30fd395e0b,2026-06-12T13:32:47.177+00:00,2026-09-21T16:33:41-05:00,,no,ubicacion fuera de Colombia/LATAM/remoto global,desarrollo,,,,nueva,
1571,ashby:oyster:f96014b7-68e5-45fe-9c53-1dea5775fc66,oyster:legalcounselemploymentproducts,Oyster,ashby,oyster,f96014b7-68e5-45fe-9c53-1dea5775fc66,Legal Counsel (Employment Products),EMEA / APAC / Portugal / Spain / India,https://jobs.ashbyhq.com/oyster/f96014b7-68e5-45fe-9c53-1dea5775fc66,2026-06-26T09:27:44.531+00:00,2026-09-21T16:33:41-05:00,,no,titulo fuera de perfil,desarrollo,,,,nueva,
1572,ashby:oyster:60daaf3a-4bef-437f-b98b-6a40c5feeac9,oyster:directoroffpaandanalytics,Oyster,ashby,oyster,60daaf3a-4bef-437f-b98b-6a40c5feeac9,Director of FP&A and Analytics,Any Location / Ireland / Portugal / United Kingdom / Spain / Poland,https://jobs.ashbyhq.com/oyster/60daaf3a-4bef-437f-b98b-6a40c5feeac9,2026-08-26T16:10:29.780+00:00,2026-09-21T16:33:41-05:00,,no,titulo fuera de perfil,desarrollo,,,,nueva,
1573,ashby:oyster:20b0c812-255e-433b-99bb-2d1f399f0c7a,oyster:leadproductmanager,Oyster,ashby,oyster,20b0c812-255e-433b-99bb-2d1f399f0c7a,Lead Product Manager,EMEA / Romania / Bulgaria / Portugal / Canada / United Kingdom / Spain / Poland,https://jobs.ashbyhq.com/oyster/20b0c812-255e-433b-99bb-2d1f399f0c7a,2026-07-17T10:58:44.568+00:00,2026-09-21T16:33:41-05:00,,no,titulo fuera de perfil,desarrollo,,,,nueva,
1574,ashby:oyster:be19a453-c7be-497f-b5e4-c8b2bd3f8549,oyster:leadproductmanager,Oyster,ashby,oyster,be19a453-c7be-497f-b5e4-c8b2bd3f8549,Lead Product Manager,EMEA / Romania / Bulgaria / Portugal / Canada / United Kingdom / Spain / Poland,https://jobs.ashbyhq.com/oyster/be19a453-c7be-497f-b5e4-c8b2bd3f8549,2026-07-17T11:01:41.607+00:00,2026-09-21T16:33:41-05:00,,no,titulo fuera de perfil,desarrollo,,,,nueva,
1575,ashby:oyster:92ee57c2-7ee4-48d9-b089-0feda448dc01,oyster:legalcounselemploymentproducts,Oyster,ashby,oyster,92ee57c2-7ee4-48d9-b089-0feda448dc01,Legal Counsel (Employment Products),EMEA / APAC / Portugal / Spain / India,https://jobs.ashbyhq.com/oyster/92ee57c2-7ee4-48d9-b089-0feda448dc01,2026-07-17T11:27:35.592+00:00,2026-09-21T16:33:41-05:00,,no,titulo fuera de perfil,desarrollo,,,,nueva,
1576,ashby:oyster:256fc3fc-f1ac-4e88-8ca1-a07f49a620fb,oyster:businessdevelopmentrepresentativeamericas,Oyster,ashby,oyster,256fc3fc-f1ac-4e88-8ca1-a07f49a620fb,Business Development Representative (Americas),United States / Austin / Chicago / Nashville / Denver / Atlanta,https://jobs.ashbyhq.com/oyster/256fc3fc-f1ac-4e88-8ca1-a07f49a620fb,2026-07-17T17:50:45.080+00:00,2026-09-21T16:33:41-05:00,,no,titulo fuera de perfil,desarrollo,,,,nueva,
1577,ashby:oyster:3670104d-08c8-48eb-a7ef-205efb7d920f,oyster:customersuccessmanageremea,Oyster,ashby,oyster,3670104d-08c8-48eb-a7ef-205efb7d920f,Customer Success Manager (EMEA),EMEA / Portugal / Spain / Poland / South Africa,https://jobs.ashbyhq.com/oyster/3670104d-08c8-48eb-a7ef-205efb7d920f,2026-07-21T09:25:01.284+00:00,2026-09-21T16:33:41-05:00,,no,titulo fuera de perfil,desarrollo,,,,nueva,
1578,ashby:oyster:78df67f4-e60f-47ee-9e11-3f5343b3746a,oyster:seniorcounselgovernance,Oyster,ashby,oyster,78df67f4-e60f-47ee-9e11-3f5343b3746a,"Senior Counsel, Governance",Portugal / Romania / Hungary / Slovakia / Poland,https://jobs.ashbyhq.com/oyster/78df67f4-e60f-47ee-9e11-3f5343b3746a,2026-09-11T11:26:01.846+00:00,2026-09-21T16:33:41-05:00,,no,titulo fuera de perfil,desarrollo,,,,nueva,
1579,ashby:oyster:2787e757-6496-42b6-a3bb-b8798507feb5,oyster:offboardoperationsexpert,Oyster,ashby,oyster,2787e757-6496-42b6-a3bb-b8798507feb5,Offboard Operations Expert,Brazil / Costa Rica / Chile / Colombia / Mexico,https://jobs.ashbyhq.com/oyster/2787e757-6496-42b6-a3bb-b8798507feb5,2026-08-28T13:48:22.251+00:00,2026-09-21T16:33:41-05:00,,no,titulo fuera de perfil,automatizacion,,,,nueva,
1580,ashby:oyster:c54574a5-31fb-4f72-9cb2-9431f3c61935,oyster:seniorpayrollspecialistnetherlands,Oyster,ashby,oyster,c54574a5-31fb-4f72-9cb2-9431f3c61935,Senior Payroll Specialist (Netherlands),EMEA / Romania / Hungary / Netherlands / Portugal / Slovakia / Spain / Poland,https://jobs.ashbyhq.com/oyster/c54574a5-31fb-4f72-9cb2-9431f3c61935,2026-08-25T08:40:23.892+00:00,2026-09-21T16:33:41-05:00,,no,titulo fuera de perfil,desarrollo,,,,nueva,
1581,ashby:oyster:51d58fcb-8e1c-4570-84ad-8ee7b0220b7c,oyster:seniorengineerplatform,Oyster,ashby,oyster,51d58fcb-8e1c-4570-84ad-8ee7b0220b7c,Senior Engineer (Platform),EMEA / Kenya / Chile / Poland / Colombia / Estonia / Morocco / Peru / Nigeria / Argentina,https://jobs.ashbyhq.com/oyster/51d58fcb-8e1c-4570-84ad-8ee7b0220b7c,2026-08-10T16:32:17.876+00:00,2026-09-21T16:33:41-05:00,,si,ubicacion compatible,desarrollo,0,"stack 1.6 (bruto 4) | seniority 3 (senior, desarrollo) | contexto 0",KNOCKOUT: stack 1.6 bajo el piso de 2.0 || BRECHA: titulo 'senior' en rol de desarrollo || BRECHA: piden 5+ anos de experiencia || RIESGO: exigen ingles alto,nueva,
1582,ashby:oyster:2843c3ed-da41-422a-8c19-edcbbf95f8b0,oyster:businessdevelopmentrepresentativeemea,Oyster,ashby,oyster,2843c3ed-da41-422a-8c19-edcbbf95f8b0,Business Development Representative (EMEA),United Kingdom / Romania / Hungary / Ireland / EMEA / Portugal / Slovakia / Spain / Poland / South Africa / Greece,https://jobs.ashbyhq.com/oyster/2843c3ed-da41-422a-8c19-edcbbf95f8b0,2026-09-18T10:56:12.815+00:00,2026-09-21T16:33:41-05:00,,no,titulo fuera de perfil,desarrollo,,,,nueva,
1583,ashby:oyster:4338de39-82e7-4eaf-adcc-fa5a60798719,oyster:payrollspecialistnetherlands,Oyster,ashby,oyster,4338de39-82e7-4eaf-adcc-fa5a60798719,Payroll Specialist (Netherlands),Netherlands / Romania / Portugal / Belgium / Slovakia / Spain / Poland,https://jobs.ashbyhq.com/oyster/4338de39-82e7-4eaf-adcc-fa5a60798719,2026-08-18T19:57:23.557+00:00,2026-09-21T16:33:41-05:00,,no,titulo fuera de perfil,desarrollo,,,,nueva,
1584,ashby:oyster:7c2d418d-d817-4e9f-b73c-41fa5f6549af,oyster:seniordataengineer,Oyster,ashby,oyster,7c2d418d-d817-4e9f-b73c-41fa5f6549af,Senior Data Engineer,EMEA / Romania / Bulgaria / Kenya / Portugal / United Kingdom / Spain / Brazil / South Africa / Argentina / Armenia,https://jobs.ashbyhq.com/oyster/7c2d418d-d817-4e9f-b73c-41fa5f6549af,2026-09-16T09:43:03.112+00:00,2026-09-21T16:33:41-05:00,,no,ubicacion fuera de Colombia/LATAM/remoto global,desarrollo,,,,nueva,
1585,ashby:oyster:98924624-ef7c-4cae-9571-e9075ecab532,oyster:payrollspecialistgermany,Oyster,ashby,oyster,98924624-ef7c-4cae-9571-e9075ecab532,Payroll Specialist (Germany),Germany / Romania / Hungary / Bulgaria / Portugal / Slovakia / Spain / Poland / Greece,https://jobs.ashbyhq.com/oyster/98924624-ef7c-4cae-9571-e9075ecab532,2026-08-18T19:33:07.136+00:00,2026-09-21T16:33:41-05:00,,no,titulo fuera de perfil,desarrollo,,,,nueva,
1586,ashby:oyster:082b5124-2c39-4709-bc01-f2f109cbf797,oyster:payrollspecialistportugal,Oyster,ashby,oyster,082b5124-2c39-4709-bc01-f2f109cbf797,Payroll Specialist (Portugal),EMEA / Hungary / Portugal / Slovakia / Spain / Poland,https://jobs.ashbyhq.com/oyster/082b5124-2c39-4709-bc01-f2f109cbf797,2026-08-18T19:07:58.022+00:00,2026-09-21T16:33:41-05:00,,no,titulo fuera de perfil,desarrollo,,,,nueva,
1587,ashby:oyster:6c5cbc12-a79b-41ba-a8d1-339b498e8d23,oyster:onboardingsuccessmanageriamericasftc,Oyster,ashby,oyster,6c5cbc12-a79b-41ba-a8d1-339b498e8d23,Onboarding Success Manager I (Americas) FTC,Brazil / Costa Rica / Chile / Colombia / Mexico,https://jobs.ashbyhq.com/oyster/6c5cbc12-a79b-41ba-a8d1-339b498e8d23,2026-08-25T13:24:40.155+00:00,2026-09-21T16:33:41-05:00,,no,titulo fuera de perfil,desarrollo,,,,nueva,
1588,ashby:oyster:fe7c660d-9a43-434b-b4ca-adb48bd1d4df,oyster:contentmarketinglead,Oyster,ashby,oyster,fe7c660d-9a43-434b-b4ca-adb48bd1d4df,Content Marketing Lead,EMEA / Ireland / Portugal / United Kingdom / Spain / Brazil / Canada,https://jobs.ashbyhq.com/oyster/fe7c660d-9a43-434b-b4ca-adb48bd1d4df,2026-09-14T16:48:02.076+00:00,2026-09-21T16:33:41-05:00,,no,titulo fuera de perfil,desarrollo,,,,nueva,
1589,ashby:oyster:32074b6f-94c2-4fbc-8dec-38c4a64b5347,oyster:senioroccupationalhealthandsafetytechnician,Oyster,ashby,oyster,32074b6f-94c2-4fbc-8dec-38c4a64b5347,Senior Occupational Health and Safety Technician,Spain,https://jobs.ashbyhq.com/oyster/32074b6f-94c2-4fbc-8dec-38c4a64b5347,2026-09-12T16:17:42.301+00:00,2026-09-21T16:33:41-05:00,,no,titulo fuera de perfil,desarrollo,,,,nueva,
1590,ashby:oyster:a12a6254-9f83-4707-a417-9d6fe3fff6d4,oyster:onboardingsuccessmanageramericas,Oyster,ashby,oyster,a12a6254-9f83-4707-a417-9d6fe3fff6d4,Onboarding Success Manager  (Americas),Brazil / Costa Rica / Chile / Colombia / Mexico,https://jobs.ashbyhq.com/oyster/a12a6254-9f83-4707-a417-9d6fe3fff6d4,2026-09-14T16:49:48.045+00:00,2026-09-21T16:33:41-05:00,,no,titulo fuera de perfil,desarrollo,,,,nueva,
1591,ashby:oyster:d9d3e2c5-73a5-47cd-8490-844645858891,oyster:businessmanagergtm,Oyster,ashby,oyster,d9d3e2c5-73a5-47cd-8490-844645858891,"Business Manager, GTM",EMEA / Hungary / Austria / Ireland / Portugal / United Kingdom / Spain / Poland,https://jobs.ashbyhq.com/oyster/d9d3e2c5-73a5-47cd-8490-844645858891,2026-09-18T12:14:57.798+00:00,2026-09-21T16:33:41-05:00,,no,titulo fuera de perfil,desarrollo,,,,nueva,
1592,ashby:oyster:440f7cfe-3649-411c-8009-3ad09213435d,oyster:senioraisolutionsengineergtm,Oyster,ashby,oyster,440f7cfe-3649-411c-8009-3ad09213435d,Senior AI Solutions Engineer - GTM,EMEA / Brazil / Canada / Mexico,https://jobs.ashbyhq.com/oyster/440f7cfe-3649-411c-8009-3ad09213435d,2026-09-18T15:32:06.487+00:00,2026-09-21T16:33:41-05:00,,no,ubicacion fuera de Colombia/LATAM/remoto global,automatizacion,,,,nueva,
1593,ashby:oyster:34e9f726-4461-4ef7-9724-a0aba8c72a76,oyster:senioraisolutionsengineer,Oyster,ashby,oyster,34e9f726-4461-4ef7-9724-a0aba8c72a76,Senior AI Solutions Engineer,EMEA / Brazil / Canada / Mexico,https://jobs.ashbyhq.com/oyster/34e9f726-4461-4ef7-9724-a0aba8c72a76,2026-09-18T15:48:27.314+00:00,2026-09-21T16:33:41-05:00,2026-09-22,no,ubicacion fuera de Colombia/LATAM/remoto global,automatizacion,,,,nueva,
1594,ashby:oyster:f4caa57f-bdb1-42d8-a884-12bf341f677c,oyster:seniorgtmengineer,Oyster,ashby,oyster,f4caa57f-bdb1-42d8-a884-12bf341f677c,Senior GTM Engineer,EMEA,https://jobs.ashbyhq.com/oyster/f4caa57f-bdb1-42d8-a884-12bf341f677c,2026-09-18T16:08:55.847+00:00,2026-09-21T16:33:41-05:00,,no,ubicacion fuera de Colombia/LATAM/remoto global,desarrollo,,,,nueva,
1595,ashby:n8n:566726ff-a159-4943-9a07-0f8537530057,n8n:salesdevelopmentrepresentativesdrdachgermanspeaker,n8n,ashby,n8n,566726ff-a159-4943-9a07-0f8537530057,Sales Development Representative (SDR) DACH (German speaker),Berlin Office,https://jobs.ashbyhq.com/n8n/566726ff-a159-4943-9a07-0f8537530057,2026-08-11T08:00:25.494+00:00,2026-09-21T16:33:41-05:00,2026-09-23,no,titulo fuera de perfil,desarrollo,,,,nueva,
1596,ashby:n8n:b45f4511-fae8-4ea1-ae88-f17d26f13acb,n8n:salesenablementmanagerremote,n8n,ashby,n8n,b45f4511-fae8-4ea1-ae88-f17d26f13acb,Sales Enablement Manager (Remote),Berlin Office / Norway / Netherlands / Portugal / Germany / Finland / Denmark / United Kingdom / Spain,https://jobs.ashbyhq.com/n8n/b45f4511-fae8-4ea1-ae88-f17d26f13acb,2026-08-19T13:25:18.860+00:00,2026-09-21T16:33:41-05:00,,no,titulo fuera de perfil,automatizacion,,,,nueva,
1597,ashby:n8n:6a370ff8-e069-48ed-bffa-5716a3dbd9d5,n8n:srgrowthengineerfullstacktsvuenodejs,n8n,ashby,n8n,6a370ff8-e069-48ed-bffa-5716a3dbd9d5,Sr Growth Engineer (Fullstack TS/Vue/NodeJS),Berlin Office / Bosnia / Norway / Estonia / Latvia / Slovenia / Netherlands / Hungary / Moldova / Kosovo / Portugal / Poland / Germany / Austria / Finland / Montenegro / Albania / Lithuania / Slovakia / Ireland / Bulgaria / Denmark / Belgium / Czech Republic / United Kingdom / Croatia / Spain / Greece,https://jobs.ashbyhq.com/n8n/6a370ff8-e069-48ed-bffa-5716a3dbd9d5,2026-05-20T10:03:53.253+00:00,2026-09-21T16:33:41-05:00,,no,ubicacion fuera de Colombia/LATAM/remoto global,desarrollo,,,,nueva,
1598,ashby:n8n:3a9dfa61-fc8d-485f-afb2-1afedda5bf8f,n8n:leadershiprolestalentpool,n8n,ashby,n8n,3a9dfa61-fc8d-485f-afb2-1afedda5bf8f,Leadership roles (Talent Pool),Berlin Office / Europe / United Kingdom / United States,https://jobs.ashbyhq.com/n8n/3a9dfa61-fc8d-485f-afb2-1afedda5bf8f,2025-10-08T16:43:21.396+00:00,2026-09-21T16:33:41-05:00,,no,titulo fuera de perfil,desarrollo,,,,nueva,
1599,ashby:n8n:3129949a-eae6-48c6-8c66-8d3e060a195c,n8n:designtalentpool,n8n,ashby,n8n,3129949a-eae6-48c6-8c66-8d3e060a195c,Design Talent Pool,Berlin Office,https://jobs.ashbyhq.com/n8n/3129949a-eae6-48c6-8c66-8d3e060a195c,2025-10-08T20:30:10.452+00:00,2026-09-21T16:33:41-05:00,,no,titulo fuera de perfil,desarrollo,,,,nueva,
1600,ashby:n8n:a259b31d-3df5-4bc0-9feb-865e85016fba,n8n:gtmgermanspeakingtalentpool,n8n,ashby,n8n,a259b31d-3df5-4bc0-9feb-865e85016fba,GTM (German-speaking) Talent Pool,Germany,https://jobs.ashbyhq.com/n8n/a259b31d-3df5-4bc0-9feb-865e85016fba,2025-10-09T08:50:25.191+00:00,2026-09-21T16:33:41-05:00,,no,titulo fuera de perfil,desarrollo,,,,nueva,
1601,ashby:n8n:37db5b59-e888-460a-b4ad-9c4b974d854f,n8n:accountexecutivetalentpoolemea,n8n,ashby,n8n,37db5b59-e888-460a-b4ad-9c4b974d854f,Account Executive Talent Pool EMEA,Germany / Netherlands / Portugal / France / Ireland / United Kingdom / Spain,https://jobs.ashbyhq.com/n8n/37db5b59-e888-460a-b4ad-9c4b974d854f,2026-02-05T08:49:06.788+00:00,2026-09-21T16:33:41-05:00,,no,titulo fuera de perfil,desarrollo,,,,nueva,
1602,ashby:n8n:d195a389-6af5-4b95-82e5-2258953c7297,n8n:sraiengineerremoteeuropetsvuenodejs,n8n,ashby,n8n,d195a389-6af5-4b95-82e5-2258953c7297,Sr AI Engineer | Remote - Europe | TS/Vue/NodeJS,Berlin Office / Norway / Estonia / Latvia / Slovenia / Netherlands / Hungary / Portugal / Poland / Serbia / Austria / Finland / London Office / Albania / Lithuania / Slovakia / Ireland / Bulgaria / Denmark / Belgium / Czech Republic / United Kingdom / Croatia / Spain / Greece,https://jobs.ashbyhq.com/n8n/d195a389-6af5-4b95-82e5-2258953c7297,2026-05-28T16:32:51.863+00:00,2026-09-21T16:33:41-05:00,,no,ubicacion fuera de Colombia/LATAM/remoto global,desarrollo,,,,nueva,
1603,ashby:n8n:a5e8e2fa-a83d-49d5-b27a-2ce46f3b727a,n8n:headofpeopleoperationstech,n8n,ashby,n8n,a5e8e2fa-a83d-49d5-b27a-2ce46f3b727a,Head of People Operations & Tech,Berlin Office / Portugal / Germany / Austria / London Office / Ireland / Denmark / United Kingdom / Spain,https://jobs.ashbyhq.com/n8n/a5e8e2fa-a83d-49d5-b27a-2ce46f3b727a,2026-09-21T17:27:56.796+00:00,2026-09-21T16:33:41-05:00,,no,titulo fuera de perfil,automatizacion,,,,nueva,
1604,ashby:n8n:dfcf02c3-e74e-4fa9-b86b-4b7549444cb0,n8n:midmarketaccountexecutiveus,n8n,ashby,n8n,dfcf02c3-e74e-4fa9-b86b-4b7549444cb0,Mid-Market Account Executive US,Boston / New York / United States,https://jobs.ashbyhq.com/n8n/dfcf02c3-e74e-4fa9-b86b-4b7549444cb0,2026-08-21T08:47:02.603+00:00,2026-09-21T16:33:41-05:00,2026-09-23,no,titulo fuera de perfil,desarrollo,,,,nueva,
1605,ashby:n8n:fe05c209-8069-4a88-aeba-8da23488cd30,n8n:seniorstaffproductdesigner,n8n,ashby,n8n,fe05c209-8069-4a88-aeba-8da23488cd30,Senior/Staff Product Designer,Germany / Bosnia / Norway / Estonia / Slovenia / Italy / Netherlands / Hungary / Portugal / France / Poland / Serbia / Austria / Finland / Montenegro / Slovakia / Ireland / Denmark / Belgium / Czech Republic / United Kingdom / Croatia / Spain / Greece / Ukraine / Sweden,https://jobs.ashbyhq.com/n8n/fe05c209-8069-4a88-aeba-8da23488cd30,2026-04-03T17:23:00.611+00:00,2026-09-21T16:33:41-05:00,,no,titulo fuera de perfil,desarrollo,,,,nueva,
1606,ashby:n8n:ce930abc-2c80-4f42-adb9-4377bb56c3f1,n8n:accountexecutivetalentpoolus,n8n,ashby,n8n,ce930abc-2c80-4f42-adb9-4377bb56c3f1,Account Executive Talent Pool US,New York / Los Angeles / Boston / San Francisco,https://jobs.ashbyhq.com/n8n/ce930abc-2c80-4f42-adb9-4377bb56c3f1,2026-02-06T14:21:44.550+00:00,2026-09-21T16:33:41-05:00,,no,titulo fuera de perfil,desarrollo,,,,nueva,
1607,ashby:n8n:dd44765f-279f-4aff-9568-11c7bc66189a,n8n:enterprisesalesleaderwestcoast,n8n,ashby,n8n,dd44765f-279f-4aff-9568-11c7bc66189a,Enterprise Sales Leader West Coast,California / Colorado / North America | Washington / Texas,https://jobs.ashbyhq.com/n8n/dd44765f-279f-4aff-9568-11c7bc66189a,2026-07-31T15:59:31.154+00:00,2026-09-21T16:33:41-05:00,,no,titulo fuera de perfil,desarrollo,,,,nueva,
1608,ashby:n8n:896c58a8-0388-4037-b265-82b15633a568,n8n:seniorproductengineertsnodejsvue,n8n,ashby,n8n,896c58a8-0388-4037-b265-82b15633a568,Senior Product Engineer (TS/NodeJS/Vue),Berlin Office / Romania / Norway / Estonia / Latvia / Slovenia / Netherlands / Hungary / Kosovo / Portugal / Poland / Serbia / Germany / Austria / Finland / London Office / Albania / Lithuania / Slovakia / Ireland / Bulgaria / Denmark / Belgium / Czech Republic / United Kingdom / Croatia / Spain / Greece,https://jobs.ashbyhq.com/n8n/896c58a8-0388-4037-b265-82b15633a568,2026-03-04T11:31:38.369+00:00,2026-09-21T16:33:41-05:00,,no,ubicacion fuera de Colombia/LATAM/remoto global,desarrollo,,,,nueva,
1609,ashby:n8n:c0e4639b-2892-4aef-91d7-a57d8c9f96d2,n8n:enterprisesdrbostonhybrid,n8n,ashby,n8n,c0e4639b-2892-4aef-91d7-a57d8c9f96d2,Enterprise SDR (Boston | Hybrid),Boston,https://jobs.ashbyhq.com/n8n/c0e4639b-2892-4aef-91d7-a57d8c9f96d2,2026-05-07T15:20:54.109+00:00,2026-09-21T16:33:41-05:00,2026-09-23,no,titulo fuera de perfil,desarrollo,,,,nueva,
1610,ashby:n8n:eee6e2dc-c565-4cef-adee-a054b59b1c28,n8n:headofproductdesign,n8n,ashby,n8n,eee6e2dc-c565-4cef-adee-a054b59b1c28,Head of Product Design,Berlin Office / Romania / Estonia / Netherlands / Hungary / Portugal / France / Poland / Germany / Austria / Finland / London Office / Albania / Ireland / Bulgaria / Denmark / Belgium / United Kingdom / Spain / Sweden,https://jobs.ashbyhq.com/n8n/eee6e2dc-c565-4cef-adee-a054b59b1c28,2026-08-17T08:07:11.366+00:00,2026-09-21T16:33:41-05:00,,no,titulo fuera de perfil,desarrollo,,,,nueva,
1611,ashby:n8n:dbd4904a-6ad3-4aac-9451-a71ed39c2563,n8n:strategyoperationsmanagerpartnerships,n8n,ashby,n8n,dbd4904a-6ad3-4aac-9451-a71ed39c2563,Strategy & Operations Manager - Partnerships,Berlin Office / Romania / Norway / Slovenia / Netherlands / Hungary / Portugal / France / Germany / Austria / Ireland / Bulgaria / Denmark / Belgium / Czech Republic / United Kingdom / Spain,https://jobs.ashbyhq.com/n8n/dbd4904a-6ad3-4aac-9451-a71ed39c2563,2026-09-07T15:30:45.904+00:00,2026-09-21T16:33:41-05:00,,no,titulo fuera de perfil,automatizacion,,,,nueva,
1612,ashby:n8n:a54307ce-d8db-4560-b5c2-1dcd788215c5,n8n:customersuccessmanagerguidedwestcoast,n8n,ashby,n8n,a54307ce-d8db-4560-b5c2-1dcd788215c5,Customer Success Manager - Guided - West Coast,"Austin, Texas / California / Texas",https://jobs.ashbyhq.com/n8n/a54307ce-d8db-4560-b5c2-1dcd788215c5,2026-08-12T11:52:59.684+00:00,2026-09-21T16:33:41-05:00,,no,titulo fuera de perfil,desarrollo,,,,nueva,
1613,ashby:n8n:e61a7d43-0383-464a-b401-11dadc093e5f,n8n:dealdeskmanager,n8n,ashby,n8n,e61a7d43-0383-464a-b401-11dadc093e5f,Deal Desk Manager,Berlin Office / Germany,https://jobs.ashbyhq.com/n8n/e61a7d43-0383-464a-b401-11dadc093e5f,2026-07-17T12:07:29.578+00:00,2026-09-21T16:33:41-05:00,,no,titulo fuera de perfil,desarrollo,,,,nueva,
1614,ashby:n8n:96d809df-d383-417b-8906-37c6028304f2,n8n:seniorsupportengineerremotenorthamerica,n8n,ashby,n8n,96d809df-d383-417b-8906-37c6028304f2,Senior Support Engineer | Remote | North America,United States / Toronto / Florida / New York / Ottawa / Massachusetts / Virginia / Colorado / New Jersey / Texas,https://jobs.ashbyhq.com/n8n/96d809df-d383-417b-8906-37c6028304f2,2026-08-19T09:21:30.566+00:00,2026-09-21T16:33:41-05:00,,no,ubicacion fuera de Colombia/LATAM/remoto global,desarrollo,,,,nueva,
1615,ashby:n8n:bcf96878-d41a-479d-b506-7753356077c4,n8n:seniorproductmanagerenterprise,n8n,ashby,n8n,bcf96878-d41a-479d-b506-7753356077c4,Senior Product Manager (Enterprise),Berlin Office / Bosnia / Romania / Norway / Estonia / Latvia / Slovenia / Italy / Netherlands / Hungary / Portugal / France / Poland / Serbia / Germany / Austria / Finland / Albania / Lithuania / Slovakia / Ireland / Bulgaria / Denmark / Belgium / Czech Republic / United Kingdom / Croatia / Spain / Greece,https://jobs.ashbyhq.com/n8n/bcf96878-d41a-479d-b506-7753356077c4,2026-08-31T13:32:55.577+00:00,2026-09-21T16:33:41-05:00,,no,titulo fuera de perfil,desarrollo,,,,nueva,
1616,ashby:n8n:d418f8fb-b2f2-405e-8f22-db73dcf4e8b4,n8n:seniorproductmanagercoreplatformenginescalereliability,n8n,ashby,n8n,d418f8fb-b2f2-405e-8f22-db73dcf4e8b4,"Senior Product Manager - Core Platform (Engine, Scale & Reliability)",Berlin Office / Bosnia / Romania / Norway / Estonia / Latvia / Slovenia / Netherlands / Hungary / Portugal / Poland / Serbia / Germany / Austria / Finland / Albania / Lithuania / Slovakia / Ireland / Bulgaria / Denmark / Belgium / Czech Republic / United Kingdom / Croatia / Spain / Greece,https://jobs.ashbyhq.com/n8n/d418f8fb-b2f2-405e-8f22-db73dcf4e8b4,2026-08-03T16:55:20.581+00:00,2026-09-21T16:33:41-05:00,,no,ubicacion fuera de Colombia/LATAM/remoto global,desarrollo,,,,nueva,
1617,ashby:n8n:ea8efc33-c7b8-4b88-826c-3dca17c3aa47,n8n:staffcoreplatformengineer,n8n,ashby,n8n,ea8efc33-c7b8-4b88-826c-3dca17c3aa47,Staff Core Platform Engineer,Berlin Office / Bosnia / Romania / Norway / Estonia / Latvia / Netherlands / Hungary / Portugal / Poland / Serbia / Germany / Austria / Finland / Albania / Lithuania / Ireland / Bulgaria / Denmark / Belgium / Czech Republic / Georgia / United Kingdom / Croatia / Spain / Greece,https://jobs.ashbyhq.com/n8n/ea8efc33-c7b8-4b88-826c-3dca17c3aa47,2026-08-11T11:49:58.471+00:00,2026-09-21T16:33:41-05:00,,no,ubicacion fuera de Colombia/LATAM/remoto global,desarrollo,,,,nueva,
1618,ashby:n8n:2666de32-b5e5-4935-b84b-c5e379e2ef9f,n8n:customersuccessleadremotecaliforniaortexas,n8n,ashby,n8n,2666de32-b5e5-4935-b84b-c5e379e2ef9f,Customer Success Lead (Remote California or Texas),California / Texas,https://jobs.ashbyhq.com/n8n/2666de32-b5e5-4935-b84b-c5e379e2ef9f,2026-08-12T11:17:44.964+00:00,2026-09-21T16:33:41-05:00,,no,titulo fuera de perfil,desarrollo,,,,nueva,
1619,ashby:n8n:b0fe5136-97b9-4f90-b8e9-00cf4e2fd69e,n8n:headofpricingandmonetization,n8n,ashby,n8n,b0fe5136-97b9-4f90-b8e9-00cf4e2fd69e,Head of Pricing and Monetization,Berlin Office / Estonia / Latvia / Slovenia / Netherlands / Hungary / Portugal / France / Poland / Germany / Austria / Finland / Ireland / Bulgaria / Denmark / Belgium / Czech Republic / United Kingdom / Croatia / Spain / Greece,https://jobs.ashbyhq.com/n8n/b0fe5136-97b9-4f90-b8e9-00cf4e2fd69e,2026-09-04T12:41:12.560+00:00,2026-09-21T16:33:41-05:00,,no,titulo fuera de perfil,desarrollo,,,,nueva,
1620,ashby:n8n:b4b51954-9927-4e8c-9529-cf79739245f8,n8n:enterpriseaccountexecutivenortherneurope,n8n,ashby,n8n,b4b51954-9927-4e8c-9529-cf79739245f8,Enterprise Account Executive - Northern Europe,London Office / Ireland / Denmark / United Kingdom,https://jobs.ashbyhq.com/n8n/b4b51954-9927-4e8c-9529-cf79739245f8,2026-08-24T07:59:47.449+00:00,2026-09-21T16:33:41-05:00,,no,titulo fuera de perfil,desarrollo,,,,nueva,
1621,ashby:n8n:da8c6a37-670d-4ad9-b5b3-898c395feee4,n8n:enterprisesalesleaderdach,n8n,ashby,n8n,da8c6a37-670d-4ad9-b5b3-898c395feee4,Enterprise Sales Leader DACH,Berlin Office / Germany,https://jobs.ashbyhq.com/n8n/da8c6a37-670d-4ad9-b5b3-898c395feee4,2026-09-15T14:26:18.620+00:00,2026-09-21T16:33:41-05:00,,no,titulo fuera de perfil,desarrollo,,,,nueva,
1622,ashby:n8n:d7efe3a6-bea9-4b3b-b8ee-3e91bfd5cef7,n8n:technicalaccountmanagerus,n8n,ashby,n8n,d7efe3a6-bea9-4b3b-b8ee-3e91bfd5cef7,Technical Account Manager (US),United States / California / Florida / New York / Massachusetts / Virginia / Colorado / New Jersey / Texas,https://jobs.ashbyhq.com/n8n/d7efe3a6-bea9-4b3b-b8ee-3e91bfd5cef7,2026-08-25T09:17:32.317+00:00,2026-09-21T16:33:41-05:00,,no,ubicacion fuera de Colombia/LATAM/remoto global,desarrollo,,,,nueva,
1623,ashby:n8n:e3fadce2-e917-409b-b3c1-3b0f92f7cd81,n8n:seniorpartnermanagersiwestcoast,n8n,ashby,n8n,e3fadce2-e917-409b-b3c1-3b0f92f7cd81,"Senior Partner Manager SI, West Coast","San Francisco / Austin, Texas / Los Angeles / Texas",https://jobs.ashbyhq.com/n8n/e3fadce2-e917-409b-b3c1-3b0f92f7cd81,2026-09-14T19:06:54.819+00:00,2026-09-21T16:33:41-05:00,,no,titulo fuera de perfil,desarrollo,,,,nueva,
1624,ashby:n8n:512a8e53-47e6-4662-bed1-77b5b8156fb8,n8n:seniorpartnermanagersidach,n8n,ashby,n8n,512a8e53-47e6-4662-bed1-77b5b8156fb8,"Senior Partner Manager SI, DACH",Berlin Office / Germany,https://jobs.ashbyhq.com/n8n/512a8e53-47e6-4662-bed1-77b5b8156fb8,2026-09-02T14:04:02.924+00:00,2026-09-21T16:33:41-05:00,,no,titulo fuera de perfil,desarrollo,,,,nueva,
1625,ashby:n8n:79df05ec-9629-42d2-a612-06eeaaf2450f,n8n:seniorfpamanagermarketing,n8n,ashby,n8n,79df05ec-9629-42d2-a612-06eeaaf2450f,Senior FP&A Manager - Marketing,Berlin Office,https://jobs.ashbyhq.com/n8n/79df05ec-9629-42d2-a612-06eeaaf2450f,2026-09-03T16:14:01.228+00:00,2026-09-21T16:33:41-05:00,,no,titulo fuera de perfil,desarrollo,,,,nueva,
1626,ashby:n8n:62309aac-598b-4cb0-bc1b-e0dad9cda130,n8n:salesdataanalyst,n8n,ashby,n8n,62309aac-598b-4cb0-bc1b-e0dad9cda130,Sales Data Analyst,Germany / Bosnia / Norway / Estonia / Latvia / Slovenia / Netherlands / Hungary / Portugal / Poland / Serbia / Austria / Montenegro / London Office / Albania / Lithuania / Ireland / Bulgaria / Denmark / Czech Republic / United Kingdom / Croatia / Spain / Greece,https://jobs.ashbyhq.com/n8n/62309aac-598b-4cb0-bc1b-e0dad9cda130,2026-09-15T14:47:28.784+00:00,2026-09-21T16:33:41-05:00,,no,ubicacion fuera de Colombia/LATAM/remoto global,desarrollo,,,,nueva,
1627,ashby:n8n:98dc8c86-b135-4803-8044-1d6f6a631aa8,n8n:forwarddeployedengineeruseastcoast,n8n,ashby,n8n,98dc8c86-b135-4803-8044-1d6f6a631aa8,Forward Deployed Engineer - US East Coast,Boston / Pennsylvania / New York / Massachusetts / New Jersey,https://jobs.ashbyhq.com/n8n/98dc8c86-b135-4803-8044-1d6f6a631aa8,2026-09-15T15:21:50.158+00:00,2026-09-21T16:33:41-05:00,,no,ubicacion fuera de Colombia/LATAM/remoto global,automatizacion,,,,nueva,
1628,ashby:n8n:c9fc97fa-a473-4133-b3cb-502785649ecd,n8n:forwarddeployedengineeremea,n8n,ashby,n8n,c9fc97fa-a473-4133-b3cb-502785649ecd,Forward Deployed Engineer - EMEA,Germany / Netherlands / Portugal / London Office / Ireland / United Kingdom / Spain,https://jobs.ashbyhq.com/n8n/c9fc97fa-a473-4133-b3cb-502785649ecd,2026-09-15T15:22:26.283+00:00,2026-09-21T16:33:41-05:00,,no,ubicacion fuera de Colombia/LATAM/remoto global,automatizacion,,,,nueva,
1629,ashby:mural:a88e5ba1-8a57-4096-ae84-294cc78d96d5,mural:seniorsoftwareengineercanvascore,Mural,ashby,mural,a88e5ba1-8a57-4096-ae84-294cc78d96d5,"Senior Software Engineer, Canvas Core",Argentina Remote / Canada Remote / United Kingdom Remote,https://jobs.ashbyhq.com/mural/a88e5ba1-8a57-4096-ae84-294cc78d96d5,2026-04-23T21:33:28.773+00:00,2026-09-21T16:33:41-05:00,,no,ubicacion fuera de Colombia/LATAM/remoto global,desarrollo,,,,nueva,
1630,ashby:mural:3493ea21-5b96-4383-964a-996249db3a14,mural:seniorsoftwareengineergrowth,Mural,ashby,mural,3493ea21-5b96-4383-964a-996249db3a14,"Senior Software Engineer, Growth",Argentina Remote / Spain Remote,https://jobs.ashbyhq.com/mural/3493ea21-5b96-4383-964a-996249db3a14,2026-07-15T16:49:24.616+00:00,2026-09-21T16:33:41-05:00,,no,ubicacion fuera de Colombia/LATAM/remoto global,desarrollo,,,,nueva,
1631,ashby:mural:7a781912-3c72-4843-8810-8a9d0c550569,mural:staffbackendengineeraisystems,Mural,ashby,mural,7a781912-3c72-4843-8810-8a9d0c550569,"Staff Backend Engineer, AI Systems",United States Remote / United Kingdom Remote,https://jobs.ashbyhq.com/mural/7a781912-3c72-4843-8810-8a9d0c550569,2026-07-21T16:37:12.907+00:00,2026-09-21T16:33:41-05:00,,no,ubicacion fuera de Colombia/LATAM/remoto global,desarrollo,,,,nueva,
1632,ashby:mural:d3a4f9a1-c0eb-4026-83d4-5a4b88cad09c,mural:principaluserresearch,Mural,ashby,mural,d3a4f9a1-c0eb-4026-83d4-5a4b88cad09c,"Principal, User Research",United States Remote,https://jobs.ashbyhq.com/mural/d3a4f9a1-c0eb-4026-83d4-5a4b88cad09c,2026-09-11T19:30:21.918+00:00,2026-09-21T16:33:41-05:00,,no,titulo fuera de perfil,desarrollo,,,,nueva,
1633,ashby:mural:aad647a2-273e-4185-b9e0-7476ddfce4c0,mural:customerenablementmanager,Mural,ashby,mural,aad647a2-273e-4185-b9e0-7476ddfce4c0,Customer Enablement Manager,United States Remote,https://jobs.ashbyhq.com/mural/aad647a2-273e-4185-b9e0-7476ddfce4c0,2026-08-05T15:56:13.121+00:00,2026-09-21T16:33:41-05:00,,no,titulo fuera de perfil,automatizacion,,,,nueva,
1634,ashby:mural:b11f3983-025e-43f7-b1bf-6ab9b8a23a28,mural:leadproductdesignergrowthupperfunnel,Mural,ashby,mural,b11f3983-025e-43f7-b1bf-6ab9b8a23a28,"Lead Product Designer, Growth (Upper Funnel)",Canada Remote / United States Remote,https://jobs.ashbyhq.com/mural/b11f3983-025e-43f7-b1bf-6ab9b8a23a28,2026-08-11T19:52:44.694+00:00,2026-09-21T16:33:41-05:00,2026-09-22,no,titulo fuera de perfil,desarrollo,,,,nueva,
1635,ashby:mural:e48571e8-6082-4386-8358-66f7ecf28f40,mural:corporatemarketingmanager,Mural,ashby,mural,e48571e8-6082-4386-8358-66f7ecf28f40,Corporate Marketing Manager,United States Remote,https://jobs.ashbyhq.com/mural/e48571e8-6082-4386-8358-66f7ecf28f40,2026-08-17T15:22:47.613+00:00,2026-09-21T16:33:41-05:00,,no,titulo fuera de perfil,desarrollo,,,,nueva,
1636,ashby:mural:32fc45e4-f4f8-4e38-b0cd-b8e482df7d45,mural:corporatecounselcommercial,Mural,ashby,mural,32fc45e4-f4f8-4e38-b0cd-b8e482df7d45,"Corporate Counsel, Commercial",United States Remote,https://jobs.ashbyhq.com/mural/32fc45e4-f4f8-4e38-b0cd-b8e482df7d45,2026-08-19T16:04:22.384+00:00,2026-09-21T16:33:41-05:00,,no,titulo fuera de perfil,desarrollo,,,,nueva,
1637,ashby:mural:dd6f0081-1a73-4294-83b7-ef5754557f1a,mural:dealdeskanalyst,Mural,ashby,mural,dd6f0081-1a73-4294-83b7-ef5754557f1a,Deal Desk Analyst,Argentina Remote,https://jobs.ashbyhq.com/mural/dd6f0081-1a73-4294-83b7-ef5754557f1a,2026-09-10T20:30:19.236+00:00,2026-09-21T16:33:41-05:00,,no,titulo fuera de perfil,desarrollo,,,,nueva,
1638,ashby:mural:a279544b-33e8-4dc7-91f9-75fb0310917e,mural:seniorsoftwareengineerintegratedworkflows,Mural,ashby,mural,a279544b-33e8-4dc7-91f9-75fb0310917e,"Senior Software Engineer, Integrated Workflows",Argentina Remote / Canada Remote,https://jobs.ashbyhq.com/mural/a279544b-33e8-4dc7-91f9-75fb0310917e,2026-09-15T19:54:37.277+00:00,2026-09-21T16:33:41-05:00,,no,ubicacion fuera de Colombia/LATAM/remoto global,automatizacion,,,,nueva,
1639,ashby:mural:762d449b-dd49-4146-9cc7-d08e004ad3f0,mural:seniordirectorrevenuestrategy,Mural,ashby,mural,762d449b-dd49-4146-9cc7-d08e004ad3f0,"Senior Director, Revenue Strategy",United States Remote,https://jobs.ashbyhq.com/mural/762d449b-dd49-4146-9cc7-d08e004ad3f0,2026-09-17T23:36:47.305+00:00,2026-09-21T16:33:41-05:00,,no,titulo fuera de perfil,desarrollo,,,,nueva,
1640,ashby:prefect:09479bfc-0f2e-424e-8d00-19f5610de142,prefect:salesoperationsmanager,Prefect,ashby,prefect,09479bfc-0f2e-424e-8d00-19f5610de142,Sales Operations Manager,Remote,https://jobs.ashbyhq.com/prefect/09479bfc-0f2e-424e-8d00-19f5610de142,2026-08-26T17:20:02.166+00:00,2026-09-21T16:33:41-05:00,,no,titulo fuera de perfil,automatizacion,,,,nueva,
1641,ashby:prefect:ad5b381a-aea7-4b82-bb19-3bdd62350b22,prefect:seniorgrowthmarketingmanager,Prefect,ashby,prefect,ad5b381a-aea7-4b82-bb19-3bdd62350b22,Senior Growth Marketing Manager,Remote,https://jobs.ashbyhq.com/prefect/ad5b381a-aea7-4b82-bb19-3bdd62350b22,2026-08-26T17:19:45.483+00:00,2026-09-21T16:33:41-05:00,,no,titulo fuera de perfil,desarrollo,,,,nueva,
1642,ashby:prefect:2ea26851-744d-4693-bd79-43d25d0d7d96,prefect:developerrelationsengineer,Prefect,ashby,prefect,2ea26851-744d-4693-bd79-43d25d0d7d96,Developer Relations Engineer,Remote,https://jobs.ashbyhq.com/prefect/2ea26851-744d-4693-bd79-43d25d0d7d96,2026-08-26T17:19:31.024+00:00,2026-09-21T16:33:41-05:00,,si,"remoto sin pais, confirmar elegibilidad",desarrollo,4.6,"stack 4.0 (bruto 10) | seniority 6 (sin_marca, desarrollo) | contexto 4",BRECHA: piden 6+ anos de experiencia,nueva,
1643,ashby:prefect:f2d1685f-d90f-4d49-8e24-f8a33609c228,prefect:srmanagerstrategicexpansionandcustomersuccess,Prefect,ashby,prefect,f2d1685f-d90f-4d49-8e24-f8a33609c228,"Sr. Manager, Strategic Expansion and Customer Success",Remote,https://jobs.ashbyhq.com/prefect/f2d1685f-d90f-4d49-8e24-f8a33609c228,2026-08-26T17:19:13.658+00:00,2026-09-21T16:33:41-05:00,2026-09-22,no,titulo fuera de perfil,desarrollo,,,,nueva,
1644,ashby:prefect:dabc38bd-e0f9-4aba-a940-073c9f96178d,prefect:senioraccountantaccountingoperations,Prefect,ashby,prefect,dabc38bd-e0f9-4aba-a940-073c9f96178d,"Senior Accountant,  Accounting Operations",Remote,https://jobs.ashbyhq.com/prefect/dabc38bd-e0f9-4aba-a940-073c9f96178d,2026-08-28T21:41:59.828+00:00,2026-09-21T16:33:41-05:00,,no,titulo fuera de perfil,automatizacion,,,,nueva,
1645,ashby:prefect:77b15c02-eb1c-45f2-baf4-177657921220,prefect:staffplatformengineer,Prefect,ashby,prefect,77b15c02-eb1c-45f2-baf4-177657921220,Staff Platform Engineer,Remote,https://jobs.ashbyhq.com/prefect/77b15c02-eb1c-45f2-baf4-177657921220,2026-09-02T21:43:49.352+00:00,2026-09-21T16:33:41-05:00,,si,"remoto sin pais, confirmar elegibilidad",desarrollo,0,"stack 2.4 (bruto 6) | seniority 0 (top, desarrollo) | contexto 4",KNOCKOUT: seniority 'top' fuera de alcance en rol de desarrollo,nueva,
1646,ashby:prefect:d68d4231-c5f0-41e2-820a-9a5a9344ff6e,prefect:senioranalyticsengineer,Prefect,ashby,prefect,d68d4231-c5f0-41e2-820a-9a5a9344ff6e,Senior Analytics Engineer,Remote,https://jobs.ashbyhq.com/prefect/d68d4231-c5f0-41e2-820a-9a5a9344ff6e,2026-09-02T22:16:32.923+00:00,2026-09-21T16:33:41-05:00,,si,"remoto sin pais, confirmar elegibilidad",desarrollo,3.9,"stack 4.4 (bruto 11) | seniority 3 (senior, desarrollo) | contexto 4",BRECHA: titulo 'senior' en rol de desarrollo,nueva,
1647,ashby:prefect:85e3149e-950b-4813-ad66-023093621399,prefect:staffdataengineer,Prefect,ashby,prefect,85e3149e-950b-4813-ad66-023093621399,Staff Data Engineer,Remote,https://jobs.ashbyhq.com/prefect/85e3149e-950b-4813-ad66-023093621399,2026-09-08T16:13:24.867+00:00,2026-09-21T16:33:41-05:00,,si,"remoto sin pais, confirmar elegibilidad",desarrollo,0,"stack 3.2 (bruto 8) | seniority 0 (top, desarrollo) | contexto 4",KNOCKOUT: seniority 'top' fuera de alcance en rol de desarrollo,nueva,
1648,ashby:buffer:1ee8b707-48a0-40cc-a319-3fb7c665a1e8,buffer:seniorinfrastructureengineer,Buffer,ashby,buffer,1ee8b707-48a0-40cc-a319-3fb7c665a1e8,Senior Infrastructure Engineer,Remote,https://jobs.ashbyhq.com/buffer/1ee8b707-48a0-40cc-a319-3fb7c665a1e8,2026-07-28T18:06:50.063+00:00,2026-09-21T16:33:41-05:00,,si,"remoto sin pais, confirmar elegibilidad",desarrollo,2.6,"stack 3.4 (bruto 8.5) | seniority 3 (senior, desarrollo) | contexto 0",BRECHA: titulo 'senior' en rol de desarrollo || BRECHA: piden 8+ anos de experiencia,nueva,
1649,lever:yuno:f9888fdb-5b83-4611-a81a-e730d013dd3f,yuno:aifrontenddeveloper,Yuno,lever,yuno,f9888fdb-5b83-4611-a81a-e730d013dd3f,AI Frontend Developer,Bogota / Buenos Aires / Mexico / Chile / Lima / Colombia / Paraguay / Brazil,https://jobs.lever.co/yuno/f9888fdb-5b83-4611-a81a-e730d013dd3f,2026-08-21T13:11:19.058000+00:00,2026-09-21T16:33:41-05:00,2026-09-23,si,ubicacion compatible,desarrollo,7.6,"stack 8.4 (bruto 21) | seniority 6 (sin_marca, desarrollo) | contexto 8",,nueva,
1650,lever:yuno:fbd4be7d-4fb1-4d0a-9898-7acba235d190,yuno:businessdevelopmentmanager,Yuno,lever,yuno,fbd4be7d-4fb1-4d0a-9898-7acba235d190,Business Development Manager,Europe / Netherlands / France / Ireland / London / Germany / Portugal,https://jobs.lever.co/yuno/fbd4be7d-4fb1-4d0a-9898-7acba235d190,2026-05-12T09:00:14.722000+00:00,2026-09-21T16:33:41-05:00,,no,titulo fuera de perfil,desarrollo,,,,nueva,
1651,lever:yuno:2e337a49-8ad3-4381-a7a5-7249099a6991,yuno:engineeringmanager,Yuno,lever,yuno,2e337a49-8ad3-4381-a7a5-7249099a6991,Engineering Manager,Europe / Portugal / Poland / Prague / Spain / Sweden / London / Ireland / Greece,https://jobs.lever.co/yuno/2e337a49-8ad3-4381-a7a5-7249099a6991,2026-08-03T15:16:03.582000+00:00,2026-09-21T16:33:41-05:00,,no,ubicacion fuera de Colombia/LATAM/remoto global,desarrollo,,,,nueva,
1652,lever:yuno:016fc224-be91-48f3-8075-3ca86b614b4f,yuno:engineeringmanagercorepayments,Yuno,lever,yuno,016fc224-be91-48f3-8075-3ca86b614b4f,Engineering Manager - Core Payments,Bogota / Argentina / Chile / Mexico / Colombia / Lima / Brazil / Dominican Republic / Paraguay,https://jobs.lever.co/yuno/016fc224-be91-48f3-8075-3ca86b614b4f,2026-02-06T23:41:04.751000+00:00,2026-09-21T16:33:41-05:00,,si,ubicacion compatible,desarrollo,0,"stack 2.8 (bruto 7) | seniority 0 (lead, desarrollo) | contexto 4",KNOCKOUT: seniority 'lead' fuera de alcance en rol de desarrollo || BRECHA: piden 5+ anos de experiencia || RIESGO: exigen ingles alto,nueva,
1653,lever:yuno:fdcc8441-1779-4759-a25e-bd996a1c3acc,yuno:engineeringmanagerpaymentsintegrations,Yuno,lever,yuno,fdcc8441-1779-4759-a25e-bd996a1c3acc,Engineering Manager - Payments Integrations,London / Amsterdam / Ireland / France / Europe / Germany / Belgium / Netherlands / Poland / Spain,https://jobs.lever.co/yuno/fdcc8441-1779-4759-a25e-bd996a1c3acc,2026-03-16T23:34:45+00:00,2026-09-21T16:33:41-05:00,2026-09-23,no,ubicacion fuera de Colombia/LATAM/remoto global,automatizacion,,,,nueva,
1654,lever:yuno:0bb7b2d1-d208-4cd0-b650-5b924b8e5c96,yuno:engineeringmanagerdataplatform,Yuno,lever,yuno,0bb7b2d1-d208-4cd0-b650-5b924b8e5c96,Engineering Manager – Data Platform,London / Amsterdam / Ireland / France / Europe / Germany / Belgium / Netherlands / Poland / Spain,https://jobs.lever.co/yuno/0bb7b2d1-d208-4cd0-b650-5b924b8e5c96,2026-04-24T23:16:17.941000+00:00,2026-09-21T16:33:41-05:00,,no,ubicacion fuera de Colombia/LATAM/remoto global,desarrollo,,,,nueva,
1655,lever:yuno:2c1863c6-a3a4-4d3e-acb8-6f530f8ebe50,yuno:finxgrowthmanager,Yuno,lever,yuno,2c1863c6-a3a4-4d3e-acb8-6f530f8ebe50,Finx Growth Manager,Brazil,https://jobs.lever.co/yuno/2c1863c6-a3a4-4d3e-acb8-6f530f8ebe50,2026-07-28T15:20:49.592000+00:00,2026-09-21T16:33:41-05:00,,no,titulo fuera de perfil,desarrollo,,,,nueva,
1656,lever:yuno:e601c8be-d03a-4aa4-b89a-ee784acf6921,yuno:globalheadofgotomarkets,Yuno,lever,yuno,e601c8be-d03a-4aa4-b89a-ee784acf6921,Global Head of Go To Markets,Brazil / Americas / São Paulo / Europe / Global / Spain / Portugal / London / Germany / Prague / Bratislava / Poland,https://jobs.lever.co/yuno/e601c8be-d03a-4aa4-b89a-ee784acf6921,2026-07-29T00:19:31.276000+00:00,2026-09-21T16:33:41-05:00,,no,titulo fuera de perfil,desarrollo,,,,nueva,
1657,lever:yuno:9a93d9ed-185c-4707-bffe-6561ef225890,yuno:gotomarketengineer,Yuno,lever,yuno,9a93d9ed-185c-4707-bffe-6561ef225890,Go To Market Engineer,Bogota / United States / Canada / Brazil / Argentina,https://jobs.lever.co/yuno/9a93d9ed-185c-4707-bffe-6561ef225890,2026-07-14T13:30:29.382000+00:00,2026-09-21T16:33:41-05:00,,si,ubicacion compatible,desarrollo,0,"stack 0.0 (bruto 0) | seniority 6 (sin_marca, desarrollo) | contexto 0",KNOCKOUT: stack 0.0 bajo el piso de 2.0,nueva,
1658,lever:yuno:629673a2-c969-4c1b-8dbf-8e8be7bb455b,yuno:leadproductdesigner,Yuno,lever,yuno,629673a2-c969-4c1b-8dbf-8e8be7bb455b,Lead Product Designer,Europe / Buenos Aires / Argentina / Chile / Mexico / Colombia / Ecuador / Dominican Republic / Lima / Paraguay / Puerto Rico / São Paulo / Spain / Portugal,https://jobs.lever.co/yuno/629673a2-c969-4c1b-8dbf-8e8be7bb455b,2026-05-06T07:39:50.634000+00:00,2026-09-21T16:33:41-05:00,,no,titulo fuera de perfil,desarrollo,,,,nueva,
1659,lever:yuno:d6c9ed75-e0e2-49fd-9339-5e6effcc5d74,yuno:legalbusinesspartneremea,Yuno,lever,yuno,d6c9ed75-e0e2-49fd-9339-5e6effcc5d74,"Legal Business Partner, EMEA",Europe,https://jobs.lever.co/yuno/d6c9ed75-e0e2-49fd-9339-5e6effcc5d74,2026-08-28T08:49:13.990000+00:00,2026-09-21T16:33:41-05:00,,no,titulo fuera de perfil,desarrollo,,,,nueva,
1660,lever:yuno:3577e844-65c6-41c6-ab7c-ebfad78de34f,yuno:machinelearningengineer,Yuno,lever,yuno,3577e844-65c6-41c6-ab7c-ebfad78de34f,Machine Learning Engineer,Europe,https://jobs.lever.co/yuno/3577e844-65c6-41c6-ab7c-ebfad78de34f,2026-09-11T10:11:33.953000+00:00,2026-09-21T16:33:41-05:00,,no,ubicacion fuera de Colombia/LATAM/remoto global,desarrollo,,,,nueva,
1661,lever:yuno:605e4675-f467-46bd-ac3a-d4bf62f60361,yuno:salesdevelopmentrepresentative,Yuno,lever,yuno,605e4675-f467-46bd-ac3a-d4bf62f60361,Sales Development Representative,Mexico / Bogota / Argentina / Buenos Aires / Chile / Colombia,https://jobs.lever.co/yuno/605e4675-f467-46bd-ac3a-d4bf62f60361,2026-09-02T12:43:35.557000+00:00,2026-09-21T16:33:41-05:00,,no,titulo fuera de perfil,desarrollo,,,,nueva,
1662,lever:yuno:c41156f4-4106-48a5-bcd2-d67e9694ed8f,yuno:salesdevelopmentrepresentativeparttimechina,Yuno,lever,yuno,c41156f4-4106-48a5-bcd2-d67e9694ed8f,"Sales Development Representative (Part Time, China)",Shanghai / Beijing / Shenzhen,https://jobs.lever.co/yuno/c41156f4-4106-48a5-bcd2-d67e9694ed8f,2026-08-22T11:32:25.352000+00:00,2026-09-21T16:33:41-05:00,,no,titulo fuera de perfil,desarrollo,,,,nueva,
1663,lever:yuno:768b0eea-7ad9-4444-b475-3040aff146b7,yuno:salesengineer,Yuno,lever,yuno,768b0eea-7ad9-4444-b475-3040aff146b7,Sales Engineer,Americas,https://jobs.lever.co/yuno/768b0eea-7ad9-4444-b475-3040aff146b7,2026-08-13T12:30:43.570000+00:00,2026-09-21T16:33:41-05:00,,si,"remoto sin pais, confirmar elegibilidad",desarrollo,6.8,"stack 6.8 (bruto 17) | seniority 6 (sin_marca, desarrollo) | contexto 8",BRECHA: piden 3+ anos de experiencia,nueva,
1664,lever:yuno:17c617f6-e1c0-417e-ae24-51e501232c6e,yuno:securitycomplianceengineer,Yuno,lever,yuno,17c617f6-e1c0-417e-ae24-51e501232c6e,Security Compliance Engineer,Argentina / Colombia / Chile / Paraguay / Puerto Rico / Mexico / Bogota / Dominican Republic / Ecuador / Europe / Lima / Montevideo,https://jobs.lever.co/yuno/17c617f6-e1c0-417e-ae24-51e501232c6e,2026-01-14T23:04:14.509000+00:00,2026-09-21T16:33:41-05:00,,si,ubicacion compatible,desarrollo,4.6,"stack 2.4 (bruto 6) | seniority 6 (sin_marca, desarrollo) | contexto 8",,nueva,
1665,lever:yuno:b9f6564b-e5fb-49ec-b987-e2734353b775,yuno:senioraiengineer,Yuno,lever,yuno,b9f6564b-e5fb-49ec-b987-e2734353b775,Senior AI Engineer,Colombia / Argentina / Chile / Mexico / São Paulo / United States / Bogota / Montevideo / Lima,https://jobs.lever.co/yuno/b9f6564b-e5fb-49ec-b987-e2734353b775,2026-04-22T13:43:15.818000+00:00,2026-09-21T16:33:41-05:00,,si,ubicacion compatible,desarrollo,4.5,"stack 5.6 (bruto 14) | seniority 3 (senior, desarrollo) | contexto 4",BRECHA: titulo 'senior' en rol de desarrollo || BRECHA: piden 4+ anos de experiencia || RIESGO: exigen ingles alto,nueva,
1666,lever:yuno:09574e89-949a-451a-9ef6-efaa62d96b31,yuno:seniorbackenddeveloper,Yuno,lever,yuno,09574e89-949a-451a-9ef6-efaa62d96b31,Senior Backend Developer,Europe,https://jobs.lever.co/yuno/09574e89-949a-451a-9ef6-efaa62d96b31,2026-06-03T09:09:58.017000+00:00,2026-09-21T16:33:41-05:00,,no,ubicacion fuera de Colombia/LATAM/remoto global,desarrollo,,,,nueva,
1667,lever:yuno:c32ba236-2e8d-4b4c-b850-8849939cb1eb,yuno:seniorcorporateitengineer,Yuno,lever,yuno,c32ba236-2e8d-4b4c-b850-8849939cb1eb,Senior Corporate IT Engineer,Europe / Amsterdam / France / Germany / Ireland / Italy / Lithuania / London / Netherlands / Poland / Portugal / Prague / Sweden / Spain / Turkey,https://jobs.lever.co/yuno/c32ba236-2e8d-4b4c-b850-8849939cb1eb,2026-08-10T02:59:32.452000+00:00,2026-09-21T16:33:41-05:00,,no,ubicacion fuera de Colombia/LATAM/remoto global,desarrollo,,,,nueva,
1668,lever:yuno:c045b514-3d3a-45d7-bad7-aba456896496,yuno:seniordatabaseadministrator,Yuno,lever,yuno,c045b514-3d3a-45d7-bad7-aba456896496,Senior Database Administrator,Argentina / Bogota / Chile / Mexico / Colombia / Buenos Aires / Europe / Lima / Paraguay / Spain / Amsterdam / Belgium / Brazil / Germany / Italy,https://jobs.lever.co/yuno/c045b514-3d3a-45d7-bad7-aba456896496,2026-07-07T21:37:36.848000+00:00,2026-09-21T16:33:41-05:00,,si,ubicacion compatible,desarrollo,4.2,"stack 5.0 (bruto 12.5) | seniority 3 (senior, desarrollo) | contexto 4",BRECHA: titulo 'senior' en rol de desarrollo || BRECHA: piden 4+ anos de experiencia,nueva,
1669,lever:yuno:8978a46a-8898-4162-9df5-be2e1e90c3b2,yuno:seniordatabaseadministratordba,Yuno,lever,yuno,8978a46a-8898-4162-9df5-be2e1e90c3b2,Senior Database Administrator (DBA),Mexico,https://jobs.lever.co/yuno/8978a46a-8898-4162-9df5-be2e1e90c3b2,2026-09-17T09:58:32.660000+00:00,2026-09-21T16:33:41-05:00,,no,ubicacion fuera de Colombia/LATAM/remoto global,desarrollo,,,,nueva,
1670,lever:yuno:723e5955-8391-4213-ba50-5e4f1eac32bb,yuno:seniorwebdeveloper,Yuno,lever,yuno,723e5955-8391-4213-ba50-5e4f1eac32bb,Senior Web Developer,Netherlands / Poland / Portugal / Brazil / Colombia / Argentina / Spain / Ecuador,https://jobs.lever.co/yuno/723e5955-8391-4213-ba50-5e4f1eac32bb,2026-06-15T17:24:27.302000+00:00,2026-09-21T16:33:41-05:00,,si,ubicacion compatible,desarrollo,4.6,"stack 5.8 (bruto 14.5) | seniority 3 (senior, desarrollo) | contexto 4",BRECHA: titulo 'senior' en rol de desarrollo || BRECHA: piden 5+ anos de experiencia,nueva,
1671,lever:yuno:66d4b886-1812-4253-844f-21439b68ccfa,yuno:sitereliabilityengineer,Yuno,lever,yuno,66d4b886-1812-4253-844f-21439b68ccfa,Site Reliability Engineer,Europe / Amsterdam / Belgium / Bratislava / France / Germany / Global / Greece / Ireland / Italy / Poland / Portugal / Prague / Sweden,https://jobs.lever.co/yuno/66d4b886-1812-4253-844f-21439b68ccfa,2026-08-10T02:31:07.443000+00:00,2026-09-21T16:33:41-05:00,,si,"remoto sin pais, confirmar elegibilidad",desarrollo,0,"stack 0.0 (bruto 0) | seniority 6 (sin_marca, desarrollo) | contexto 0",KNOCKOUT: stack 0.0 bajo el piso de 2.0,nueva,
1672,lever:yuno:f40d9385-09af-4210-bf0c-aab79d8fb36d,yuno:srkeyaccountmanager,Yuno,lever,yuno,f40d9385-09af-4210-bf0c-aab79d8fb36d,Sr Key Account Manager,Colombia / Mexico,https://jobs.lever.co/yuno/f40d9385-09af-4210-bf0c-aab79d8fb36d,2026-05-28T00:00:35.633000+00:00,2026-09-21T16:33:41-05:00,2026-09-22,no,titulo fuera de perfil,desarrollo,,,,nueva,
1673,lever:yuno:73111f9b-95c9-46f6-a1eb-0e8f2c0196c9,yuno:staffaiengineerpaymentsintelligence,Yuno,lever,yuno,73111f9b-95c9-46f6-a1eb-0e8f2c0196c9,"Staff AI Engineer, Payments Intelligence",Europe / Netherlands / London / Lithuania / Poland / Portugal / Prague / Spain / Sweden / Turkey,https://jobs.lever.co/yuno/73111f9b-95c9-46f6-a1eb-0e8f2c0196c9,2026-09-01T05:52:06.894000+00:00,2026-09-21T16:33:41-05:00,,no,ubicacion fuera de Colombia/LATAM/remoto global,desarrollo,,,,nueva,
1674,lever:yuno:9d5a970d-16b7-4eb7-a32a-5ac696d18762,yuno:staffengineerclientexperience,Yuno,lever,yuno,9d5a970d-16b7-4eb7-a32a-5ac696d18762,Staff Engineer - Client Experience,Europe / Netherlands / London / Lithuania / Poland / Portugal / Prague / Spain / Sweden / Turkey,https://jobs.lever.co/yuno/9d5a970d-16b7-4eb7-a32a-5ac696d18762,2026-08-10T02:08:05.167000+00:00,2026-09-21T16:33:41-05:00,,no,ubicacion fuera de Colombia/LATAM/remoto global,desarrollo,,,,nueva,
1675,lever:yuno:f26bce6d-c46f-4c4b-9397-341cebe80986,yuno:staffengineermoneyriskpaymentancillaries,Yuno,lever,yuno,f26bce6d-c46f-4c4b-9397-341cebe80986,"Staff Engineer - Money, Risk & Payment Ancillaries",Europe / London / Lithuania / Poland / Portugal / Prague / Spain / Sweden / Turkey / Germany / Global,https://jobs.lever.co/yuno/f26bce6d-c46f-4c4b-9397-341cebe80986,2026-09-01T05:44:03.367000+00:00,2026-09-21T16:33:41-05:00,,si,"remoto sin pais, confirmar elegibilidad",desarrollo,0,"stack 0.0 (bruto 0) | seniority 0 (top, desarrollo) | contexto 0",KNOCKOUT: stack 0.0 bajo el piso de 2.0 || KNOCKOUT: seniority 'top' fuera de alcance en rol de desarrollo,nueva,
1676,lever:yuno:2386ccb9-9b79-402a-8763-d6a41581bd2d,yuno:staffengineertrustvault,Yuno,lever,yuno,2386ccb9-9b79-402a-8763-d6a41581bd2d,Staff Engineer - Trust & Vault,Europe / London / Lithuania / Poland / Portugal / Prague / Spain / Sweden / Turkey / Germany / Global,https://jobs.lever.co/yuno/2386ccb9-9b79-402a-8763-d6a41581bd2d,2026-09-01T05:36:25.409000+00:00,2026-09-21T16:33:41-05:00,,si,"remoto sin pais, confirmar elegibilidad",desarrollo,0,"stack 0.0 (bruto 0) | seniority 0 (top, desarrollo) | contexto 0",KNOCKOUT: stack 0.0 bajo el piso de 2.0 || KNOCKOUT: seniority 'top' fuera de alcance en rol de desarrollo,nueva,
1677,lever:yuno:0a1e498f-b0af-4955-bf94-e23b48faec00,yuno:staffengineerdataplatform,Yuno,lever,yuno,0a1e498f-b0af-4955-bf94-e23b48faec00,Staff Engineer — Data Platform,London / Amsterdam / Europe / Belgium / France / Germany / Sweden / Spain / Portugal / Italy / Mexico,https://jobs.lever.co/yuno/0a1e498f-b0af-4955-bf94-e23b48faec00,2026-04-24T23:42:52.026000+00:00,2026-09-21T16:33:41-05:00,,no,ubicacion fuera de Colombia/LATAM/remoto global,desarrollo,,,,nueva,
1678,lever:yuno:b638c2de-cb8b-4e69-992f-8b0e7295479c,yuno:staffincidentmanager,Yuno,lever,yuno,b638c2de-cb8b-4e69-992f-8b0e7295479c,Staff Incident Manager,United States / Europe / Spain / Amsterdam / Belgium / Germany / Italy / APAC / EMEA / France / Japan / Netherlands / Shanghai / Beijing / Global,https://jobs.lever.co/yuno/b638c2de-cb8b-4e69-992f-8b0e7295479c,2026-07-07T19:23:23.843000+00:00,2026-09-21T16:33:41-05:00,,no,titulo fuera de perfil,desarrollo,,,,nueva,
1679,lever:yuno:7f25515f-dad5-4918-909b-cbd5349f2090,yuno:talentpoolcomejointheteam,Yuno,lever,yuno,7f25515f-dad5-4918-909b-cbd5349f2090,Talent Pool – Come join the team!,Global,https://jobs.lever.co/yuno/7f25515f-dad5-4918-909b-cbd5349f2090,2024-06-06T20:10:02.559000+00:00,2026-09-21T16:33:41-05:00,,no,titulo fuera de perfil,desarrollo,,,,nueva,
1680,lever:yuno:fcbb37f9-c40c-4433-9fa5-e71215fea550,yuno:technicalaccountmanager,Yuno,lever,yuno,fcbb37f9-c40c-4433-9fa5-e71215fea550,Technical Account Manager,Colombia / Argentina / Chile / Mexico,https://jobs.lever.co/yuno/fcbb37f9-c40c-4433-9fa5-e71215fea550,2026-07-15T00:46:21.571000+00:00,2026-09-21T16:33:41-05:00,,si,ubicacion compatible,desarrollo,0,"stack 4.8 (bruto 12) | seniority 0 (lead, desarrollo) | contexto 10",KNOCKOUT: seniority 'lead' fuera de alcance en rol de desarrollo || BRECHA: piden 3+ anos de experiencia || RIESGO: exigen ingles alto,nueva,
1681,lever:yuno:d8ba76db-1c82-4254-9119-70c2d4d41b7d,yuno:technicalsupport,Yuno,lever,yuno,d8ba76db-1c82-4254-9119-70c2d4d41b7d,Technical Support,Colombia,https://jobs.lever.co/yuno/d8ba76db-1c82-4254-9119-70c2d4d41b7d,2026-09-17T16:21:29.290000+00:00,2026-09-21T16:33:41-05:00,,si,ubicacion compatible,desarrollo,0,"stack 0.0 (bruto 0) | seniority 6 (sin_marca, desarrollo) | contexto 0",KNOCKOUT: stack 0.0 bajo el piso de 2.0,nueva,
1682,lever:yuno:3557a8e4-395e-4f61-8f93-da31737c5450,yuno:technicalsupportanalyst,Yuno,lever,yuno,3557a8e4-395e-4f61-8f93-da31737c5450,Technical Support Analyst,Hyderabad,https://jobs.lever.co/yuno/3557a8e4-395e-4f61-8f93-da31737c5450,2026-07-09T12:01:30.184000+00:00,2026-09-21T16:33:41-05:00,,no,ubicacion fuera de Colombia/LATAM/remoto global,desarrollo,,,,nueva,
1683,lever:yuno:9a3b8655-edfe-4678-b6e1-3de940cf8270,yuno:technicalsupportanalystapac,Yuno,lever,yuno,9a3b8655-edfe-4678-b6e1-3de940cf8270,Technical Support Analyst - APAC,Beijing / Hong Kong / Shanghai / Shenzhen,https://jobs.lever.co/yuno/9a3b8655-edfe-4678-b6e1-3de940cf8270,2026-09-17T08:47:14.912000+00:00,2026-09-21T16:33:41-05:00,,no,ubicacion fuera de Colombia/LATAM/remoto global,desarrollo,,,,nueva,
1684,lever:toptal:a9653cf8-e956-4cfc-8c27-3f27cb7307da,toptal:accountexecutive,Toptal,lever,toptal,a9653cf8-e956-4cfc-8c27-3f27cb7307da,Account Executive,"Canada, Central America, South America",https://jobs.lever.co/toptal/a9653cf8-e956-4cfc-8c27-3f27cb7307da,2026-09-10T08:07:52.366000+00:00,2026-09-21T16:33:41-05:00,,no,titulo fuera de perfil,desarrollo,,,,nueva,
1685,lever:toptal:565c69dd-fb6b-4752-84a1-0f3c9da3975d,toptal:accountexecutiveusbased,Toptal,lever,toptal,565c69dd-fb6b-4752-84a1-0f3c9da3975d,Account Executive - US-Based,United States,https://jobs.lever.co/toptal/565c69dd-fb6b-4752-84a1-0f3c9da3975d,2026-09-10T08:24:22.366000+00:00,2026-09-21T16:33:41-05:00,,no,titulo fuera de perfil,desarrollo,,,,nueva,
1686,lever:toptal:02143500-11da-42a2-97f0-aa84e9b5449b,toptal:ceoaiservicesusbased,Toptal,lever,toptal,02143500-11da-42a2-97f0-aa84e9b5449b,"CEO, AI Services - US-Based",United States,https://jobs.lever.co/toptal/02143500-11da-42a2-97f0-aa84e9b5449b,2025-11-01T19:45:27.616000+00:00,2026-09-21T16:33:41-05:00,,no,ubicacion fuera de Colombia/LATAM/remoto global,desarrollo,,,,nueva,
1687,lever:toptal:08cc2f67-7c10-442b-85cb-323d6855a0fa,toptal:chieftechnologyofficer,Toptal,lever,toptal,08cc2f67-7c10-442b-85cb-323d6855a0fa,Chief Technology Officer,"Canada, Europe, Central America, South America",https://jobs.lever.co/toptal/08cc2f67-7c10-442b-85cb-323d6855a0fa,2026-09-14T20:02:47.876000+00:00,2026-09-21T16:33:41-05:00,,no,titulo fuera de perfil,desarrollo,,,,nueva,
1688,lever:toptal:42bc9758-5d92-4ec6-84c1-a4b6c02848fe,toptal:chieftechnologyofficerusbased,Toptal,lever,toptal,42bc9758-5d92-4ec6-84c1-a4b6c02848fe,Chief Technology Officer - US-Based,United States,https://jobs.lever.co/toptal/42bc9758-5d92-4ec6-84c1-a4b6c02848fe,2026-09-14T20:06:08.707000+00:00,2026-09-21T16:33:41-05:00,,no,titulo fuera de perfil,desarrollo,,,,nueva,
1689,lever:toptal:dcf45cae-016d-4f3c-a88d-6ec822af39fe,toptal:clientadvisor,Toptal,lever,toptal,dcf45cae-016d-4f3c-a88d-6ec822af39fe,Client Advisor,"Canada, Central America, South America",https://jobs.lever.co/toptal/dcf45cae-016d-4f3c-a88d-6ec822af39fe,2026-09-16T16:27:14.902000+00:00,2026-09-21T16:33:41-05:00,,no,titulo fuera de perfil,desarrollo,,,,nueva,
1690,lever:toptal:b6dae24d-bea6-413d-8623-924670f43bd1,toptal:clientadvisorusbased,Toptal,lever,toptal,b6dae24d-bea6-413d-8623-924670f43bd1,Client Advisor - US-Based,United States,https://jobs.lever.co/toptal/b6dae24d-bea6-413d-8623-924670f43bd1,2026-09-16T16:28:10.010000+00:00,2026-09-21T16:33:41-05:00,,no,titulo fuera de perfil,desarrollo,,,,nueva,
1691,lever:toptal:14cdeac3-9087-4216-b223-0a7b293a7a22,toptal:enterprisesalesdevelopmentrepresentative,Toptal,lever,toptal,14cdeac3-9087-4216-b223-0a7b293a7a22,Enterprise Sales Development Representative,Canada,https://jobs.lever.co/toptal/14cdeac3-9087-4216-b223-0a7b293a7a22,2026-02-20T23:24:17.329000+00:00,2026-09-21T16:33:41-05:00,,no,titulo fuera de perfil,desarrollo,,,,nueva,
1692,lever:toptal:bdc963ca-1705-4e55-8872-0c15d23831d8,toptal:enterprisesalesdevelopmentrepresentativeusbased,Toptal,lever,toptal,bdc963ca-1705-4e55-8872-0c15d23831d8,Enterprise Sales Development Representative - US-Based,United States,https://jobs.lever.co/toptal/bdc963ca-1705-4e55-8872-0c15d23831d8,2019-04-12T16:21:40.250000+00:00,2026-09-21T16:33:41-05:00,,no,titulo fuera de perfil,desarrollo,,,,nueva,
1693,lever:toptal:b1f7d516-6584-4b85-9b56-5acc7042cf36,toptal:enterprisesalesexecutiveaisolutions,Toptal,lever,toptal,b1f7d516-6584-4b85-9b56-5acc7042cf36,"Enterprise Sales Executive, AI Solutions","Central America, South America, Canada, Europe, United Kingdom, Eastern Europe",https://jobs.lever.co/toptal/b1f7d516-6584-4b85-9b56-5acc7042cf36,2026-09-21T20:20:28.437000+00:00,2026-09-21T16:33:41-05:00,,si,ubicacion compatible,automatizacion,4.2,"stack 2.4 (bruto 6) | seniority 10 (sin_marca, automatizacion) | contexto 0",BRECHA: piden 7+ anos de experiencia,nueva,
1694,lever:toptal:65a0cf2b-90e9-4347-b166-54b5b15a43f4,toptal:enterprisesalesexecutiveaisolutionsusbased,Toptal,lever,toptal,65a0cf2b-90e9-4347-b166-54b5b15a43f4,"Enterprise Sales Executive, AI Solutions - US-Based",United States,https://jobs.lever.co/toptal/65a0cf2b-90e9-4347-b166-54b5b15a43f4,2026-09-21T20:21:12.156000+00:00,2026-09-21T16:33:41-05:00,,no,ubicacion fuera de Colombia/LATAM/remoto global,automatizacion,,,,nueva,
1695,lever:toptal:ebe1c98d-9034-44cf-a58a-b863e8df86d8,toptal:enterprisesalesexecutivebankingfinancialservicesandinsuranceusbased,Toptal,lever,toptal,ebe1c98d-9034-44cf-a58a-b863e8df86d8,"Enterprise Sales Executive, Banking, Financial Services and Insurance - US-Based",United States,https://jobs.lever.co/toptal/ebe1c98d-9034-44cf-a58a-b863e8df86d8,2026-08-11T13:14:49.059000+00:00,2026-09-21T16:33:41-05:00,,no,titulo fuera de perfil,desarrollo,,,,nueva,
1696,lever:toptal:e88c4220-926f-45f0-ac13-f0f688179ab7,toptal:enterprisesalesexecutiveconsumerproductsandservices,Toptal,lever,toptal,e88c4220-926f-45f0-ac13-f0f688179ab7,"Enterprise Sales Executive, Consumer Products and Services",Canada,https://jobs.lever.co/toptal/e88c4220-926f-45f0-ac13-f0f688179ab7,2026-08-31T13:14:18.523000+00:00,2026-09-21T16:33:41-05:00,,no,titulo fuera de perfil,desarrollo,,,,nueva,
1697,lever:toptal:91dc7c35-aa0e-4388-888e-a1a3d5c042c8,toptal:enterprisesalesexecutiveconsumerproductsandservicesusbased,Toptal,lever,toptal,91dc7c35-aa0e-4388-888e-a1a3d5c042c8,"Enterprise Sales Executive, Consumer Products and Services - US-Based",United States,https://jobs.lever.co/toptal/91dc7c35-aa0e-4388-888e-a1a3d5c042c8,2022-07-22T19:10:40.636000+00:00,2026-09-21T16:33:41-05:00,,no,titulo fuera de perfil,desarrollo,,,,nueva,
1698,lever:toptal:7ae2c9ad-5290-4286-8686-eacb032a8cbd,toptal:enterprisesalesexecutivehealthcareandlifesciencesusbased,Toptal,lever,toptal,7ae2c9ad-5290-4286-8686-eacb032a8cbd,"Enterprise Sales Executive, Healthcare and Life Sciences - US-Based",United States,https://jobs.lever.co/toptal/7ae2c9ad-5290-4286-8686-eacb032a8cbd,2026-08-13T18:43:54.625000+00:00,2026-09-21T16:33:41-05:00,,no,titulo fuera de perfil,desarrollo,,,,nueva,
1699,lever:toptal:992b12b2-9b96-44e3-a8ff-048544d71342,toptal:managementconsultingmatcher,Toptal,lever,toptal,992b12b2-9b96-44e3-a8ff-048544d71342,Management Consulting Matcher,"South America, Central America",https://jobs.lever.co/toptal/992b12b2-9b96-44e3-a8ff-048544d71342,2023-05-08T18:41:32.146000+00:00,2026-09-21T16:33:41-05:00,,no,titulo fuera de perfil,desarrollo,,,,nueva,
1700,lever:toptal:9fe51c0c-d406-4aaf-9808-3aa1471f9ff6,toptal:matchingoperationscoordinator,Toptal,lever,toptal,9fe51c0c-d406-4aaf-9808-3aa1471f9ff6,Matching Operations Coordinator,"South America, Central America / Eastern Europe",https://jobs.lever.co/toptal/9fe51c0c-d406-4aaf-9808-3aa1471f9ff6,2021-06-29T07:03:32.833000+00:00,2026-09-21T16:33:41-05:00,,no,titulo fuera de perfil,automatizacion,,,,nueva,
1701,lever:toptal:a51c0eda-24de-4e43-af64-8d2151257321,toptal:salesdevelopmentrepresentativestaffing,Toptal,lever,toptal,a51c0eda-24de-4e43-af64-8d2151257321,"Sales Development Representative, Staffing",Canada,https://jobs.lever.co/toptal/a51c0eda-24de-4e43-af64-8d2151257321,2026-09-16T20:12:36.553000+00:00,2026-09-21T16:33:41-05:00,,no,titulo fuera de perfil,desarrollo,,,,nueva,
1702,lever:toptal:e7107c0a-6157-4ad9-a71b-bb87e4904893,toptal:salesdevelopmentrepresentativestaffingusbased,Toptal,lever,toptal,e7107c0a-6157-4ad9-a71b-bb87e4904893,"Sales Development Representative, Staffing - US-Based",United States,https://jobs.lever.co/toptal/e7107c0a-6157-4ad9-a71b-bb87e4904893,2026-09-16T20:17:21.133000+00:00,2026-09-21T16:33:41-05:00,,no,titulo fuera de perfil,desarrollo,,,,nueva,
1703,lever:toptal:f5e54b89-563e-4260-b2bf-7553d4b5ebde,toptal:seniorcreativeoperationsmanager,Toptal,lever,toptal,f5e54b89-563e-4260-b2bf-7553d4b5ebde,Senior Creative Operations Manager,Canada,https://jobs.lever.co/toptal/f5e54b89-563e-4260-b2bf-7553d4b5ebde,2025-07-01T18:38:30.204000+00:00,2026-09-21T16:33:41-05:00,,no,titulo fuera de perfil,automatizacion,,,,nueva,
1704,lever:toptal:ad4be83f-7cf6-451d-ba0f-9030421a5bd6,toptal:seniorcreativeoperationsmanagerusbased,Toptal,lever,toptal,ad4be83f-7cf6-451d-ba0f-9030421a5bd6,Senior Creative Operations Manager - US-Based,United States,https://jobs.lever.co/toptal/ad4be83f-7cf6-451d-ba0f-9030421a5bd6,2026-09-14T15:29:26.455000+00:00,2026-09-21T16:33:41-05:00,,no,titulo fuera de perfil,automatizacion,,,,nueva,
1705,lever:toptal:a857f8e0-1429-4386-8b03-edc67e9498c3,toptal:seniormanagersolutionspartnershipsmarketingservices,Toptal,lever,toptal,a857f8e0-1429-4386-8b03-edc67e9498c3,"Senior Manager, Solutions & Partnerships, Marketing Services","Canada, Europe, South America, UK",https://jobs.lever.co/toptal/a857f8e0-1429-4386-8b03-edc67e9498c3,2026-08-31T20:51:07.672000+00:00,2026-09-21T16:33:41-05:00,,si,ubicacion compatible,automatizacion,0,"stack 0.0 (bruto 0) | seniority 4 (lead, automatizacion) | contexto 4",KNOCKOUT: stack 0.0 bajo el piso de 2.0 || BRECHA: titulo 'lead' en rol de automatizacion || BRECHA: piden 8+ anos de experiencia,nueva,
1706,lever:toptal:173c0036-1637-4207-8343-df7c7a51b4f0,toptal:seniormanagersolutionspartnershipsmarketingservicesusbased,Toptal,lever,toptal,173c0036-1637-4207-8343-df7c7a51b4f0,"Senior Manager, Solutions & Partnerships, Marketing Services - US-Based",United States,https://jobs.lever.co/toptal/173c0036-1637-4207-8343-df7c7a51b4f0,2026-08-31T20:52:00.086000+00:00,2026-09-21T16:33:41-05:00,,no,ubicacion fuera de Colombia/LATAM/remoto global,automatizacion,,,,nueva,
1707,lever:toptal:c2881430-4798-48b9-9ce0-4dd96f20f33d,toptal:seniormarketingbusinessanalyst,Toptal,lever,toptal,c2881430-4798-48b9-9ce0-4dd96f20f33d,Senior Marketing Business Analyst,"Canada, Central America, South America",https://jobs.lever.co/toptal/c2881430-4798-48b9-9ce0-4dd96f20f33d,2026-07-03T19:02:11.598000+00:00,2026-09-21T16:33:41-05:00,,no,titulo fuera de perfil,desarrollo,,,,nueva,
1708,lever:toptal:1443ab31-b461-4de8-bb68-2e820dc9cf7a,toptal:seniorproductmanager,Toptal,lever,toptal,1443ab31-b461-4de8-bb68-2e820dc9cf7a,Senior Product Manager,Europe and Canada,https://jobs.lever.co/toptal/1443ab31-b461-4de8-bb68-2e820dc9cf7a,2021-10-13T13:47:45.768000+00:00,2026-09-21T16:33:41-05:00,,no,titulo fuera de perfil,desarrollo,,,,nueva,
1709,lever:toptal:6063a86f-3ae3-41a3-a504-37cd7e183ded,toptal:seniorproductmanagerusbased,Toptal,lever,toptal,6063a86f-3ae3-41a3-a504-37cd7e183ded,Senior Product Manager - US-Based,United States,https://jobs.lever.co/toptal/6063a86f-3ae3-41a3-a504-37cd7e183ded,2023-08-01T20:01:38.031000+00:00,2026-09-21T16:33:41-05:00,,no,titulo fuera de perfil,desarrollo,,,,nueva,
1710,lever:toptal:31ac2812-d120-4242-8688-df914ab1346d,toptal:svpproduct,Toptal,lever,toptal,31ac2812-d120-4242-8688-df914ab1346d,"SVP, Product",Europe and Canada,https://jobs.lever.co/toptal/31ac2812-d120-4242-8688-df914ab1346d,2026-09-14T20:38:03.179000+00:00,2026-09-21T16:33:41-05:00,,no,titulo fuera de perfil,desarrollo,,,,nueva,
1711,lever:toptal:c9e20a7d-6559-4c72-bdfa-2922cda350a6,toptal:svpproductusbased,Toptal,lever,toptal,c9e20a7d-6559-4c72-bdfa-2922cda350a6,"SVP, Product - US-Based",United States,https://jobs.lever.co/toptal/c9e20a7d-6559-4c72-bdfa-2922cda350a6,2026-09-14T20:38:44.694000+00:00,2026-09-21T16:33:41-05:00,,no,titulo fuera de perfil,desarrollo,,,,nueva,
1712,lever:toptal:b186774f-2f0e-4508-bdfc-1e06b4ecd259,toptal:vpaiservices,Toptal,lever,toptal,b186774f-2f0e-4508-bdfc-1e06b4ecd259,"VP, AI Services",Canada,https://jobs.lever.co/toptal/b186774f-2f0e-4508-bdfc-1e06b4ecd259,2026-06-15T09:05:21.718000+00:00,2026-09-21T16:33:41-05:00,,no,ubicacion fuera de Colombia/LATAM/remoto global,desarrollo,,,,nueva,
1713,lever:toptal:bcffcabc-df98-408a-976e-b16cb02631f2,toptal:vpaiservicesusbased,Toptal,lever,toptal,bcffcabc-df98-408a-976e-b16cb02631f2,"VP, AI Services - US-Based",North America,https://jobs.lever.co/toptal/bcffcabc-df98-408a-976e-b16cb02631f2,2026-06-15T11:50:32.410000+00:00,2026-09-21T16:33:41-05:00,,no,ubicacion fuera de Colombia/LATAM/remoto global,desarrollo,,,,nueva,
1714,lever:dlocal:9a30f231-9e7d-42bf-afab-59ede687eb41,dlocal:accountmanager,dLocal,lever,dlocal,9a30f231-9e7d-42bf-afab-59ede687eb41,Account Manager,Buenos Aires / Montevideo / Sao Paulo (Hybrid),https://jobs.lever.co/dlocal/9a30f231-9e7d-42bf-afab-59ede687eb41,2026-08-24T20:03:35.520000+00:00,2026-09-21T16:33:41-05:00,,no,titulo fuera de perfil,desarrollo,,,,nueva,
1715,lever:dlocal:6f9ffd88-b477-4c85-8a7c-5b0890dd143c,dlocal:accountmanagerapac,dLocal,lever,dlocal,6f9ffd88-b477-4c85-8a7c-5b0890dd143c,Account Manager - APAC,Singapore,https://jobs.lever.co/dlocal/6f9ffd88-b477-4c85-8a7c-5b0890dd143c,2023-08-10T02:44:03.114000+00:00,2026-09-21T16:33:41-05:00,,no,titulo fuera de perfil,desarrollo,,,,nueva,
1716,lever:dlocal:4a8b6ed4-063a-46c4-a624-d406a7b6f932,dlocal:accountmanagerchina,dLocal,lever,dlocal,4a8b6ed4-063a-46c4-a624-d406a7b6f932,Account Manager China,Shanghai / Shenzhen,https://jobs.lever.co/dlocal/4a8b6ed4-063a-46c4-a624-d406a7b6f932,2024-04-12T05:28:03.020000+00:00,2026-09-21T16:33:41-05:00,,no,titulo fuera de perfil,desarrollo,,,,nueva,
1717,lever:dlocal:0c37935a-9665-4734-8dbf-fdf0dfd56c1b,dlocal:businesscontinuityassociate,dLocal,lever,dlocal,0c37935a-9665-4734-8dbf-fdf0dfd56c1b,Business Continuity Associate,Montevideo (Hybrid) / Buenos Aires,https://jobs.lever.co/dlocal/0c37935a-9665-4734-8dbf-fdf0dfd56c1b,2026-08-04T17:35:23.642000+00:00,2026-09-21T16:33:41-05:00,,no,titulo fuera de perfil,desarrollo,,,,nueva,
1718,lever:dlocal:1a248e82-53ed-4aed-8ccd-686577a0128d,dlocal:businesscontinuityassociateapac,dLocal,lever,dlocal,1a248e82-53ed-4aed-8ccd-686577a0128d,Business Continuity Associate APAC,Kuala Lumpur,https://jobs.lever.co/dlocal/1a248e82-53ed-4aed-8ccd-686577a0128d,2025-09-23T08:13:34.848000+00:00,2026-09-21T16:33:41-05:00,,no,titulo fuera de perfil,desarrollo,,,,nueva,
1719,lever:dlocal:2c74e2a9-5cd8-4a20-9574-26734267df53,dlocal:businesscontinuityspecialist,dLocal,lever,dlocal,2c74e2a9-5cd8-4a20-9574-26734267df53,Business Continuity Specialist,Nairobi,https://jobs.lever.co/dlocal/2c74e2a9-5cd8-4a20-9574-26734267df53,2026-09-02T13:37:03.229000+00:00,2026-09-21T16:33:41-05:00,,no,titulo fuera de perfil,desarrollo,,,,nueva,
1720,lever:dlocal:d3aa9436-a537-4ca7-bfe0-6636a53e2cfd,dlocal:businessdevelopmentmanagerapac,dLocal,lever,dlocal,d3aa9436-a537-4ca7-bfe0-6636a53e2cfd,Business Development Manager - APAC,Singapore,https://jobs.lever.co/dlocal/d3aa9436-a537-4ca7-bfe0-6636a53e2cfd,2022-08-18T05:53:21.185000+00:00,2026-09-21T16:33:41-05:00,,no,titulo fuera de perfil,desarrollo,,,,nueva,
1721,lever:dlocal:eb2f90a4-95ef-42eb-af11-a14e9efeb530,dlocal:businessdevelopmentmanagerchina,dLocal,lever,dlocal,eb2f90a4-95ef-42eb-af11-a14e9efeb530,Business Development Manager - China,Shanghai / Shenzhen,https://jobs.lever.co/dlocal/eb2f90a4-95ef-42eb-af11-a14e9efeb530,2025-06-16T02:19:06.432000+00:00,2026-09-21T16:33:41-05:00,,no,titulo fuera de perfil,desarrollo,,,,nueva,
1722,lever:dlocal:49dc9d7c-b1ae-4d08-b66f-41022570c878,dlocal:cloudnetworkedgesecurityengineer,dLocal,lever,dlocal,49dc9d7c-b1ae-4d08-b66f-41022570c878,Cloud  Network & Edge Security Engineer,Madrid / Barcelona,https://jobs.lever.co/dlocal/49dc9d7c-b1ae-4d08-b66f-41022570c878,2026-07-31T08:11:03.566000+00:00,2026-09-21T16:33:41-05:00,,no,ubicacion fuera de Colombia/LATAM/remoto global,desarrollo,,,,nueva,
1723,lever:dlocal:1244cc72-c553-40ce-ac1a-afc2a5bb4dc3,dlocal:cloudarchitect,dLocal,lever,dlocal,1244cc72-c553-40ce-ac1a-afc2a5bb4dc3,Cloud Architect,Buenos Aires / Sao Paulo / Montevideo / Barcelona / Madrid,https://jobs.lever.co/dlocal/1244cc72-c553-40ce-ac1a-afc2a5bb4dc3,2022-12-05T16:29:00.509000+00:00,2026-09-21T16:33:41-05:00,,no,titulo fuera de perfil,desarrollo,,,,nueva,
1724,lever:dlocal:d07ce97d-2b9e-4d7c-a841-8f88d0ddb1d9,dlocal:cloudarchitect,dLocal,lever,dlocal,d07ce97d-2b9e-4d7c-a841-8f88d0ddb1d9,Cloud Architect,Barcelona / Sao Paulo / Montevideo / Madrid / Buenos Aires / Spain / Argentina,https://jobs.lever.co/dlocal/d07ce97d-2b9e-4d7c-a841-8f88d0ddb1d9,2026-07-31T08:42:21.320000+00:00,2026-09-21T16:33:41-05:00,,no,titulo fuera de perfil,desarrollo,,,,nueva,
1725,lever:dlocal:24778718-9d98-490d-a37b-64dcc8e96edf,dlocal:commercialtalentpool,dLocal,lever,dlocal,24778718-9d98-490d-a37b-64dcc8e96edf,Commercial Talent Pool,Montevideo (Hybrid) / Madrid / Shanghai / Cape Town,https://jobs.lever.co/dlocal/24778718-9d98-490d-a37b-64dcc8e96edf,2026-05-20T18:13:13.815000+00:00,2026-09-21T16:33:41-05:00,,no,titulo fuera de perfil,desarrollo,,,,nueva,
1726,lever:dlocal:de60c99a-0d30-4029-81ee-be6f0d7a78aa,dlocal:complianceofficermlrocameroon,dLocal,lever,dlocal,de60c99a-0d30-4029-81ee-be6f0d7a78aa,Compliance Officer / MLRO - Cameroon,Yaoundé,https://jobs.lever.co/dlocal/de60c99a-0d30-4029-81ee-be6f0d7a78aa,2026-06-11T20:00:48.524000+00:00,2026-09-21T16:33:41-05:00,,no,titulo fuera de perfil,desarrollo,,,,nueva,
1727,lever:dlocal:89142c08-de82-4305-810b-711190e0fdf8,dlocal:complianceofficermlrosaudiarabia,dLocal,lever,dlocal,89142c08-de82-4305-810b-711190e0fdf8,Compliance Officer / MLRO- Saudi Arabia,Riyadh,https://jobs.lever.co/dlocal/89142c08-de82-4305-810b-711190e0fdf8,2026-06-08T19:19:15.340000+00:00,2026-09-21T16:33:41-05:00,,no,titulo fuera de perfil,desarrollo,,,,nueva,
1728,lever:dlocal:d6cacc92-dc5c-4d76-b064-4502d352fdf6,dlocal:complianceofficermlrosenegal,dLocal,lever,dlocal,d6cacc92-dc5c-4d76-b064-4502d352fdf6,Compliance Officer / MLRO- Senegal,Dakar,https://jobs.lever.co/dlocal/d6cacc92-dc5c-4d76-b064-4502d352fdf6,2026-04-14T11:53:08.276000+00:00,2026-09-21T16:33:41-05:00,,no,titulo fuera de perfil,desarrollo,,,,nueva,
1729,lever:dlocal:8812e2ca-62c2-447b-8c7a-28eb58dc2337,dlocal:compliancespecialistmlroindonesia,dLocal,lever,dlocal,8812e2ca-62c2-447b-8c7a-28eb58dc2337,Compliance Specialist & MLRO – Indonesia,Indonesia,https://jobs.lever.co/dlocal/8812e2ca-62c2-447b-8c7a-28eb58dc2337,2023-11-18T04:46:34.022000+00:00,2026-09-21T16:33:41-05:00,,no,titulo fuera de perfil,desarrollo,,,,nueva,
1730,lever:dlocal:21726fe4-10f0-4420-8eee-e99d60f3ec13,dlocal:compliancetalentpool,dLocal,lever,dlocal,21726fe4-10f0-4420-8eee-e99d60f3ec13,Compliance Talent Pool,Montevideo (Hybrid) / Buenos Aires / Shanghai / London / Sao Paulo (Hybrid) / Madrid / Shenzhen,https://jobs.lever.co/dlocal/21726fe4-10f0-4420-8eee-e99d60f3ec13,2026-05-20T18:18:19.527000+00:00,2026-09-21T16:33:41-05:00,,no,titulo fuera de perfil,desarrollo,,,,nueva,
1731,lever:dlocal:fd00e7e3-2047-49ee-9164-d005e5c26489,dlocal:corporatedevelopmenttalentpool,dLocal,lever,dlocal,fd00e7e3-2047-49ee-9164-d005e5c26489,Corporate Development Talent Pool,Montevideo,https://jobs.lever.co/dlocal/fd00e7e3-2047-49ee-9164-d005e5c26489,2026-05-20T18:40:49.404000+00:00,2026-09-21T16:33:41-05:00,,no,titulo fuera de perfil,desarrollo,,,,nueva,
1732,lever:dlocal:93b5d5bc-ccdf-41c0-9213-b1aaf83536aa,dlocal:customersuccessmanagerchina,dLocal,lever,dlocal,93b5d5bc-ccdf-41c0-9213-b1aaf83536aa,Customer Success Manager - China,Shanghai / Shenzhen,https://jobs.lever.co/dlocal/93b5d5bc-ccdf-41c0-9213-b1aaf83536aa,2023-02-14T06:20:36.040000+00:00,2026-09-21T16:33:41-05:00,,no,titulo fuera de perfil,desarrollo,,,,nueva,
1733,lever:dlocal:9990577d-904e-4bdb-9190-41347645f79b,dlocal:dataspecialistforcompliancetransactionmonitoringfinancialcrime,dLocal,lever,dlocal,9990577d-904e-4bdb-9190-41347645f79b,Data Specialist for Compliance — Transaction Monitoring & Financial Crime,Madrid / Sao Paulo (Hybrid) / Montevideo (Hybrid),https://jobs.lever.co/dlocal/9990577d-904e-4bdb-9190-41347645f79b,2026-08-18T18:00:48.887000+00:00,2026-09-21T16:33:41-05:00,,no,ubicacion fuera de Colombia/LATAM/remoto global,desarrollo,,,,nueva,
1734,lever:dlocal:9152099e-3a47-48f0-8ab2-c68728012a79,dlocal:dataaiarchitect,dLocal,lever,dlocal,9152099e-3a47-48f0-8ab2-c68728012a79,Data-AI Architect,Montevideo / Buenos Aires / Sao Paulo / Barcelona / Madrid,https://jobs.lever.co/dlocal/9152099e-3a47-48f0-8ab2-c68728012a79,2026-09-21T09:00:42.502000+00:00,2026-09-21T16:33:41-05:00,,no,ubicacion fuera de Colombia/LATAM/remoto global,desarrollo,,,,nueva,
1735,lever:dlocal:e98dbb97-58e2-4335-8454-fd4c72a2fc19,dlocal:devopsengineercicd,dLocal,lever,dlocal,e98dbb97-58e2-4335-8454-fd4c72a2fc19,DevOps Engineer CI/CD,Barcelona / Madrid / Montevideo / Buenos Aires / Sao Paulo,https://jobs.lever.co/dlocal/e98dbb97-58e2-4335-8454-fd4c72a2fc19,2026-07-21T14:39:41.210000+00:00,2026-09-21T16:33:41-05:00,,no,ubicacion fuera de Colombia/LATAM/remoto global,desarrollo,,,,nueva,
1736,lever:dlocal:c961cedd-8dd1-4e42-8ae8-bac12088a331,dlocal:ethicscomplianceofficer,dLocal,lever,dlocal,c961cedd-8dd1-4e42-8ae8-bac12088a331,Ethics & Compliance Officer,Montevideo (Hybrid) / Sao Paulo (Hybrid),https://jobs.lever.co/dlocal/c961cedd-8dd1-4e42-8ae8-bac12088a331,2026-08-06T19:36:10.817000+00:00,2026-09-21T16:33:41-05:00,2026-09-22,no,titulo fuera de perfil,desarrollo,,,,nueva,
1737,lever:dlocal:0c69b348-3104-4fe7-b1b3-a67d69967971,dlocal:executionenablementspecialist,dLocal,lever,dlocal,0c69b348-3104-4fe7-b1b3-a67d69967971,Execution & Enablement Specialist,Buenos Aires / Montevideo (Hybrid),https://jobs.lever.co/dlocal/0c69b348-3104-4fe7-b1b3-a67d69967971,2026-09-02T11:55:36.441000+00:00,2026-09-21T16:33:41-05:00,,no,titulo fuera de perfil,automatizacion,,,,nueva,
1738,lever:dlocal:a6328e12-992c-4b7b-a51b-3b2d9bc4b997,dlocal:financetalentpool,dLocal,lever,dlocal,a6328e12-992c-4b7b-a51b-3b2d9bc4b997,Finance Talent Pool,Montevideo (Hybrid) / Buenos Aires / Shanghai / London / Sao Paulo (Hybrid) / Madrid / Shenzhen,https://jobs.lever.co/dlocal/a6328e12-992c-4b7b-a51b-3b2d9bc4b997,2026-05-20T18:21:11.963000+00:00,2026-09-21T16:33:41-05:00,,no,titulo fuera de perfil,desarrollo,,,,nueva,
1739,lever:dlocal:2b55b780-a206-44df-9196-6b63dbbcf3c0,dlocal:fraudpreventionanalystii,dLocal,lever,dlocal,2b55b780-a206-44df-9196-6b63dbbcf3c0,Fraud Prevention Analyst II,Montevideo (Hybrid) / Buenos Aires / Sao Paulo (Hybrid),https://jobs.lever.co/dlocal/2b55b780-a206-44df-9196-6b63dbbcf3c0,2026-08-05T15:30:26.227000+00:00,2026-09-21T16:33:41-05:00,,no,titulo fuera de perfil,desarrollo,,,,nueva,
1740,lever:dlocal:24285171-10cb-461b-aaec-d5cdb1ea753c,dlocal:hrgeneralistapac,dLocal,lever,dlocal,24285171-10cb-461b-aaec-d5cdb1ea753c,HR Generalist APAC,Shanghai / Shenzhen,https://jobs.lever.co/dlocal/24285171-10cb-461b-aaec-d5cdb1ea753c,2026-07-26T12:13:20.969000+00:00,2026-09-21T16:33:41-05:00,,no,titulo fuera de perfil,desarrollo,,,,nueva,
1741,lever:dlocal:e262f6b4-70f9-4a0d-94ba-e22cfaee446a,dlocal:itinternalauditmanager,dLocal,lever,dlocal,e262f6b4-70f9-4a0d-94ba-e22cfaee446a,IT Internal Audit Manager,Buenos Aires / Sao Paulo (Hybrid) / Montevideo (Hybrid),https://jobs.lever.co/dlocal/e262f6b4-70f9-4a0d-94ba-e22cfaee446a,2026-05-27T13:06:40.647000+00:00,2026-09-21T16:33:41-05:00,,no,titulo fuera de perfil,desarrollo,,,,nueva,
1742,lever:dlocal:c93e4102-b7eb-4ded-852b-888073c63a9d,dlocal:legalcounselcontracts,dLocal,lever,dlocal,c93e4102-b7eb-4ded-852b-888073c63a9d,Legal Counsel - Contracts,Montevideo,https://jobs.lever.co/dlocal/c93e4102-b7eb-4ded-852b-888073c63a9d,2026-09-11T13:11:29.993000+00:00,2026-09-21T16:33:41-05:00,,no,titulo fuera de perfil,desarrollo,,,,nueva,
1743,lever:dlocal:097cc95f-0431-4dc9-bdf8-880017085332,dlocal:legalcounselcorporate,dLocal,lever,dlocal,097cc95f-0431-4dc9-bdf8-880017085332,Legal Counsel - Corporate,Montevideo,https://jobs.lever.co/dlocal/097cc95f-0431-4dc9-bdf8-880017085332,2026-08-13T13:19:09.140000+00:00,2026-09-21T16:33:41-05:00,,no,titulo fuera de perfil,desarrollo,,,,nueva,
1744,lever:dlocal:b3312823-073a-40f0-8ffd-ea0b4e360333,dlocal:legaltalentpool,dLocal,lever,dlocal,b3312823-073a-40f0-8ffd-ea0b4e360333,Legal Talent Pool,Montevideo (Hybrid) / Buenos Aires / Shanghai / London / Sao Paulo (Hybrid) / Madrid / Shenzhen,https://jobs.lever.co/dlocal/b3312823-073a-40f0-8ffd-ea0b4e360333,2026-05-20T18:20:09.915000+00:00,2026-09-21T16:33:41-05:00,,no,titulo fuera de perfil,desarrollo,,,,nueva,
1745,lever:dlocal:654d7765-86e4-4144-8966-de28ba256de4,dlocal:mlrouk,dLocal,lever,dlocal,654d7765-86e4-4144-8966-de28ba256de4,MLRO - UK,London,https://jobs.lever.co/dlocal/654d7765-86e4-4144-8966-de28ba256de4,2026-05-22T15:08:17.926000+00:00,2026-09-21T16:33:41-05:00,,no,titulo fuera de perfil,desarrollo,,,,nueva,
1746,lever:dlocal:24547979-e915-403c-9d1c-cba7f2a67808,dlocal:operationstalentpool,dLocal,lever,dlocal,24547979-e915-403c-9d1c-cba7f2a67808,Operations Talent Pool,Montevideo (Hybrid) / Buenos Aires / Sao Paulo (Hybrid) / Cape Town / Singapore / Shanghai,https://jobs.lever.co/dlocal/24547979-e915-403c-9d1c-cba7f2a67808,2026-05-20T18:10:05.963000+00:00,2026-09-21T16:33:41-05:00,,no,titulo fuera de perfil,automatizacion,,,,nueva,
1747,lever:dlocal:48591c0c-804c-47ad-8d81-c56f08c81344,dlocal:peopletalentpoolhumanresources,dLocal,lever,dlocal,48591c0c-804c-47ad-8d81-c56f08c81344,People Talent Pool (Human Resources),Sao Paulo (Hybrid) / Montevideo (Hybrid) / Barcelona / Madrid,https://jobs.lever.co/dlocal/48591c0c-804c-47ad-8d81-c56f08c81344,2026-05-20T18:15:10.674000+00:00,2026-09-21T16:33:41-05:00,,no,titulo fuera de perfil,desarrollo,,,,nueva,
1748,lever:dlocal:69656039-9233-4406-94de-1dd729eaf8cc,dlocal:platformarchitect,dLocal,lever,dlocal,69656039-9233-4406-94de-1dd729eaf8cc,Platform Architect,Madrid / Barcelona,https://jobs.lever.co/dlocal/69656039-9233-4406-94de-1dd729eaf8cc,2026-08-10T14:54:20.340000+00:00,2026-09-21T16:33:41-05:00,,no,ubicacion fuera de Colombia/LATAM/remoto global,desarrollo,,,,nueva,
1749,lever:dlocal:927a5f7c-4dd3-418f-9914-bed5afa9da0a,dlocal:principalsecurityengineeridentityaccess,dLocal,lever,dlocal,927a5f7c-4dd3-418f-9914-bed5afa9da0a,Principal Security Engineer – Identity & Access,Madrid / Barcelona / Sao Paulo / Buenos Aires / Montevideo / Bucharest,https://jobs.lever.co/dlocal/927a5f7c-4dd3-418f-9914-bed5afa9da0a,2026-07-22T12:09:02.206000+00:00,2026-09-21T16:33:41-05:00,,no,ubicacion fuera de Colombia/LATAM/remoto global,desarrollo,,,,nueva,
1750,lever:dlocal:0ec14f08-d260-4344-b8db-61fe6cbb1d37,dlocal:producttalentpool,dLocal,lever,dlocal,0ec14f08-d260-4344-b8db-61fe6cbb1d37,Product Talent Pool,Montevideo (Hybrid) / Barcelona / Madrid / Buenos Aires / Sao Paulo (Hybrid) / Bucharest,https://jobs.lever.co/dlocal/0ec14f08-d260-4344-b8db-61fe6cbb1d37,2026-05-20T18:10:31.775000+00:00,2026-09-21T16:33:41-05:00,,no,titulo fuera de perfil,desarrollo,,,,nueva,
1751,lever:dlocal:29ff5d78-971d-4dc7-83a2-49ae6aee4de3,dlocal:regulatorylicensingofficermiddleeastandnorthafricapaymentsfintech,dLocal,lever,dlocal,29ff5d78-971d-4dc7-83a2-49ae6aee4de3,Regulatory & Licensing Officer – Middle East and North Africa (Payments/ Fintech),Cairo / Casablanca / Riyadh / Abu Dhabi / Manama / Kuala Lumpur / Lagos,https://jobs.lever.co/dlocal/29ff5d78-971d-4dc7-83a2-49ae6aee4de3,2026-06-03T17:47:48.260000+00:00,2026-09-21T16:33:41-05:00,,no,titulo fuera de perfil,desarrollo,,,,nueva,
1752,lever:dlocal:930c26d1-34bd-4d11-8a4e-69a83613cbd3,dlocal:regulatoryaffairstalentpool,dLocal,lever,dlocal,930c26d1-34bd-4d11-8a4e-69a83613cbd3,Regulatory Affairs Talent Pool,Montevideo (Hybrid) / Sao Paulo / Madrid / Shenzhen / London / Singapore,https://jobs.lever.co/dlocal/930c26d1-34bd-4d11-8a4e-69a83613cbd3,2026-05-20T18:21:05.440000+00:00,2026-09-21T16:33:41-05:00,,no,titulo fuera de perfil,desarrollo,,,,nueva,
1753,lever:dlocal:f474cd97-9e36-4f8f-a227-ce85dac1ac1d,dlocal:regulatorylicensingofficerapac,dLocal,lever,dlocal,f474cd97-9e36-4f8f-a227-ce85dac1ac1d,Regulatory Licensing Officer - APAC,Singapore / Kuala Lumpur / Shenzhen / Shanghai,https://jobs.lever.co/dlocal/f474cd97-9e36-4f8f-a227-ce85dac1ac1d,2025-11-27T06:48:22.007000+00:00,2026-09-21T16:33:41-05:00,,no,titulo fuera de perfil,desarrollo,,,,nueva,
1754,lever:dlocal:70f14ea8-886d-4933-ac97-fd816ccda9b0,dlocal:salesoperationsseniordeliverysolutionsapac,dLocal,lever,dlocal,70f14ea8-886d-4933-ac97-fd816ccda9b0,Sales Operations (Senior Delivery Solutions APAC),Kuala Lumpur,https://jobs.lever.co/dlocal/70f14ea8-886d-4933-ac97-fd816ccda9b0,2022-10-12T13:37:16.393000+00:00,2026-09-21T16:33:41-05:00,,no,ubicacion fuera de Colombia/LATAM/remoto global,automatizacion,,,,nueva,
1755,lever:dlocal:3ae78847-3d32-4ebd-944b-ca6539357ad6,dlocal:senioraccountmanager,dLocal,lever,dlocal,3ae78847-3d32-4ebd-944b-ca6539357ad6,Senior Account Manager,Sao Paulo (Hybrid) / Buenos Aires / Montevideo (Hybrid),https://jobs.lever.co/dlocal/3ae78847-3d32-4ebd-944b-ca6539357ad6,2025-05-26T21:06:20.828000+00:00,2026-09-21T16:33:41-05:00,,no,titulo fuera de perfil,desarrollo,,,,nueva,
1756,lever:dlocal:717bb7f6-d65e-43b4-9539-aa3162e92e96,dlocal:senioraccountmanageremea,dLocal,lever,dlocal,717bb7f6-d65e-43b4-9539-aa3162e92e96,Senior Account Manager - EMEA,Madrid / Barcelona,https://jobs.lever.co/dlocal/717bb7f6-d65e-43b4-9539-aa3162e92e96,2025-10-07T16:23:53.186000+00:00,2026-09-21T16:33:41-05:00,,no,titulo fuera de perfil,desarrollo,,,,nueva,
1757,lever:dlocal:73e8cb21-aa5d-4160-8e0a-6344a48c1be8,dlocal:seniorinternalauditor,dLocal,lever,dlocal,73e8cb21-aa5d-4160-8e0a-6344a48c1be8,Senior Internal Auditor,Lagos,https://jobs.lever.co/dlocal/73e8cb21-aa5d-4160-8e0a-6344a48c1be8,2026-07-21T20:00:43.015000+00:00,2026-09-21T16:33:41-05:00,,no,titulo fuera de perfil,desarrollo,,,,nueva,
1758,lever:dlocal:c5ae9be1-3934-434a-a91b-2824cffbab7e,dlocal:seniorinternalauditor,dLocal,lever,dlocal,c5ae9be1-3934-434a-a91b-2824cffbab7e,Senior Internal Auditor,Buenos Aires,https://jobs.lever.co/dlocal/c5ae9be1-3934-434a-a91b-2824cffbab7e,2026-04-17T12:50:45.989000+00:00,2026-09-21T16:33:41-05:00,,no,titulo fuera de perfil,desarrollo,,,,nueva,
1759,lever:dlocal:e6c41d1a-c41b-4845-a40f-c75340874372,dlocal:staffaiengineerailabs,dLocal,lever,dlocal,e6c41d1a-c41b-4845-a40f-c75340874372,Staff AI Engineer - AI Labs,Madrid / Barcelona / London / Bucharest,https://jobs.lever.co/dlocal/e6c41d1a-c41b-4845-a40f-c75340874372,2026-09-10T09:05:31.717000+00:00,2026-09-21T16:33:41-05:00,,no,ubicacion fuera de Colombia/LATAM/remoto global,desarrollo,,,,nueva,
1760,lever:dlocal:f3e9b742-9530-4f0c-b70c-83bf24cc602a,dlocal:staffengineerjava,dLocal,lever,dlocal,f3e9b742-9530-4f0c-b70c-83bf24cc602a,Staff Engineer - Java,Barcelona / Madrid / Buenos Aires / Sao Paulo (Hybrid) / Montevideo (Hybrid),https://jobs.lever.co/dlocal/f3e9b742-9530-4f0c-b70c-83bf24cc602a,2026-08-18T16:23:22.201000+00:00,2026-09-21T16:33:41-05:00,,no,ubicacion fuera de Colombia/LATAM/remoto global,desarrollo,,,,nueva,
1761,lever:dlocal:55717892-d6af-49ea-b224-d3dfbb640f81,dlocal:staffengineerpaymentsperformance,dLocal,lever,dlocal,55717892-d6af-49ea-b224-d3dfbb640f81,Staff Engineer - Payments Performance,Barcelona / Madrid / Buenos Aires / Sao Paulo (Hybrid) / Montevideo (Hybrid),https://jobs.lever.co/dlocal/55717892-d6af-49ea-b224-d3dfbb640f81,2026-06-09T14:33:17.056000+00:00,2026-09-21T16:33:41-05:00,,no,ubicacion fuera de Colombia/LATAM/remoto global,desarrollo,,,,nueva,
1762,lever:dlocal:811ab4f3-8ab9-4c34-af68-8d6c01d3d8e2,dlocal:staffengineerpaymentsperformance,dLocal,lever,dlocal,811ab4f3-8ab9-4c34-af68-8d6c01d3d8e2,Staff Engineer - Payments Performance,Barcelona / Madrid / Buenos Aires / Sao Paulo (Hybrid) / Montevideo (Hybrid),https://jobs.lever.co/dlocal/811ab4f3-8ab9-4c34-af68-8d6c01d3d8e2,2026-08-18T16:19:27.530000+00:00,2026-09-21T16:33:41-05:00,,no,ubicacion fuera de Colombia/LATAM/remoto global,desarrollo,,,,nueva,
1763,lever:dlocal:af911393-1828-4516-9977-0cb2f596dae5,dlocal:strategicoperationsmanagerturkey,dLocal,lever,dlocal,af911393-1828-4516-9977-0cb2f596dae5,Strategic Operations Manager - Turkey,Istanbul,https://jobs.lever.co/dlocal/af911393-1828-4516-9977-0cb2f596dae5,2026-07-29T20:13:49.687000+00:00,2026-09-21T16:33:41-05:00,,no,titulo fuera de perfil,automatizacion,,,,nueva,
1764,lever:dlocal:88b73244-b15a-4058-bd59-c8fe6536b15d,dlocal:talentpoolcustomersuccessmanager,dLocal,lever,dlocal,88b73244-b15a-4058-bd59-c8fe6536b15d,Talent Pool - Customer Success Manager,Brazil / Colombia / Ciudad de México / Spain / Africa / Cape Town / Chile / China / Mumbai,https://jobs.lever.co/dlocal/88b73244-b15a-4058-bd59-c8fe6536b15d,2025-04-23T07:36:08.790000+00:00,2026-09-21T16:33:41-05:00,,no,titulo fuera de perfil,desarrollo,,,,nueva,
1765,lever:dlocal:f0c3faec-8aff-4a66-bfd8-5d96137e390c,dlocal:technicalaccountmanager,dLocal,lever,dlocal,f0c3faec-8aff-4a66-bfd8-5d96137e390c,Technical Account Manager,Buenos Aires / Montevideo / Sao Paulo (Hybrid),https://jobs.lever.co/dlocal/f0c3faec-8aff-4a66-bfd8-5d96137e390c,2026-06-22T19:03:46.863000+00:00,2026-09-21T16:33:41-05:00,,no,ubicacion fuera de Colombia/LATAM/remoto global,desarrollo,,,,nueva,
1766,lever:dlocal:aa530e52-bca9-47fc-bb81-2a2c9d51ac09,dlocal:technicalleadjava,dLocal,lever,dlocal,aa530e52-bca9-47fc-bb81-2a2c9d51ac09,Technical Lead - Java,Barcelona / Madrid / Buenos Aires / Sao Paulo (Hybrid) / Montevideo (Hybrid),https://jobs.lever.co/dlocal/aa530e52-bca9-47fc-bb81-2a2c9d51ac09,2026-08-19T15:43:19.322000+00:00,2026-09-21T16:33:41-05:00,,no,ubicacion fuera de Colombia/LATAM/remoto global,desarrollo,,,,nueva,
1767,lever:dlocal:fb65f846-848e-46cf-b6ce-e47c906b663f,dlocal:technologytalentpool,dLocal,lever,dlocal,fb65f846-848e-46cf-b6ce-e47c906b663f,Technology Talent Pool,Montevideo (Hybrid) / Buenos Aires / Sao Paulo (Hybrid) / Barcelona / Madrid,https://jobs.lever.co/dlocal/fb65f846-848e-46cf-b6ce-e47c906b663f,2026-05-20T17:59:56.376000+00:00,2026-09-21T16:33:41-05:00,,no,titulo fuera de perfil,desarrollo,,,,nueva,
1768,lever:dlocal:550a1dac-b645-456f-b6dd-aa6c20132934,dlocal:treasureremea,dLocal,lever,dlocal,550a1dac-b645-456f-b6dd-aa6c20132934,Treasurer - EMEA,Cape Town,https://jobs.lever.co/dlocal/550a1dac-b645-456f-b6dd-aa6c20132934,2026-07-23T14:47:05.738000+00:00,2026-09-21T16:33:41-05:00,,no,titulo fuera de perfil,desarrollo,,,,nueva,
1769,lever:ciandt:b38a79ab-3fa6-4982-bfc3-45a057b86225,ciandt:29753seniordatavisualizationengineer,CI&T,lever,ciandt,b38a79ab-3fa6-4982-bfc3-45a057b86225,[29753] - Senior Data Visualization Engineer,Brazil,https://jobs.lever.co/ciandt/b38a79ab-3fa6-4982-bfc3-45a057b86225,2026-06-23T14:29:33.062000+00:00,2026-09-21T16:33:41-05:00,,no,ubicacion fuera de Colombia/LATAM/remoto global,desarrollo,,,,nueva,
1770,lever:ciandt:b5a7671b-6612-4ed7-ae0a-132c920bc66d,ciandt:30118senioraiengineer,CI&T,lever,ciandt,b5a7671b-6612-4ed7-ae0a-132c920bc66d,[30118] - Senior AI Engineer,Brazil,https://jobs.lever.co/ciandt/b5a7671b-6612-4ed7-ae0a-132c920bc66d,2026-06-23T14:35:36.180000+00:00,2026-09-21T16:33:41-05:00,,no,ubicacion fuera de Colombia/LATAM/remoto global,desarrollo,,,,nueva,
1771,lever:ciandt:cc7b82b3-33e7-44a7-bf43-9bdfaf9d1669,ciandt:31010seniorclientdirectoremea,CI&T,lever,ciandt,cc7b82b3-33e7-44a7-bf43-9bdfaf9d1669,"[31010] - Senior Client Director, EMEA",London,https://jobs.lever.co/ciandt/cc7b82b3-33e7-44a7-bf43-9bdfaf9d1669,2026-08-11T11:42:57.791000+00:00,2026-09-21T16:33:41-05:00,,no,titulo fuera de perfil,desarrollo,,,,nueva,
1772,lever:ciandt:6512ebd1-c6a8-4017-ba09-269f505aca90,ciandt:31634seniordeveloperfullstackjavaangular,CI&T,lever,ciandt,6512ebd1-c6a8-4017-ba09-269f505aca90,[31634]   Senior Developer Full Stack Java/Angular,Brazil,https://jobs.lever.co/ciandt/6512ebd1-c6a8-4017-ba09-269f505aca90,2026-09-14T14:30:08.256000+00:00,2026-09-21T16:33:41-05:00,,no,ubicacion fuera de Colombia/LATAM/remoto global,desarrollo,,,,nueva,
1773,lever:ciandt:53b9b683-aec3-4f07-9006-d638e0035eb5,ciandt:31687seniorhrbusinesspartner,CI&T,lever,ciandt,53b9b683-aec3-4f07-9006-d638e0035eb5,[31687] - Senior HR Business Partner,London,https://jobs.lever.co/ciandt/53b9b683-aec3-4f07-9006-d638e0035eb5,2026-09-15T10:53:20.789000+00:00,2026-09-21T16:33:41-05:00,,no,titulo fuera de perfil,desarrollo,,,,nueva,
1774,lever:ciandt:96cef175-877d-4393-9b60-5380cc39d19f,ciandt:31773midleveldeveloperfullstackjavaangular,CI&T,lever,ciandt,96cef175-877d-4393-9b60-5380cc39d19f,[31773]   Midlevel Developer FullStack Java/Angular,Brazil,https://jobs.lever.co/ciandt/96cef175-877d-4393-9b60-5380cc39d19f,2026-09-17T22:16:23.834000+00:00,2026-09-21T16:33:41-05:00,,no,ubicacion fuera de Colombia/LATAM/remoto global,desarrollo,,,,nueva,
1775,lever:ciandt:51618054-a487-4ffe-a60f-78392ad250d0,ciandt:job30900masterdatadeveloperamazonneptunebrazil,CI&T,lever,ciandt,51618054-a487-4ffe-a60f-78392ad250d0,"[Job -  30900] Master Data Developer (Amazon Neptune), Brazil",Brazil,https://jobs.lever.co/ciandt/51618054-a487-4ffe-a60f-78392ad250d0,2026-08-17T18:18:05.306000+00:00,2026-09-21T16:33:41-05:00,,no,ubicacion fuera de Colombia/LATAM/remoto global,desarrollo,,,,nueva,
1776,lever:ciandt:b51b1a14-b9cd-4f45-b732-595936ed8a61,ciandt:job30900masterdatadeveloperamazonneptunecolombia,CI&T,lever,ciandt,b51b1a14-b9cd-4f45-b732-595936ed8a61,"[Job -  30900] Master Data Developer (Amazon Neptune), Colombia",Colombia,https://jobs.lever.co/ciandt/b51b1a14-b9cd-4f45-b732-595936ed8a61,2026-08-17T18:49:33.257000+00:00,2026-09-21T16:33:41-05:00,,si,ubicacion compatible,desarrollo,0,"stack 0.0 (bruto 0) | seniority 6 (sin_marca, desarrollo) | contexto 4",KNOCKOUT: stack 0.0 bajo el piso de 2.0,nueva,
1777,lever:ciandt:71dca057-c844-4030-b7e4-bc8c7344daba,ciandt:job31053seniordataarchitectgcpsalesforcedatacloudbrazil,CI&T,lever,ciandt,71dca057-c844-4030-b7e4-bc8c7344daba,"[Job -  31053] Senior Data Architect (GCP, Salesforce Data Cloud), Brazil",Brazil,https://jobs.lever.co/ciandt/71dca057-c844-4030-b7e4-bc8c7344daba,2026-08-17T12:44:45.455000+00:00,2026-09-21T16:33:41-05:00,,no,ubicacion fuera de Colombia/LATAM/remoto global,desarrollo,,,,nueva,
1778,lever:ciandt:ec75190c-6cdf-4aea-941a-10c0bde3e681,ciandt:job31251seniordataarchitectdatabricksbrazil,CI&T,lever,ciandt,ec75190c-6cdf-4aea-941a-10c0bde3e681,"[Job -  31251] Senior Data Architect (Databricks), Brazil",Brazil,https://jobs.lever.co/ciandt/ec75190c-6cdf-4aea-941a-10c0bde3e681,2026-08-28T12:56:29.423000+00:00,2026-09-21T16:33:41-05:00,,no,ubicacion fuera de Colombia/LATAM/remoto global,desarrollo,,,,nueva,
1779,lever:ciandt:33e70ff6-2a9b-4013-9167-d94517056b10,ciandt:job31575seniormasterdatadeveloperbrazil,CI&T,lever,ciandt,33e70ff6-2a9b-4013-9167-d94517056b10,"[Job -  31575] Senior /Master Data Developer, Brazil",Brazil,https://jobs.lever.co/ciandt/33e70ff6-2a9b-4013-9167-d94517056b10,2026-09-15T16:37:14.532000+00:00,2026-09-21T16:33:41-05:00,,no,ubicacion fuera de Colombia/LATAM/remoto global,desarrollo,,,,nueva,
1780,lever:ciandt:28566612-6b31-472b-ac31-be219a51966b,ciandt:job29586systemarchitectbrazil,CI&T,lever,ciandt,28566612-6b31-472b-ac31-be219a51966b,"[Job - 29586] System Architect, Brazil",Brazil,https://jobs.lever.co/ciandt/28566612-6b31-472b-ac31-be219a51966b,2026-06-01T22:10:55.994000+00:00,2026-09-21T16:33:41-05:00,,no,titulo fuera de perfil,desarrollo,,,,nueva,
1781,lever:ciandt:c8cba66f-15cd-4454-a3f9-235b8ff58a18,ciandt:job29586systemarchitectcolombia,CI&T,lever,ciandt,c8cba66f-15cd-4454-a3f9-235b8ff58a18,"[Job - 29586] System Architect, Colombia",Colombia,https://jobs.lever.co/ciandt/c8cba66f-15cd-4454-a3f9-235b8ff58a18,2026-06-01T22:09:50.641000+00:00,2026-09-21T16:33:41-05:00,,no,titulo fuera de perfil,desarrollo,,,,nueva,
1782,lever:ciandt:7eee98e3-c07b-4808-8d37-9b35b823693c,ciandt:job29835midlevelpythondevelopercolombia,CI&T,lever,ciandt,7eee98e3-c07b-4808-8d37-9b35b823693c,"[Job - 29835] Mid Level Python  Developer , Colombia",Colombia / Cidade do México,https://jobs.lever.co/ciandt/7eee98e3-c07b-4808-8d37-9b35b823693c,2026-07-24T17:43:32.019000+00:00,2026-09-21T16:33:41-05:00,,si,ubicacion compatible,desarrollo,0,"stack 1.6 (bruto 4) | seniority 10 (mid, desarrollo) | contexto 0",KNOCKOUT: stack 1.6 bajo el piso de 2.0,nueva,
1783,lever:ciandt:94c18211-9efc-4c3c-9a80-5016718ab2fc,ciandt:job30181netseniorvb6brazil,CI&T,lever,ciandt,94c18211-9efc-4c3c-9a80-5016718ab2fc,"[Job - 30181] .NET Senior VB6, Brazil",Brazil / Colombia,https://jobs.lever.co/ciandt/94c18211-9efc-4c3c-9a80-5016718ab2fc,2026-09-03T18:49:25.243000+00:00,2026-09-21T16:33:41-05:00,,no,titulo fuera de perfil,desarrollo,,,,nueva,
1784,lever:ciandt:406541f8-2bbd-4b17-9893-939bf2e5eb4c,ciandt:job30340seniordatadeveloperanalyticsengineerbrazil,CI&T,lever,ciandt,406541f8-2bbd-4b17-9893-939bf2e5eb4c,"[Job - 30340] Senior Data Developer (Analytics Engineer), Brazil",Brazil,https://jobs.lever.co/ciandt/406541f8-2bbd-4b17-9893-939bf2e5eb4c,2026-07-07T17:14:52.292000+00:00,2026-09-21T16:33:41-05:00,,no,ubicacion fuera de Colombia/LATAM/remoto global,desarrollo,,,,nueva,
1785,lever:ciandt:1b334619-f3c5-4b1f-a1a8-2a0aee627a91,ciandt:job30340seniordatadeveloperanalyticsengineercolombia,CI&T,lever,ciandt,1b334619-f3c5-4b1f-a1a8-2a0aee627a91,"[Job - 30340] Senior Data Developer (Analytics Engineer), Colombia",Colombia,https://jobs.lever.co/ciandt/1b334619-f3c5-4b1f-a1a8-2a0aee627a91,2026-07-07T17:58:26.893000+00:00,2026-09-21T16:33:41-05:00,,si,ubicacion compatible,desarrollo,3.5,"stack 2.0 (bruto 5) | seniority 3 (senior, desarrollo) | contexto 8",BRECHA: titulo 'senior' en rol de desarrollo || RIESGO: exigen ingles alto,nueva,
1786,lever:ciandt:abf0c5a6-aa36-45cc-8e0f-af1568cf797c,ciandt:job30377seniordatascientistbrazil,CI&T,lever,ciandt,abf0c5a6-aa36-45cc-8e0f-af1568cf797c,"[Job - 30377] Senior Data Scientist, Brazil",Brazil,https://jobs.lever.co/ciandt/abf0c5a6-aa36-45cc-8e0f-af1568cf797c,2026-07-23T13:50:46.430000+00:00,2026-09-21T16:33:41-05:00,,no,ubicacion fuera de Colombia/LATAM/remoto global,desarrollo,,,,nueva,
1787,lever:ciandt:1be00a24-fbb5-4e02-b531-425ed5f5b4dc,ciandt:job30532seniordevelopernetbrazil,CI&T,lever,ciandt,1be00a24-fbb5-4e02-b531-425ed5f5b4dc,"[Job - 30532] Senior Developer .NET, Brazil",Brazil,https://jobs.lever.co/ciandt/1be00a24-fbb5-4e02-b531-425ed5f5b4dc,2026-07-22T15:07:33.095000+00:00,2026-09-21T16:33:41-05:00,,no,ubicacion fuera de Colombia/LATAM/remoto global,desarrollo,,,,nueva,
1788,lever:ciandt:8ee01f82-ee9d-4249-8a80-ea598ce39689,ciandt:job30728salesforcesolutionarchitectclientfacingbrazil,CI&T,lever,ciandt,8ee01f82-ee9d-4249-8a80-ea598ce39689,"[Job - 30728] Salesforce Solution Architect (Client Facing), Brazil",Brazil,https://jobs.lever.co/ciandt/8ee01f82-ee9d-4249-8a80-ea598ce39689,2026-07-29T19:44:12.593000+00:00,2026-09-21T16:33:41-05:00,,no,titulo fuera de perfil,desarrollo,,,,nueva,
1789,lever:ciandt:3a6ed661-d789-4943-8e7e-ea6bbac85323,ciandt:job30760masterdatadeveloperbrazil,CI&T,lever,ciandt,3a6ed661-d789-4943-8e7e-ea6bbac85323,"[Job - 30760] Master Data Developer, Brazil",Brazil,https://jobs.lever.co/ciandt/3a6ed661-d789-4943-8e7e-ea6bbac85323,2026-07-31T17:13:12.982000+00:00,2026-09-21T16:33:41-05:00,,no,ubicacion fuera de Colombia/LATAM/remoto global,desarrollo,,,,nueva,
1790,lever:ciandt:b70649ba-6030-46c7-9c5b-90e5df9ed4df,ciandt:job30760masterdatadevelopercolombia,CI&T,lever,ciandt,b70649ba-6030-46c7-9c5b-90e5df9ed4df,"[Job - 30760] Master Data Developer, Colombia",Colombia,https://jobs.lever.co/ciandt/b70649ba-6030-46c7-9c5b-90e5df9ed4df,2026-07-31T17:14:24.325000+00:00,2026-09-21T16:33:41-05:00,,si,ubicacion compatible,desarrollo,4.3,"stack 3.4 (bruto 8.5) | seniority 6 (sin_marca, desarrollo) | contexto 4",,nueva,
1791,lever:ciandt:7fd2238d-aa55-4a8d-91e4-9ce046018114,ciandt:job30903seniordataanalystmartechbrazil,CI&T,lever,ciandt,7fd2238d-aa55-4a8d-91e4-9ce046018114,"[Job - 30903] Senior Data Analyst (Martech), Brazil",Brazil,https://jobs.lever.co/ciandt/7fd2238d-aa55-4a8d-91e4-9ce046018114,2026-08-26T18:23:51.964000+00:00,2026-09-21T16:33:41-05:00,,no,ubicacion fuera de Colombia/LATAM/remoto global,desarrollo,,,,nueva,
1792,lever:ciandt:6ac06909-1259-48d2-b6d9-ae4bf33dd8ac,ciandt:job30921softwarearchitectnetreactbrazil,CI&T,lever,ciandt,6ac06909-1259-48d2-b6d9-ae4bf33dd8ac,[Job - 30921] Software Architect (.Net+React) Brazil,Brazil,https://jobs.lever.co/ciandt/6ac06909-1259-48d2-b6d9-ae4bf33dd8ac,2026-08-11T19:20:03.643000+00:00,2026-09-21T16:33:41-05:00,,no,ubicacion fuera de Colombia/LATAM/remoto global,desarrollo,,,,nueva,
1793,lever:ciandt:0cab2201-1ca0-465a-8609-c42b97325f8d,ciandt:job30948dataaistrategistbrazil,CI&T,lever,ciandt,0cab2201-1ca0-465a-8609-c42b97325f8d,"[Job - 30948] Data & AI Strategist, Brazil",Brazil,https://jobs.lever.co/ciandt/0cab2201-1ca0-465a-8609-c42b97325f8d,2026-09-01T14:07:19.040000+00:00,2026-09-21T16:33:41-05:00,,no,ubicacion fuera de Colombia/LATAM/remoto global,desarrollo,,,,nueva,
1794,lever:ciandt:5aaa14ba-a327-478c-b7ec-fe6dddfd8922,ciandt:job30948dataaistrategistcolombia,CI&T,lever,ciandt,5aaa14ba-a327-478c-b7ec-fe6dddfd8922,"[Job - 30948] Data & AI Strategist, Colombia",Colombia,https://jobs.lever.co/ciandt/5aaa14ba-a327-478c-b7ec-fe6dddfd8922,2026-09-01T14:12:53.757000+00:00,2026-09-21T16:33:41-05:00,,si,ubicacion compatible,desarrollo,0,"stack 0.0 (bruto 0) | seniority 6 (sin_marca, desarrollo) | contexto 4",KNOCKOUT: stack 0.0 bajo el piso de 2.0 || RIESGO: exigen ingles alto,nueva,
1795,lever:ciandt:911d352e-d8e9-45cf-97c0-8eb1b5b949f8,ciandt:job31025seniorphpdeveloperbrazil,CI&T,lever,ciandt,911d352e-d8e9-45cf-97c0-8eb1b5b949f8,"[Job - 31025] Senior PHP Developer, Brazil",Brazil,https://jobs.lever.co/ciandt/911d352e-d8e9-45cf-97c0-8eb1b5b949f8,2026-09-03T19:01:00.991000+00:00,2026-09-21T16:33:41-05:00,,no,ubicacion fuera de Colombia/LATAM/remoto global,desarrollo,,,,nueva,
1796,lever:ciandt:1bb547b2-6e86-4fce-9ccd-534e7c154cee,ciandt:job31026seniorphpdevelopersecurityremediationbrazil,CI&T,lever,ciandt,1bb547b2-6e86-4fce-9ccd-534e7c154cee,"[Job - 31026] Senior PHP Developer (Security Remediation), Brazil",Brazil,https://jobs.lever.co/ciandt/1bb547b2-6e86-4fce-9ccd-534e7c154cee,2026-08-14T18:17:08.353000+00:00,2026-09-21T16:33:41-05:00,,no,ubicacion fuera de Colombia/LATAM/remoto global,desarrollo,,,,nueva,
1797,lever:ciandt:31bcf07b-38e7-4828-b698-c15346e2062f,ciandt:job31028qawithsecurityfixvalidationexpertisebrazil,CI&T,lever,ciandt,31bcf07b-38e7-4828-b698-c15346e2062f,"[Job - 31028] QA with Security Fix Validation Expertise, Brazil",Brazil,https://jobs.lever.co/ciandt/31bcf07b-38e7-4828-b698-c15346e2062f,2026-08-14T18:21:58.921000+00:00,2026-09-21T16:33:41-05:00,,no,titulo fuera de perfil,desarrollo,,,,nueva,
1798,lever:ciandt:775c0828-97bf-4bf7-adb5-c01dddafc6dd,ciandt:job31060scrummastersquadleadbrazil,CI&T,lever,ciandt,775c0828-97bf-4bf7-adb5-c01dddafc6dd,"[Job - 31060] Scrum Master / Squad Lead, Brazil",Brazil,https://jobs.lever.co/ciandt/775c0828-97bf-4bf7-adb5-c01dddafc6dd,2026-08-13T19:21:02.893000+00:00,2026-09-21T16:33:41-05:00,2026-09-22,no,titulo fuera de perfil,desarrollo,,,,nueva,
1799,lever:ciandt:339d5fd8-ba9b-4005-b0af-9283a855b652,ciandt:job31103softwarearchitectnetbrazil,CI&T,lever,ciandt,339d5fd8-ba9b-4005-b0af-9283a855b652,"[Job - 31103]Software Architect – .NET, Brazil",Brazil,https://jobs.lever.co/ciandt/339d5fd8-ba9b-4005-b0af-9283a855b652,2026-08-24T16:22:21.023000+00:00,2026-09-21T16:33:41-05:00,,no,ubicacion fuera de Colombia/LATAM/remoto global,desarrollo,,,,nueva,
1800,lever:ciandt:527557dd-0d93-4293-b64c-628a86b5ec8d,ciandt:job31210seniordataarchitectazurebrazil,CI&T,lever,ciandt,527557dd-0d93-4293-b64c-628a86b5ec8d,"[Job - 31210] Senior Data Architect (Azure), Brazil",Brazil,https://jobs.lever.co/ciandt/527557dd-0d93-4293-b64c-628a86b5ec8d,2026-09-01T12:21:05.418000+00:00,2026-09-21T16:33:41-05:00,,no,ubicacion fuera de Colombia/LATAM/remoto global,desarrollo,,,,nueva,
1801,lever:ciandt:134a3516-7029-42fb-b52b-0d7937379f17,ciandt:job31210seniordataarchitectazurecolombia,CI&T,lever,ciandt,134a3516-7029-42fb-b52b-0d7937379f17,"[Job - 31210] Senior Data Architect (Azure), Colombia",Colombia,https://jobs.lever.co/ciandt/134a3516-7029-42fb-b52b-0d7937379f17,2026-09-01T12:22:41.879000+00:00,2026-09-21T16:33:41-05:00,,si,ubicacion compatible,desarrollo,0,"stack 0.0 (bruto 0) | seniority 0 (lead, desarrollo) | contexto 4",KNOCKOUT: stack 0.0 bajo el piso de 2.0 || KNOCKOUT: seniority 'lead' fuera de alcance en rol de desarrollo || RIESGO: exigen ingles alto,nueva,
1802,lever:ciandt:bc8da112-2924-430f-ac6e-514cc9775e12,ciandt:job31247awsdataspecialistbrazil,CI&T,lever,ciandt,bc8da112-2924-430f-ac6e-514cc9775e12,"[Job - 31247] AWS Data Specialist, Brazil",Brazil,https://jobs.lever.co/ciandt/bc8da112-2924-430f-ac6e-514cc9775e12,2026-08-27T12:56:51.130000+00:00,2026-09-21T16:33:41-05:00,,no,ubicacion fuera de Colombia/LATAM/remoto global,desarrollo,,,,nueva,
1803,lever:ciandt:39be8f9e-c2c0-44df-a20d-946550918c37,ciandt:job31250seniordevelopernetreact,CI&T,lever,ciandt,39be8f9e-c2c0-44df-a20d-946550918c37,[Job - 31250] Senior Developer (.NET/React),Brazil,https://jobs.lever.co/ciandt/39be8f9e-c2c0-44df-a20d-946550918c37,2026-08-25T19:23:20.136000+00:00,2026-09-21T16:33:41-05:00,,no,ubicacion fuera de Colombia/LATAM/remoto global,desarrollo,,,,nueva,
1804,lever:ciandt:9c6c1811-02f1-46ae-a9c3-e04406f17313,ciandt:job31268uiuxdesignresearch,CI&T,lever,ciandt,9c6c1811-02f1-46ae-a9c3-e04406f17313,[Job - 31268] - UI/UX Design & Research,Brazil,https://jobs.lever.co/ciandt/9c6c1811-02f1-46ae-a9c3-e04406f17313,2026-08-26T19:50:32.550000+00:00,2026-09-21T16:33:41-05:00,2026-09-22,no,titulo fuera de perfil,desarrollo,,,,nueva,
1805,lever:ciandt:4fc4c8e3-229d-459f-97e0-fa38f256a08e,ciandt:job31274seniordatadeveloperanalyticsengineerbrazil,CI&T,lever,ciandt,4fc4c8e3-229d-459f-97e0-fa38f256a08e,"[Job - 31274] Senior Data Developer (Analytics Engineer), Brazil",Brazil,https://jobs.lever.co/ciandt/4fc4c8e3-229d-459f-97e0-fa38f256a08e,2026-08-26T18:29:37.731000+00:00,2026-09-21T16:33:41-05:00,,no,ubicacion fuera de Colombia/LATAM/remoto global,desarrollo,,,,nueva,
1806,lever:ciandt:a5e35a8a-daa2-4edb-8a6e-830ad92e00e0,ciandt:job31296masterbackenddevelopertechleadjavagoawsbrazil,CI&T,lever,ciandt,a5e35a8a-daa2-4edb-8a6e-830ad92e00e0,"[Job - 31296] Master Backend Developer / Tech Lead — Java, Go & AWS, Brazil",Brazil,https://jobs.lever.co/ciandt/a5e35a8a-daa2-4edb-8a6e-830ad92e00e0,2026-08-25T18:39:13.353000+00:00,2026-09-21T16:33:41-05:00,,no,ubicacion fuera de Colombia/LATAM/remoto global,desarrollo,,,,nueva,
1807,lever:ciandt:c78866f3-6345-4eab-a1a2-7636df5a3d36,ciandt:job31308specialistawsdatadeveloperbrasil,CI&T,lever,ciandt,c78866f3-6345-4eab-a1a2-7636df5a3d36,"[Job - 31308] Specialist AWS Data Developer, Brasil",Brazil,https://jobs.lever.co/ciandt/c78866f3-6345-4eab-a1a2-7636df5a3d36,2026-08-26T21:40:40.464000+00:00,2026-09-21T16:33:41-05:00,,no,ubicacion fuera de Colombia/LATAM/remoto global,desarrollo,,,,nueva,
1808,lever:ciandt:6d9f31cf-2493-4774-bb9c-1b9241a33f63,ciandt:job31339analistaderemuneracaosenior,CI&T,lever,ciandt,6d9f31cf-2493-4774-bb9c-1b9241a33f63,[Job - 31339] Analista de Remuneração Sênior,"Brazil / Campinas, SP / São Paulo, SP",https://jobs.lever.co/ciandt/6d9f31cf-2493-4774-bb9c-1b9241a33f63,2026-08-31T20:53:15.595000+00:00,2026-09-21T16:33:41-05:00,,no,titulo fuera de perfil,desarrollo,,,,nueva,
1809,lever:ciandt:17e75617-0361-4b14-a921-9248b1107b4b,ciandt:job31375seniortechleadnetbrazil,CI&T,lever,ciandt,17e75617-0361-4b14-a921-9248b1107b4b,"[Job - 31375] Senior Tech Lead .Net, Brazil",Brazil,https://jobs.lever.co/ciandt/17e75617-0361-4b14-a921-9248b1107b4b,2026-09-08T14:29:10.701000+00:00,2026-09-21T16:33:41-05:00,2026-09-22,no,titulo fuera de perfil,desarrollo,,,,nueva,
1810,lever:ciandt:d4c76543-07cd-4d8f-8bfd-404fca03e984,ciandt:job31375seniortechleadnetcolombia,CI&T,lever,ciandt,d4c76543-07cd-4d8f-8bfd-404fca03e984,"[Job - 31375] Senior Tech Lead .Net, Colombia",Colombia,https://jobs.lever.co/ciandt/d4c76543-07cd-4d8f-8bfd-404fca03e984,2026-09-09T21:36:50.777000+00:00,2026-09-21T16:33:41-05:00,2026-09-22,no,titulo fuera de perfil,desarrollo,,,,nueva,
1811,lever:ciandt:4799e0b9-54ae-4f4c-898a-10d791787f10,ciandt:job31402techleadnetseniorbrazil,CI&T,lever,ciandt,4799e0b9-54ae-4f4c-898a-10d791787f10,"[Job - 31402] Tech Lead (.Net) Senior, Brazil",Brazil,https://jobs.lever.co/ciandt/4799e0b9-54ae-4f4c-898a-10d791787f10,2026-09-04T16:31:14.388000+00:00,2026-09-21T16:33:41-05:00,,no,titulo fuera de perfil,desarrollo,,,,nueva,
1812,lever:ciandt:7e9e4886-089e-4980-a86a-bdf988466e3e,ciandt:job31408seniorqaautomation,CI&T,lever,ciandt,7e9e4886-089e-4980-a86a-bdf988466e3e,[Job - 31408] Senior QA Automation,Brazil,https://jobs.lever.co/ciandt/7e9e4886-089e-4980-a86a-bdf988466e3e,2026-09-04T11:48:45.906000+00:00,2026-09-21T16:33:41-05:00,,no,ubicacion fuera de Colombia/LATAM/remoto global,automatizacion,,,,nueva,
1813,lever:ciandt:bf5f1327-40f5-43b7-af4f-61477c882953,ciandt:job31420marketingperformanceoperationsmanager,CI&T,lever,ciandt,bf5f1327-40f5-43b7-af4f-61477c882953,[Job - 31420] Marketing Performance & Operations Manager,"Campinas, SP / São Paulo, SP",https://jobs.lever.co/ciandt/bf5f1327-40f5-43b7-af4f-61477c882953,2026-09-01T18:00:14.879000+00:00,2026-09-21T16:33:41-05:00,,no,titulo fuera de perfil,automatizacion,,,,nueva,
1814,lever:ciandt:e37ecafd-65b1-46d5-abee-e8e75a1a59ad,ciandt:job31429dataengineerlead,CI&T,lever,ciandt,e37ecafd-65b1-46d5-abee-e8e75a1a59ad,[Job - 31429] Data Engineer Lead,Brazil / Colombia,https://jobs.lever.co/ciandt/e37ecafd-65b1-46d5-abee-e8e75a1a59ad,2026-09-09T19:49:49.086000+00:00,2026-09-21T16:33:41-05:00,,si,ubicacion compatible,desarrollo,0,"stack 1.6 (bruto 4) | seniority 0 (lead, desarrollo) | contexto 8",KNOCKOUT: stack 1.6 bajo el piso de 2.0 || KNOCKOUT: seniority 'lead' fuera de alcance en rol de desarrollo,nueva,
1815,lever:ciandt:3818f708-127e-48fd-80cf-c0dfe035c6f4,ciandt:job31476seniordevelopergolangbr,CI&T,lever,ciandt,3818f708-127e-48fd-80cf-c0dfe035c6f4,"[Job - 31476] Senior Developer Golang, BR",Brazil,https://jobs.lever.co/ciandt/3818f708-127e-48fd-80cf-c0dfe035c6f4,2026-09-08T15:01:52.230000+00:00,2026-09-21T16:33:41-05:00,,no,ubicacion fuera de Colombia/LATAM/remoto global,desarrollo,,,,nueva,
1816,lever:ciandt:bf1dc580-3321-470c-bec5-87bfeb6f450b,ciandt:job31491specialistcloudapplicationgolangbrasil,CI&T,lever,ciandt,bf1dc580-3321-470c-bec5-87bfeb6f450b,"[Job - 31491] Specialist, Cloud Application - GoLang, Brasil",Brazil,https://jobs.lever.co/ciandt/bf1dc580-3321-470c-bec5-87bfeb6f450b,2026-09-08T18:35:22.787000+00:00,2026-09-21T16:33:41-05:00,,no,titulo fuera de perfil,desarrollo,,,,nueva,
1817,lever:ciandt:995eab75-237b-42b9-8f48-ba6c44afcd2e,ciandt:job31531srmastersalesforcearchitectbrazil,CI&T,lever,ciandt,995eab75-237b-42b9-8f48-ba6c44afcd2e,"[Job - 31531] SR/Master Salesforce Architect, Brazil",Brazil,https://jobs.lever.co/ciandt/995eab75-237b-42b9-8f48-ba6c44afcd2e,2026-09-15T18:38:23.675000+00:00,2026-09-21T16:33:41-05:00,,no,titulo fuera de perfil,desarrollo,,,,nueva,
1818,lever:ciandt:9e19d41f-ea03-4834-80b9-57dccbf88615,ciandt:job31568squadleadsaopauloorcampinasonly,CI&T,lever,ciandt,9e19d41f-ea03-4834-80b9-57dccbf88615,"[Job - 31568] Squad Lead, São Paulo or Campinas only.",Brazil,https://jobs.lever.co/ciandt/9e19d41f-ea03-4834-80b9-57dccbf88615,2026-09-10T16:10:11.805000+00:00,2026-09-21T16:33:41-05:00,,no,titulo fuera de perfil,desarrollo,,,,nueva,
1819,lever:ciandt:c2b84e4b-9a00-4ae1-9431-4851d47a1c1c,ciandt:job31570awspythoncloudapplicationarchitecturebrasil,CI&T,lever,ciandt,c2b84e4b-9a00-4ae1-9431-4851d47a1c1c,"[Job - 31570] AWS Python Cloud Application Architecture, Brasil",Brazil,https://jobs.lever.co/ciandt/c2b84e4b-9a00-4ae1-9431-4851d47a1c1c,2026-09-09T18:55:25.511000+00:00,2026-09-21T16:33:41-05:00,,no,ubicacion fuera de Colombia/LATAM/remoto global,desarrollo,,,,nueva,
1820,lever:ciandt:afc1a68e-26f4-4ec5-a509-e51df0eabb9c,ciandt:job31608systemsarchitectbrazil,CI&T,lever,ciandt,afc1a68e-26f4-4ec5-a509-e51df0eabb9c,"[Job - 31608] Systems Architect, Brazil",Brazil,https://jobs.lever.co/ciandt/afc1a68e-26f4-4ec5-a509-e51df0eabb9c,2026-09-15T13:39:45.615000+00:00,2026-09-21T16:33:41-05:00,,no,titulo fuera de perfil,desarrollo,,,,nueva,
1821,lever:ciandt:eb5ddeb6-7c22-4b35-b233-65d119a20c71,ciandt:job31610masternetspecialistbrazil,CI&T,lever,ciandt,eb5ddeb6-7c22-4b35-b233-65d119a20c71,"[Job - 31610] Master .NET Specialist, Brazil",Brazil,https://jobs.lever.co/ciandt/eb5ddeb6-7c22-4b35-b233-65d119a20c71,2026-09-10T15:06:51.607000+00:00,2026-09-21T16:33:41-05:00,,no,titulo fuera de perfil,desarrollo,,,,nueva,
1822,lever:ciandt:a5f43c9c-a9ba-4020-af0f-1d2edd4a17f6,ciandt:job31620seniordrupaldeveloperbrazil,CI&T,lever,ciandt,a5f43c9c-a9ba-4020-af0f-1d2edd4a17f6,"[Job - 31620] Senior Drupal Developer, Brazil",Brazil,https://jobs.lever.co/ciandt/a5f43c9c-a9ba-4020-af0f-1d2edd4a17f6,2026-09-14T14:30:00.956000+00:00,2026-09-21T16:33:41-05:00,,no,ubicacion fuera de Colombia/LATAM/remoto global,desarrollo,,,,nueva,
1823,lever:ciandt:4317adb9-f765-4938-a767-2af6676baafc,ciandt:job31620seniordrupaldevelopercolombia,CI&T,lever,ciandt,4317adb9-f765-4938-a767-2af6676baafc,"[Job - 31620] Senior Drupal Developer, Colombia",Colombia,https://jobs.lever.co/ciandt/4317adb9-f765-4938-a767-2af6676baafc,2026-09-14T14:32:00.425000+00:00,2026-09-21T16:33:41-05:00,,si,ubicacion compatible,desarrollo,0,"stack 1.6 (bruto 4) | seniority 3 (senior, desarrollo) | contexto 4",KNOCKOUT: stack 1.6 bajo el piso de 2.0 || BRECHA: titulo 'senior' en rol de desarrollo || RIESGO: exigen ingles alto,nueva,
1824,lever:ciandt:cf563ea0-aa99-4d59-9ea4-6aba9cd1cbdb,ciandt:job31633softwarearchitectbrazil,CI&T,lever,ciandt,cf563ea0-aa99-4d59-9ea4-6aba9cd1cbdb,"[Job - 31633] - Software Architect, Brazil",Brazil,https://jobs.lever.co/ciandt/cf563ea0-aa99-4d59-9ea4-6aba9cd1cbdb,2026-09-21T18:44:20.750000+00:00,2026-09-21T16:33:41-05:00,,no,ubicacion fuera de Colombia/LATAM/remoto global,desarrollo,,,,nueva,
1825,lever:ciandt:90c012fd-1e66-4027-b36d-5421db0a8307,ciandt:job31638midlevelfullstackdevelopernetreact,CI&T,lever,ciandt,90c012fd-1e66-4027-b36d-5421db0a8307,[Job - 31638] Mid Level  FullStack Developer (.NET/React),Brazil,https://jobs.lever.co/ciandt/90c012fd-1e66-4027-b36d-5421db0a8307,2026-09-17T20:03:25.637000+00:00,2026-09-21T16:33:41-05:00,,no,ubicacion fuera de Colombia/LATAM/remoto global,desarrollo,,,,nueva,
1826,lever:ciandt:436095a3-1796-4d5e-98f7-9aa39033736a,ciandt:job31644senioragilelead,CI&T,lever,ciandt,436095a3-1796-4d5e-98f7-9aa39033736a,[Job - 31644] Senior Agile Lead,Brazil,https://jobs.lever.co/ciandt/436095a3-1796-4d5e-98f7-9aa39033736a,2026-09-14T19:58:08.625000+00:00,2026-09-21T16:33:41-05:00,,no,titulo fuera de perfil,desarrollo,,,,nueva,
1827,lever:ciandt:6e4b5475-36cb-4767-bc42-50c40ad8c451,ciandt:job31716cloudarchitect,CI&T,lever,ciandt,6e4b5475-36cb-4767-bc42-50c40ad8c451,[Job - 31716] Cloud Architect,Brazil,https://jobs.lever.co/ciandt/6e4b5475-36cb-4767-bc42-50c40ad8c451,2026-09-17T13:59:08.542000+00:00,2026-09-21T16:33:41-05:00,,no,titulo fuera de perfil,desarrollo,,,,nueva,
1828,lever:ciandt:1965d2b9-efd1-4585-907d-4b2e89b8ed6a,ciandt:job31720datadeveloperpythonficodmpseficodmoublazeadvisorbrasil,CI&T,lever,ciandt,1965d2b9-efd1-4585-907d-4b2e89b8ed6a,"[Job - 31720] Data developer (Python, FICO DMPS e FICO DM (ou Blaze Advisor), Brasil",Brazil,https://jobs.lever.co/ciandt/1965d2b9-efd1-4585-907d-4b2e89b8ed6a,2026-09-18T20:39:51.157000+00:00,2026-09-21T16:33:41-05:00,,no,ubicacion fuera de Colombia/LATAM/remoto global,desarrollo,,,,nueva,
1829,lever:ciandt:9e899fb9-28f5-4ca1-a816-9abb83887acd,ciandt:job31856middatadeveloperazuredatabricksbrasil,CI&T,lever,ciandt,9e899fb9-28f5-4ca1-a816-9abb83887acd,"[Job - 31856]  Mid Data Developer ( Azure + Databricks ), Brasil",Brazil,https://jobs.lever.co/ciandt/9e899fb9-28f5-4ca1-a816-9abb83887acd,2026-09-18T20:32:22.222000+00:00,2026-09-21T16:33:41-05:00,,no,ubicacion fuera de Colombia/LATAM/remoto global,desarrollo,,,,nueva,
1830,lever:ciandt:912267dd-e680-4e6d-9427-d3a8574bfc5b,ciandt:job31625seniorfullstackdeveloperjavaangularbrazil,CI&T,lever,ciandt,912267dd-e680-4e6d-9427-d3a8574bfc5b,[Job -31625] Sênior | Fullstack Developer ( Java + Angular )  | Brazil,Brazil,https://jobs.lever.co/ciandt/912267dd-e680-4e6d-9427-d3a8574bfc5b,2026-09-11T15:24:23.077000+00:00,2026-09-21T16:33:41-05:00,,no,ubicacion fuera de Colombia/LATAM/remoto global,desarrollo,,,,nueva,
1831,lever:ciandt:a0e43c7f-a944-4f8d-9e7c-a4533f5cb7d4,ciandt:job30647productdesignerplsr,CI&T,lever,ciandt,a0e43c7f-a944-4f8d-9e7c-a4533f5cb7d4,[Job 30647] Product Designer Pl/Sr,Brazil,https://jobs.lever.co/ciandt/a0e43c7f-a944-4f8d-9e7c-a4533f5cb7d4,2026-09-15T20:01:59.779000+00:00,2026-09-21T16:33:41-05:00,2026-09-22,no,titulo fuera de perfil,desarrollo,,,,nueva,
1832,lever:ciandt:3ffc3979-b24b-4770-adb6-187f087d2416,ciandt:job30876learningengagementspecialist,CI&T,lever,ciandt,3ffc3979-b24b-4770-adb6-187f087d2416,[Job 30876] Learning & Engagement Specialist,"São Paulo, SP / Campinas, SP",https://jobs.lever.co/ciandt/3ffc3979-b24b-4770-adb6-187f087d2416,2026-09-11T12:43:29.394000+00:00,2026-09-21T16:33:41-05:00,,no,titulo fuera de perfil,desarrollo,,,,nueva,
1833,lever:ciandt:346dd00e-4786-4c63-a7cb-1cae2c62aa6d,ciandt:job31273dataanalyticsseniormartechouadtech,CI&T,lever,ciandt,346dd00e-4786-4c63-a7cb-1cae2c62aa6d,[Job 31273 Data Analytics Senior (Martech ou Adtech),Brazil,https://jobs.lever.co/ciandt/346dd00e-4786-4c63-a7cb-1cae2c62aa6d,2026-09-01T13:56:15.988000+00:00,2026-09-21T16:33:41-05:00,,no,ubicacion fuera de Colombia/LATAM/remoto global,desarrollo,,,,nueva,
1834,lever:ciandt:f251d1c4-2b3d-4aca-b86a-0e704d7e2ee7,ciandt:job31300seniordatadeveloperbrazil,CI&T,lever,ciandt,f251d1c4-2b3d-4aca-b86a-0e704d7e2ee7,"[Job 31300] Senior Data Developer, Brazil",Brazil,https://jobs.lever.co/ciandt/f251d1c4-2b3d-4aca-b86a-0e704d7e2ee7,2026-08-27T13:08:08.193000+00:00,2026-09-21T16:33:41-05:00,,no,ubicacion fuera de Colombia/LATAM/remoto global,desarrollo,,,,nueva,
1835,lever:ciandt:41b478c7-0579-4750-b824-78d3469adef5,ciandt:job31300seniordatadevelopercolombia,CI&T,lever,ciandt,41b478c7-0579-4750-b824-78d3469adef5,"[Job 31300] Senior Data Developer, Colombia",Colombia,https://jobs.lever.co/ciandt/41b478c7-0579-4750-b824-78d3469adef5,2026-08-27T18:38:24.990000+00:00,2026-09-21T16:33:41-05:00,,si,ubicacion compatible,desarrollo,4.5,"stack 3.2 (bruto 8) | seniority 3 (senior, desarrollo) | contexto 10",BRECHA: titulo 'senior' en rol de desarrollo,nueva,
1836,lever:ciandt:3af194c8-a043-4908-93c0-9a540ac2e82e,ciandt:job31331midlevelfullstackjavaangulardeveloperbrazil,CI&T,lever,ciandt,3af194c8-a043-4908-93c0-9a540ac2e82e,"[Job 31331] Mid Level Fullstack (Java + Angular)  Developer, Brazil",Brazil,https://jobs.lever.co/ciandt/3af194c8-a043-4908-93c0-9a540ac2e82e,2026-08-21T13:46:10.442000+00:00,2026-09-21T16:33:41-05:00,2026-09-23,no,ubicacion fuera de Colombia/LATAM/remoto global,desarrollo,,,,nueva,
1837,lever:ciandt:662600ba-acbf-462b-a916-b68bfc34d28b,ciandt:job31517datascientist,CI&T,lever,ciandt,662600ba-acbf-462b-a916-b68bfc34d28b,[Job 31517] Data Scientist,Brazil,https://jobs.lever.co/ciandt/662600ba-acbf-462b-a916-b68bfc34d28b,2026-09-04T16:56:30.615000+00:00,2026-09-21T16:33:41-05:00,,no,ubicacion fuera de Colombia/LATAM/remoto global,desarrollo,,,,nueva,
1838,lever:ciandt:2b3e53a4-53db-4348-b7e1-ba1cf33ab2de,ciandt:job31517datascientistsr,CI&T,lever,ciandt,2b3e53a4-53db-4348-b7e1-ba1cf33ab2de,[Job 31517] Data Scientist SR,Brazil,https://jobs.lever.co/ciandt/2b3e53a4-53db-4348-b7e1-ba1cf33ab2de,2026-09-16T19:58:04.187000+00:00,2026-09-21T16:33:41-05:00,,no,ubicacion fuera de Colombia/LATAM/remoto global,desarrollo,,,,nueva,
1839,lever:ciandt:330d771b-fac7-4ab7-8270-8eadcc43d30b,ciandt:job31558seniorbackendgodeveloperbrazil,CI&T,lever,ciandt,330d771b-fac7-4ab7-8270-8eadcc43d30b,"[Job 31558] Senior Back End (Go) Developer, Brazil",Brazil,https://jobs.lever.co/ciandt/330d771b-fac7-4ab7-8270-8eadcc43d30b,2026-09-09T12:14:32.653000+00:00,2026-09-21T16:33:41-05:00,,no,ubicacion fuera de Colombia/LATAM/remoto global,desarrollo,,,,nueva,
1840,lever:ciandt:8b072ca5-df06-40a8-ae69-793cd47dd9d3,ciandt:job31627aiengineersoftwarearchitectjavaangularbrazil,CI&T,lever,ciandt,8b072ca5-df06-40a8-ae69-793cd47dd9d3,"[Job 31627] AI Engineer/Software Architect (Java + Angular), Brazil",Brazil,https://jobs.lever.co/ciandt/8b072ca5-df06-40a8-ae69-793cd47dd9d3,2026-09-14T18:07:15.883000+00:00,2026-09-21T16:33:41-05:00,,no,ubicacion fuera de Colombia/LATAM/remoto global,desarrollo,,,,nueva,
1841,lever:ciandt:caf8b7a3-0655-46d9-9059-444db13f58e1,ciandt:job31629midlevelfullstackjavaangulardeveloperbrazil,CI&T,lever,ciandt,caf8b7a3-0655-46d9-9059-444db13f58e1,"[Job 31629] Mid Level Fullstack (Java / Angular) Developer, Brazil",Brazil,https://jobs.lever.co/ciandt/caf8b7a3-0655-46d9-9059-444db13f58e1,2026-09-14T18:12:27.618000+00:00,2026-09-21T16:33:41-05:00,,no,ubicacion fuera de Colombia/LATAM/remoto global,desarrollo,,,,nueva,
1842,lever:ciandt:76ee9ba5-8970-4ae2-adc6-d5d3663d26c9,ciandt:job31654midlevelbackendjavadeveloperbrazil,CI&T,lever,ciandt,76ee9ba5-8970-4ae2-adc6-d5d3663d26c9,"[Job 31654] Mid Level Back End (Java) Developer, Brazil",Brazil,https://jobs.lever.co/ciandt/76ee9ba5-8970-4ae2-adc6-d5d3663d26c9,2026-09-17T16:29:27.560000+00:00,2026-09-21T16:33:41-05:00,2026-09-23,no,ubicacion fuera de Colombia/LATAM/remoto global,desarrollo,,,,nueva,
1843,lever:ciandt:7e210389-8336-4abb-88cd-2e3ebc3bb401,ciandt:job31700systemarchitect,CI&T,lever,ciandt,7e210389-8336-4abb-88cd-2e3ebc3bb401,[Job 31700] System Architect,Brazil,https://jobs.lever.co/ciandt/7e210389-8336-4abb-88cd-2e3ebc3bb401,2026-09-21T12:44:56.231000+00:00,2026-09-21T16:33:41-05:00,,no,titulo fuera de perfil,desarrollo,,,,nueva,
1844,lever:ciandt:26598b53-3ea0-4ac1-bf07-b1132ae59b1f,ciandt:job31746softwarearchitect,CI&T,lever,ciandt,26598b53-3ea0-4ac1-bf07-b1132ae59b1f,[Job 31746] Software Architect,Brazil,https://jobs.lever.co/ciandt/26598b53-3ea0-4ac1-bf07-b1132ae59b1f,2026-09-21T12:50:52.700000+00:00,2026-09-21T16:33:41-05:00,,no,ubicacion fuera de Colombia/LATAM/remoto global,desarrollo,,,,nueva,
1845,lever:ciandt:1b6875ae-0c8c-404d-88bf-35fd73095be9,ciandt:job31798aiorchestrator,CI&T,lever,ciandt,1b6875ae-0c8c-404d-88bf-35fd73095be9,[Job 31798] AI Orchestrator,Brazil,https://jobs.lever.co/ciandt/1b6875ae-0c8c-404d-88bf-35fd73095be9,2026-09-21T12:47:51.054000+00:00,2026-09-21T16:33:41-05:00,,no,ubicacion fuera de Colombia/LATAM/remoto global,desarrollo,,,,nueva,
1846,lever:ciandt:2b60a63a-653f-444e-8ad7-a496ac81c18c,ciandt:job31822softwarearchitecttechleadjavaiagenerativa,CI&T,lever,ciandt,2b60a63a-653f-444e-8ad7-a496ac81c18c,[Job 31822] Software Architect (Tech Lead Java & IA Generativa),Brazil,https://jobs.lever.co/ciandt/2b60a63a-653f-444e-8ad7-a496ac81c18c,2026-09-21T12:27:39.961000+00:00,2026-09-21T16:33:41-05:00,,no,ubicacion fuera de Colombia/LATAM/remoto global,desarrollo,,,,nueva,
1847,lever:ciandt:c8f65625-5b7f-4fbb-ba42-0229d3e658bb,ciandt:job29791seniordataengineerdatabricksrequiredhybrid3xwk,CI&T,lever,ciandt,c8f65625-5b7f-4fbb-ba42-0229d3e658bb,[Job- 29791] Senior Data Engineer [Databricks required] (Hybrid 3x/wk),"Quezon City, Metro Manila",https://jobs.lever.co/ciandt/c8f65625-5b7f-4fbb-ba42-0229d3e658bb,2026-06-11T06:13:24.781000+00:00,2026-09-21T16:33:41-05:00,,no,ubicacion fuera de Colombia/LATAM/remoto global,desarrollo,,,,nueva,
1848,lever:ciandt:a5db5360-1a10-4be7-9f89-0ce6499a4296,ciandt:job30015seniorjavadevelopersaopaulohybrid,CI&T,lever,ciandt,a5db5360-1a10-4be7-9f89-0ce6499a4296,"[Job- 30015] Senior Java Developer, São Paulo (Hybrid)","São Paulo, SP",https://jobs.lever.co/ciandt/a5db5360-1a10-4be7-9f89-0ce6499a4296,2026-06-30T01:23:53.060000+00:00,2026-09-21T16:33:41-05:00,,no,ubicacion fuera de Colombia/LATAM/remoto global,desarrollo,,,,nueva,
1849,lever:ciandt:470b1248-e7f9-4cc5-b259-e13c40089359,ciandt:job30255and30256seniorsoftwareengineerjavacubaoqchybrid,CI&T,lever,ciandt,470b1248-e7f9-4cc5-b259-e13c40089359,"[Job- 30255 and 30256] Senior Software Engineer (Java) Cubao, QC - Hybrid","Quezon City, Metro Manila",https://jobs.lever.co/ciandt/470b1248-e7f9-4cc5-b259-e13c40089359,2026-06-25T04:19:43.441000+00:00,2026-09-21T16:33:41-05:00,,no,ubicacion fuera de Colombia/LATAM/remoto global,desarrollo,,,,nueva,
1850,lever:ciandt:551e0c7c-5bd2-4dc9-8e21-a43a1a3f90cb,ciandt:job31019seniordeveloperfullstackjavaangularbrazil,CI&T,lever,ciandt,551e0c7c-5bd2-4dc9-8e21-a43a1a3f90cb,"[Job- 31019] Senior Developer Fullstack (Java + Angular), Brazil",Brazil,https://jobs.lever.co/ciandt/551e0c7c-5bd2-4dc9-8e21-a43a1a3f90cb,2026-08-21T13:42:28.404000+00:00,2026-09-21T16:33:41-05:00,,no,ubicacion fuera de Colombia/LATAM/remoto global,desarrollo,,,,nueva,
1851,lever:ciandt:163dc3e7-1675-4045-a862-22a820ee2188,ciandt:job31218midleveljavadeveloperbrazil,CI&T,lever,ciandt,163dc3e7-1675-4045-a862-22a820ee2188,"[Job- 31218] Mid-level Java Developer, Brazil",Brazil,https://jobs.lever.co/ciandt/163dc3e7-1675-4045-a862-22a820ee2188,2026-08-24T15:09:39.711000+00:00,2026-09-21T16:33:41-05:00,2026-09-22,no,ubicacion fuera de Colombia/LATAM/remoto global,desarrollo,,,,nueva,
1852,lever:ciandt:8afc856c-736e-49bd-bb65-6424faba8992,ciandt:job31345seniordevopsengineercloudnetworkfoundationbrazil,CI&T,lever,ciandt,8afc856c-736e-49bd-bb65-6424faba8992,"[Job- 31345]Senior DevOps Engineer (Cloud Network Foundation), Brazil",Brazil,https://jobs.lever.co/ciandt/8afc856c-736e-49bd-bb65-6424faba8992,2026-08-28T12:27:50.911000+00:00,2026-09-21T16:33:41-05:00,,no,ubicacion fuera de Colombia/LATAM/remoto global,desarrollo,,,,nueva,
1853,lever:ciandt:abf5ef39-5849-46c3-9855-b727bc501593,ciandt:job31650mastergenerativeaideveloperbrazil,CI&T,lever,ciandt,abf5ef39-5849-46c3-9855-b727bc501593,"[Job- 31650] Master Generative AI Developer, Brazil",Brazil,https://jobs.lever.co/ciandt/abf5ef39-5849-46c3-9855-b727bc501593,2026-08-13T17:20:20.649000+00:00,2026-09-21T16:33:41-05:00,,no,ubicacion fuera de Colombia/LATAM/remoto global,desarrollo,,,,nueva,
1854,lever:ciandt:e9ed4e29-5c00-4db5-8fc6-e9a72af3c54e,ciandt:job31800midlevelfullstackdeveloperjavaangularbrazil,CI&T,lever,ciandt,e9ed4e29-5c00-4db5-8fc6-e9a72af3c54e,"[Job- 31800] Mid-Level Fullstack Developer ( Java + Angular ) , Brazil",Brazil,https://jobs.lever.co/ciandt/e9ed4e29-5c00-4db5-8fc6-e9a72af3c54e,2026-09-21T13:29:01.329000+00:00,2026-09-21T16:33:41-05:00,,no,ubicacion fuera de Colombia/LATAM/remoto global,desarrollo,,,,nueva,
1855,lever:ciandt:83b32836-21bb-4c51-8cdf-b6e1a9aea7cf,ciandt:job31805juniorfullstackdeveloperjavaangularbrazil,CI&T,lever,ciandt,83b32836-21bb-4c51-8cdf-b6e1a9aea7cf,"[Job- 31805] Junior Fullstack Developer  ( Java + Angular ) , Brazil",Brazil,https://jobs.lever.co/ciandt/83b32836-21bb-4c51-8cdf-b6e1a9aea7cf,2026-09-21T15:15:35.205000+00:00,2026-09-21T16:33:41-05:00,2026-09-22,no,ubicacion fuera de Colombia/LATAM/remoto global,desarrollo,,,,nueva,
1856,lever:ciandt:e539d765-5a57-4fb6-bbbc-6eca301cbc6f,ciandt:job0008seniorsalesforcedeveloperbrazil,CI&T,lever,ciandt,e539d765-5a57-4fb6-bbbc-6eca301cbc6f,"[Job-0008] Senior Salesforce Developer, Brazil",Brazil,https://jobs.lever.co/ciandt/e539d765-5a57-4fb6-bbbc-6eca301cbc6f,2025-03-26T13:25:53.297000+00:00,2026-09-21T16:33:41-05:00,,no,ubicacion fuera de Colombia/LATAM/remoto global,desarrollo,,,,nueva,
1857,lever:ciandt:112f5c7b-7fb7-4b46-89a3-99ce7fcf98ae,ciandt:job2601androiddevelopercampinasbrazilonsite,CI&T,lever,ciandt,112f5c7b-7fb7-4b46-89a3-99ce7fcf98ae,"[Job-2601] Android Developer, Campinas, Brazil (on-site)","Campinas, SP",https://jobs.lever.co/ciandt/112f5c7b-7fb7-4b46-89a3-99ce7fcf98ae,2026-08-07T21:39:52.607000+00:00,2026-09-21T16:33:41-05:00,,no,ubicacion fuera de Colombia/LATAM/remoto global,desarrollo,,,,nueva,
1858,lever:ciandt:dabcfdc5-0b67-4216-b8a5-b11e9a3fd81f,ciandt:job2602nodejsdevelopercampinasbrazilonsite,CI&T,lever,ciandt,dabcfdc5-0b67-4216-b8a5-b11e9a3fd81f,"[Job-2602] Node.js Developer, Campinas, Brazil (on-site)","Campinas, SP",https://jobs.lever.co/ciandt/dabcfdc5-0b67-4216-b8a5-b11e9a3fd81f,2026-08-07T21:43:20.892000+00:00,2026-09-21T16:33:41-05:00,,no,ubicacion fuera de Colombia/LATAM/remoto global,desarrollo,,,,nueva,
1859,lever:ciandt:516abaa8-8dcf-4231-a98d-da9ee09f7ab6,ciandt:job26705seniordataengineercampinasbrazilhybrid,CI&T,lever,ciandt,516abaa8-8dcf-4231-a98d-da9ee09f7ab6,"[Job-26705] Senior Data Engineer, Campinas, Brazil (Hybrid)","Campinas, SP",https://jobs.lever.co/ciandt/516abaa8-8dcf-4231-a98d-da9ee09f7ab6,2026-04-27T17:09:49.718000+00:00,2026-09-21T16:33:41-05:00,,no,ubicacion fuera de Colombia/LATAM/remoto global,desarrollo,,,,nueva,
1860,lever:ciandt:44f8755e-0eba-4d1c-b647-664467fea1a3,ciandt:job27728midleveliosdevelopercampinasbrazilonsite,CI&T,lever,ciandt,44f8755e-0eba-4d1c-b647-664467fea1a3,"[Job-27728] Mid-level iOS Developer, Campinas, Brazil  (On-Site)","Campinas, SP",https://jobs.lever.co/ciandt/44f8755e-0eba-4d1c-b647-664467fea1a3,2026-04-24T13:19:07.321000+00:00,2026-09-21T16:33:41-05:00,2026-09-23,no,ubicacion fuera de Colombia/LATAM/remoto global,desarrollo,,,,nueva,
1861,lever:ciandt:0461a3a5-61d4-4daf-a1b0-7f51148ada44,ciandt:job28760b2bdemandgenerationmanager,CI&T,lever,ciandt,0461a3a5-61d4-4daf-a1b0-7f51148ada44,[Job-28760] B2B Demand Generation Manager,"San Francisco, CA / California",https://jobs.lever.co/ciandt/0461a3a5-61d4-4daf-a1b0-7f51148ada44,2026-06-22T20:49:35.489000+00:00,2026-09-21T16:33:41-05:00,,no,titulo fuera de perfil,desarrollo,,,,nueva,
1862,lever:ciandt:72f567a0-dc05-4798-af39-f6123f530994,ciandt:job29209senioriosdevelopercampinasbrasilonsite,CI&T,lever,ciandt,72f567a0-dc05-4798-af39-f6123f530994,"[Job-29209] Senior iOS Developer , Campinas, Brasil (On-site)","Campinas, SP",https://jobs.lever.co/ciandt/72f567a0-dc05-4798-af39-f6123f530994,2026-05-05T12:55:17.685000+00:00,2026-09-21T16:33:41-05:00,,no,ubicacion fuera de Colombia/LATAM/remoto global,desarrollo,,,,nueva,
1863,lever:ciandt:07152d54-276c-4953-ba5f-6e6a425ddd54,ciandt:job29923softwarearchitectmobileandroidios,CI&T,lever,ciandt,07152d54-276c-4953-ba5f-6e6a425ddd54,[job-29923] Software Architect (Mobile Android/iOS),"São Paulo, SP",https://jobs.lever.co/ciandt/07152d54-276c-4953-ba5f-6e6a425ddd54,2026-09-15T20:04:34.425000+00:00,2026-09-21T16:33:41-05:00,2026-09-22,no,ubicacion fuera de Colombia/LATAM/remoto global,desarrollo,,,,nueva,
1864,lever:ciandt:5341f751-cdb5-48ae-a4bf-fd69cfdac33e,ciandt:job30014techleadjavasaopaulohybrid,CI&T,lever,ciandt,5341f751-cdb5-48ae-a4bf-fd69cfdac33e,"[Job-30014] Tech Lead Java, São Paulo (Hybrid)","São Paulo, SP",https://jobs.lever.co/ciandt/5341f751-cdb5-48ae-a4bf-fd69cfdac33e,2026-06-30T01:38:26.551000+00:00,2026-09-21T16:33:41-05:00,,no,titulo fuera de perfil,desarrollo,,,,nueva,
1865,lever:ciandt:4ed02d1a-38bf-4165-ae6c-db398e2d0023,ciandt:job30070principaldevopsspecialist,CI&T,lever,ciandt,4ed02d1a-38bf-4165-ae6c-db398e2d0023,[Job-30070] Principal DevOps Specialist,"São Paulo, SP",https://jobs.lever.co/ciandt/4ed02d1a-38bf-4165-ae6c-db398e2d0023,2026-07-31T19:00:54.946000+00:00,2026-09-21T16:33:41-05:00,,no,titulo fuera de perfil,desarrollo,,,,nueva,
1866,lever:ciandt:732f6ccb-5ca5-4cc2-bb7f-0de62667e515,ciandt:job30293seniorsoftwarearchitectaisdlcbrazil,CI&T,lever,ciandt,732f6ccb-5ca5-4cc2-bb7f-0de62667e515,"[Job-30293] Senior/Software Architect AI SDLC, Brazil",Brazil,https://jobs.lever.co/ciandt/732f6ccb-5ca5-4cc2-bb7f-0de62667e515,2026-07-30T17:16:50.724000+00:00,2026-09-21T16:33:41-05:00,,no,ubicacion fuera de Colombia/LATAM/remoto global,desarrollo,,,,nueva,
1867,lever:ciandt:22de5505-5f46-494d-9813-4b8d951a779e,ciandt:job30394seniorfullstackdeveloperjavareactbrazil,CI&T,lever,ciandt,22de5505-5f46-494d-9813-4b8d951a779e,"[Job-30394] Senior Fullstack Developer (Java / React), Brazil",Brazil,https://jobs.lever.co/ciandt/22de5505-5f46-494d-9813-4b8d951a779e,2026-08-28T19:08:35.475000+00:00,2026-09-21T16:33:41-05:00,,no,ubicacion fuera de Colombia/LATAM/remoto global,desarrollo,,,,nueva,
1868,lever:ciandt:8e403a46-611d-4fa9-b4ec-f44897fab5ed,ciandt:job30469seniordeveloperandroidagentesdeiabrasil,CI&T,lever,ciandt,8e403a46-611d-4fa9-b4ec-f44897fab5ed,"[Job-30469] Senior Developer Android/Agentes de IA, Brasil",Brazil,https://jobs.lever.co/ciandt/8e403a46-611d-4fa9-b4ec-f44897fab5ed,2026-09-15T20:12:22.250000+00:00,2026-09-21T16:33:41-05:00,2026-09-22,no,ubicacion fuera de Colombia/LATAM/remoto global,desarrollo,,,,nueva,
1869,lever:ciandt:22629425-63b3-480b-a02b-15bda9d9b477,ciandt:job30600srsoftwareengineerpythonawslambdareact3xwkhybridincubao,CI&T,lever,ciandt,22629425-63b3-480b-a02b-15bda9d9b477,[Job-30600] Sr. Software Engineer (Python | AWS Lambda | React) 3x/wk Hybrid in Cubao,"Quezon City, Metro Manila",https://jobs.lever.co/ciandt/22629425-63b3-480b-a02b-15bda9d9b477,2026-07-19T10:28:09.146000+00:00,2026-09-21T16:33:41-05:00,,no,ubicacion fuera de Colombia/LATAM/remoto global,desarrollo,,,,nueva,
1870,lever:ciandt:1553feee-e139-44e6-b1db-4261befa6719,ciandt:job30815iosmasterdevelopertechleadcampinasbrazilonsite,CI&T,lever,ciandt,1553feee-e139-44e6-b1db-4261befa6719,"[Job-30815] iOS Master Developer (Tech Lead), Campinas, Brazil (On-site)","Campinas, SP",https://jobs.lever.co/ciandt/1553feee-e139-44e6-b1db-4261befa6719,2026-07-30T13:09:56.173000+00:00,2026-09-21T16:33:41-05:00,,no,ubicacion fuera de Colombia/LATAM/remoto global,desarrollo,,,,nueva,
1871,lever:ciandt:e65c5314-a762-4e76-9340-3c206df8ecce,ciandt:job30896systemarchitectbrazil,CI&T,lever,ciandt,e65c5314-a762-4e76-9340-3c206df8ecce,"[Job-30896] System Architect, Brazil",Brazil,https://jobs.lever.co/ciandt/e65c5314-a762-4e76-9340-3c206df8ecce,2026-08-12T09:11:01.411000+00:00,2026-09-21T16:33:41-05:00,2026-09-22,no,titulo fuera de perfil,desarrollo,,,,nueva,
1872,lever:ciandt:418f5dc8-275b-4434-be0d-c401d234cf75,ciandt:job30904midleveljavadeveloperbrazil,CI&T,lever,ciandt,418f5dc8-275b-4434-be0d-c401d234cf75,"[Job-30904] Mid level Java Developer, Brazil",Brazil,https://jobs.lever.co/ciandt/418f5dc8-275b-4434-be0d-c401d234cf75,2026-08-27T12:58:04.616000+00:00,2026-09-21T16:33:41-05:00,,no,ubicacion fuera de Colombia/LATAM/remoto global,desarrollo,,,,nueva,
1873,lever:ciandt:630fd354-920a-4e61-b3f4-c0c249027b46,ciandt:job30923seniormulesoftdeveloperbrazil,CI&T,lever,ciandt,630fd354-920a-4e61-b3f4-c0c249027b46,"[Job-30923] Senior Mulesoft Developer, Brazil",Brazil,https://jobs.lever.co/ciandt/630fd354-920a-4e61-b3f4-c0c249027b46,2026-08-07T16:27:07.803000+00:00,2026-09-21T16:33:41-05:00,2026-09-23,no,ubicacion fuera de Colombia/LATAM/remoto global,desarrollo,,,,nueva,
1874,lever:ciandt:b6abed3a-0d6d-483c-9c37-b5b41c575060,ciandt:job30923seniormulesoftdevelopermexico,CI&T,lever,ciandt,b6abed3a-0d6d-483c-9c37-b5b41c575060,"[Job-30923] Senior Mulesoft Developer, Mexico",Mexico City,https://jobs.lever.co/ciandt/b6abed3a-0d6d-483c-9c37-b5b41c575060,2026-08-20T19:03:28.004000+00:00,2026-09-21T16:33:41-05:00,,no,ubicacion fuera de Colombia/LATAM/remoto global,desarrollo,,,,nueva,
1875,lever:ciandt:09ffa3a5-aca9-436c-9f28-42bacf84aac1,ciandt:job30949principaldataarchitectbrazil,CI&T,lever,ciandt,09ffa3a5-aca9-436c-9f28-42bacf84aac1,"[Job-30949]  Principal Data Architect, Brazil",Brazil,https://jobs.lever.co/ciandt/09ffa3a5-aca9-436c-9f28-42bacf84aac1,2026-08-18T15:18:48.098000+00:00,2026-09-21T16:33:41-05:00,,no,ubicacion fuera de Colombia/LATAM/remoto global,desarrollo,,,,nueva,
1876,lever:ciandt:6a296e7e-b272-4143-b9d7-890d103de057,ciandt:job31065engenheirodedadosseniorbrazil,CI&T,lever,ciandt,6a296e7e-b272-4143-b9d7-890d103de057,"[Job-31065] Engenheiro de Dados Sênior  , Brazil",Brazil,https://jobs.lever.co/ciandt/6a296e7e-b272-4143-b9d7-890d103de057,2026-08-17T17:40:25.718000+00:00,2026-09-21T16:33:41-05:00,,no,titulo fuera de perfil,desarrollo,,,,nueva,
1877,lever:ciandt:0d44b710-4947-4ce9-969d-d70fc9277f04,ciandt:job31068engenheirodedadosseniorsasbrazil,CI&T,lever,ciandt,0d44b710-4947-4ce9-969d-d70fc9277f04,"[Job-31068] Engenheiro de Dados Sênior SAS , Brazil",Brazil,https://jobs.lever.co/ciandt/0d44b710-4947-4ce9-969d-d70fc9277f04,2026-08-17T17:34:37.727000+00:00,2026-09-21T16:33:41-05:00,,no,titulo fuera de perfil,desarrollo,,,,nueva,
1878,lever:ciandt:387f1f26-b175-4da6-993f-7ed83d597bb0,ciandt:job31106seniorkotlinjavadeveloperbrazil,CI&T,lever,ciandt,387f1f26-b175-4da6-993f-7ed83d597bb0,"[Job-31106]  Senior Kotlin/Java Developer, Brazil","Campinas, SP",https://jobs.lever.co/ciandt/387f1f26-b175-4da6-993f-7ed83d597bb0,2026-07-02T20:36:19.055000+00:00,2026-09-21T16:33:41-05:00,,no,ubicacion fuera de Colombia/LATAM/remoto global,desarrollo,,,,nueva,
1879,lever:ciandt:2c52573b-1154-4bfc-91f5-c7198934c8aa,ciandt:job31133seniormidleveldataengineerbrazil,CI&T,lever,ciandt,2c52573b-1154-4bfc-91f5-c7198934c8aa,"[Job-31133] Senior/Mid Level, Data Engineer, Brazil",Brazil,https://jobs.lever.co/ciandt/2c52573b-1154-4bfc-91f5-c7198934c8aa,2026-08-20T14:05:28.715000+00:00,2026-09-21T16:33:41-05:00,,no,ubicacion fuera de Colombia/LATAM/remoto global,desarrollo,,,,nueva,
1880,lever:ciandt:6046b560-d646-4995-8f73-90221ebb9cd2,ciandt:job31173seniormasterfullstackdeveloperpythonreactbrazil,CI&T,lever,ciandt,6046b560-d646-4995-8f73-90221ebb9cd2,"[Job-31173] Senior/Master Fullstack Developer (Python/React), Brazil",Brazil,https://jobs.lever.co/ciandt/6046b560-d646-4995-8f73-90221ebb9cd2,2026-08-19T14:01:44.551000+00:00,2026-09-21T16:33:41-05:00,2026-09-22,no,ubicacion fuera de Colombia/LATAM/remoto global,desarrollo,,,,nueva,
1881,lever:ciandt:63a342e1-84c5-4316-963d-034ddeed6ba2,ciandt:job31207dataanalystuk6monthftc,CI&T,lever,ciandt,63a342e1-84c5-4316-963d-034ddeed6ba2,"[Job-31207] Data Analyst, UK - 6 Month FTC",London,https://jobs.lever.co/ciandt/63a342e1-84c5-4316-963d-034ddeed6ba2,2026-09-07T10:26:39.082000+00:00,2026-09-21T16:33:41-05:00,,no,ubicacion fuera de Colombia/LATAM/remoto global,desarrollo,,,,nueva,
1882,lever:ciandt:fc954c94-7e89-45a3-b40c-d5bcc4fc7208,ciandt:job31239midlevelaiengineerplbraziljavabrazil,CI&T,lever,ciandt,fc954c94-7e89-45a3-b40c-d5bcc4fc7208,"[Job-31239] Mid Level AI Engineer PL Brazil - Java , (Brazil)",Brazil,https://jobs.lever.co/ciandt/fc954c94-7e89-45a3-b40c-d5bcc4fc7208,2026-08-24T17:17:51.754000+00:00,2026-09-21T16:33:41-05:00,,no,ubicacion fuera de Colombia/LATAM/remoto global,desarrollo,,,,nueva,
1883,lever:ciandt:e0c635d6-a3b0-473d-bbef-185ecd1a9a62,ciandt:job31257seniorengineerbrazil,CI&T,lever,ciandt,e0c635d6-a3b0-473d-bbef-185ecd1a9a62,"[Job-31257] Senior Engineer, Brazil",Brazil,https://jobs.lever.co/ciandt/e0c635d6-a3b0-473d-bbef-185ecd1a9a62,2026-08-25T17:35:04.122000+00:00,2026-09-21T16:33:41-05:00,,no,ubicacion fuera de Colombia/LATAM/remoto global,desarrollo,,,,nueva,
1884,lever:ciandt:21254e06-7819-4e6f-a771-d42d17a9aa2e,ciandt:job31257seniorengineercolombia,CI&T,lever,ciandt,21254e06-7819-4e6f-a771-d42d17a9aa2e,"[Job-31257] Senior Engineer, Colombia",Colombia,https://jobs.lever.co/ciandt/21254e06-7819-4e6f-a771-d42d17a9aa2e,2026-09-02T16:28:35.590000+00:00,2026-09-21T16:33:41-05:00,,si,ubicacion compatible,desarrollo,3.2,"stack 3.0 (bruto 7.5) | seniority 3 (senior, desarrollo) | contexto 4",BRECHA: titulo 'senior' en rol de desarrollo || RIESGO: exigen ingles alto,nueva,
1885,lever:ciandt:8daaf46d-623e-4684-a029-e76614eab060,ciandt:job31276engenheiroadedadosplenobrasil,CI&T,lever,ciandt,8daaf46d-623e-4684-a029-e76614eab060,"[Job-31276] Engenheiro(a) de Dados PLENO, Brasil",Brazil,https://jobs.lever.co/ciandt/8daaf46d-623e-4684-a029-e76614eab060,2026-08-26T12:20:22.894000+00:00,2026-09-21T16:33:41-05:00,,no,titulo fuera de perfil,desarrollo,,,,nueva,
1886,lever:ciandt:07f578ac-b346-4cc5-b268-f0992b0080f1,ciandt:job31306senioriadeveloperjavapythoncampinassp,CI&T,lever,ciandt,07f578ac-b346-4cc5-b268-f0992b0080f1,"[Job-31306] Senior IA Developer Java / Python, Campinas-SP","Campinas, SP",https://jobs.lever.co/ciandt/07f578ac-b346-4cc5-b268-f0992b0080f1,2026-08-27T18:43:50.109000+00:00,2026-09-21T16:33:41-05:00,,no,ubicacion fuera de Colombia/LATAM/remoto global,desarrollo,,,,nueva,
1887,lever:ciandt:aed3de59-4f41-4ec6-8622-38835fdcf21f,ciandt:job31310seniordevopsawsbrazil,CI&T,lever,ciandt,aed3de59-4f41-4ec6-8622-38835fdcf21f,"[job-31310]  Sênior DevOps (AWS), Brazil",Brazil,https://jobs.lever.co/ciandt/aed3de59-4f41-4ec6-8622-38835fdcf21f,2026-08-17T20:00:47.555000+00:00,2026-09-21T16:33:41-05:00,,no,titulo fuera de perfil,desarrollo,,,,nueva,
1888,lever:ciandt:31c02e93-eff9-41d8-9bd4-ce98b9afcf3d,ciandt:job31311masterjavaawsdeveloperbrazil,CI&T,lever,ciandt,31c02e93-eff9-41d8-9bd4-ce98b9afcf3d,"[Job-31311] Master JAVA/AWS  Developer, Brazil",Brazil,https://jobs.lever.co/ciandt/31c02e93-eff9-41d8-9bd4-ce98b9afcf3d,2026-09-09T19:19:53.948000+00:00,2026-09-21T16:33:41-05:00,,no,ubicacion fuera de Colombia/LATAM/remoto global,desarrollo,,,,nueva,
1889,lever:ciandt:f509c4ee-7cc8-4bde-83c4-fe1be445d7f2,ciandt:job31318softwarearchitectjavaangularbrazil,CI&T,lever,ciandt,f509c4ee-7cc8-4bde-83c4-fe1be445d7f2,"[Job-31318] Software Architect (Java/Angular), Brazil",Brazil,https://jobs.lever.co/ciandt/f509c4ee-7cc8-4bde-83c4-fe1be445d7f2,2026-09-01T16:17:21.520000+00:00,2026-09-21T16:33:41-05:00,2026-09-22,no,ubicacion fuera de Colombia/LATAM/remoto global,desarrollo,,,,nueva,
1890,lever:ciandt:92fea953-7b00-45db-adf4-d4973311eaab,ciandt:job31320netsoftwareintegrationsarchitectbrazil,CI&T,lever,ciandt,92fea953-7b00-45db-adf4-d4973311eaab,"[Job-31320] .NET Software/Integrations Architect, Brazil",Brazil,https://jobs.lever.co/ciandt/92fea953-7b00-45db-adf4-d4973311eaab,2026-09-02T09:40:09.209000+00:00,2026-09-21T16:33:41-05:00,,no,ubicacion fuera de Colombia/LATAM/remoto global,automatizacion,,,,nueva,
1891,lever:ciandt:d3ed1ec3-4033-4c63-9ba7-d3afe74561ba,ciandt:job31326seniordatadeveloperbrazil,CI&T,lever,ciandt,d3ed1ec3-4033-4c63-9ba7-d3afe74561ba,"[Job-31326] Senior Data Developer, Brazil",Brazil,https://jobs.lever.co/ciandt/d3ed1ec3-4033-4c63-9ba7-d3afe74561ba,2026-09-01T13:22:47.243000+00:00,2026-09-21T16:33:41-05:00,,no,ubicacion fuera de Colombia/LATAM/remoto global,desarrollo,,,,nueva,
1892,lever:ciandt:f6ef1bfc-d65a-4900-9f48-3f55d009b37f,ciandt:job31340midleveldatascientistbrazil,CI&T,lever,ciandt,f6ef1bfc-d65a-4900-9f48-3f55d009b37f,"[Job-31340] Mid-Level Data Scientist, Brazil",Brazil,https://jobs.lever.co/ciandt/f6ef1bfc-d65a-4900-9f48-3f55d009b37f,2026-09-15T17:31:51.972000+00:00,2026-09-21T16:33:41-05:00,2026-09-22,no,ubicacion fuera de Colombia/LATAM/remoto global,desarrollo,,,,nueva,
1893,lever:ciandt:b68063c0-d95d-4977-bdbd-37d41a0fa1bc,ciandt:job31365datadeveloperazuredatabricksseniorbrazil,CI&T,lever,ciandt,b68063c0-d95d-4977-bdbd-37d41a0fa1bc,"[Job-31365] Data Developer (Azure/Databricks) Sênior , Brazil",Brazil,https://jobs.lever.co/ciandt/b68063c0-d95d-4977-bdbd-37d41a0fa1bc,2026-09-03T11:40:11.883000+00:00,2026-09-21T16:33:41-05:00,,no,ubicacion fuera de Colombia/LATAM/remoto global,desarrollo,,,,nueva,
1894,lever:ciandt:3d7a05b5-ac38-44f5-84d0-a280e02ede08,ciandt:job31373masternodejsdevelopertechleadcampinasbrazilonsite,CI&T,lever,ciandt,3d7a05b5-ac38-44f5-84d0-a280e02ede08,"[Job-31373]  Master Node.js Developer (Tech Lead), Campinas, Brazil (On-site)","Campinas, SP",https://jobs.lever.co/ciandt/3d7a05b5-ac38-44f5-84d0-a280e02ede08,2026-08-31T14:04:21.226000+00:00,2026-09-21T16:33:41-05:00,,no,ubicacion fuera de Colombia/LATAM/remoto global,desarrollo,,,,nueva,
1895,lever:ciandt:ff365d7d-bd39-44c2-9102-c1d1aa53b13b,ciandt:job31385masterandroiddevelopertechleadcampinasbrazilonsite,CI&T,lever,ciandt,ff365d7d-bd39-44c2-9102-c1d1aa53b13b,"[Job-31385] Master Android Developer (Tech Lead), Campinas, Brazil (On-site)","Campinas, SP",https://jobs.lever.co/ciandt/ff365d7d-bd39-44c2-9102-c1d1aa53b13b,2026-08-31T14:00:54.212000+00:00,2026-09-21T16:33:41-05:00,,no,ubicacion fuera de Colombia/LATAM/remoto global,desarrollo,,,,nueva,
1896,lever:ciandt:4a2118d4-0482-452a-be1c-1ae3ead61a06,ciandt:job31410seniorspecialistnetdeveloperbrazil,CI&T,lever,ciandt,4a2118d4-0482-452a-be1c-1ae3ead61a06,"[Job-31410] Senior/Specialist .NET Developer, Brazil",Brazil,https://jobs.lever.co/ciandt/4a2118d4-0482-452a-be1c-1ae3ead61a06,2026-09-02T16:10:20.004000+00:00,2026-09-21T16:33:41-05:00,,no,ubicacion fuera de Colombia/LATAM/remoto global,desarrollo,,,,nueva,
1897,lever:ciandt:facae9db-9796-4745-a81a-dde6d4622be5,ciandt:job31419midleveldatadeveloperbrazil,CI&T,lever,ciandt,facae9db-9796-4745-a81a-dde6d4622be5,"[Job-31419] Mid-level Data Developer, Brazil",Brazil,https://jobs.lever.co/ciandt/facae9db-9796-4745-a81a-dde6d4622be5,2026-09-21T14:43:03.193000+00:00,2026-09-21T16:33:41-05:00,,no,ubicacion fuera de Colombia/LATAM/remoto global,desarrollo,,,,nueva,
1898,lever:ciandt:4dbfa79a-9833-4d48-8326-6bf1af610dfd,ciandt:job31419midleveldatadevelopercolombia,CI&T,lever,ciandt,4dbfa79a-9833-4d48-8326-6bf1af610dfd,"[Job-31419] Mid-level Data Developer, Colombia",Colombia,https://jobs.lever.co/ciandt/4dbfa79a-9833-4d48-8326-6bf1af610dfd,2026-09-21T14:44:13.393000+00:00,2026-09-21T16:33:41-05:00,,si,ubicacion compatible,desarrollo,4.8,"stack 2.0 (bruto 5) | seniority 10 (mid, desarrollo) | contexto 4",RIESGO: exigen ingles alto,nueva,
1899,lever:ciandt:8d429690-7d13-4a53-bfc9-aea8d38a3d69,ciandt:job31421seniordataengineerbrazil,CI&T,lever,ciandt,8d429690-7d13-4a53-bfc9-aea8d38a3d69,"[Job-31421]  Senior Data Engineer, Brazil",Brazil,https://jobs.lever.co/ciandt/8d429690-7d13-4a53-bfc9-aea8d38a3d69,2026-09-01T13:08:46.121000+00:00,2026-09-21T16:33:41-05:00,,no,ubicacion fuera de Colombia/LATAM/remoto global,desarrollo,,,,nueva,
1900,lever:ciandt:e000e41d-0a02-4d13-aaf1-bf3cbe64e752,ciandt:job31424midleveldataengineerbrazil,CI&T,lever,ciandt,e000e41d-0a02-4d13-aaf1-bf3cbe64e752,"[Job-31424]  Mid-level  Data Engineer, Brazil",Brazil,https://jobs.lever.co/ciandt/e000e41d-0a02-4d13-aaf1-bf3cbe64e752,2026-09-01T13:15:24.098000+00:00,2026-09-21T16:33:41-05:00,,no,ubicacion fuera de Colombia/LATAM/remoto global,desarrollo,,,,nueva,
1901,lever:ciandt:58736931-8f54-4d79-a4a8-f3d6eece7356,ciandt:job31426dataproductmanagerbrazil,CI&T,lever,ciandt,58736931-8f54-4d79-a4a8-f3d6eece7356,"[Job-31426]  Data Product Manager, Brazil",Brazil,https://jobs.lever.co/ciandt/58736931-8f54-4d79-a4a8-f3d6eece7356,2026-09-01T17:40:07.941000+00:00,2026-09-21T16:33:41-05:00,,no,ubicacion fuera de Colombia/LATAM/remoto global,desarrollo,,,,nueva,
1902,lever:ciandt:b40f787b-5e03-4c2b-a3fa-a5e308c5de77,ciandt:job31448midlevelflutterdeveloperbrazil,CI&T,lever,ciandt,b40f787b-5e03-4c2b-a3fa-a5e308c5de77,"[Job-31448] Mid Level Flutter Developer, Brazil",Brazil,https://jobs.lever.co/ciandt/b40f787b-5e03-4c2b-a3fa-a5e308c5de77,2026-09-21T16:27:51.063000+00:00,2026-09-21T16:33:41-05:00,2026-09-22,no,ubicacion fuera de Colombia/LATAM/remoto global,desarrollo,,,,nueva,
1903,lever:ciandt:3f6c1e73-efcf-4656-8cb6-c60bc3a310c8,ciandt:job31453seniormlengineerb2bpersonalizationbrasil,CI&T,lever,ciandt,3f6c1e73-efcf-4656-8cb6-c60bc3a310c8,"[Job-31453]Senior ML Engineer (B2B Personalization), Brasil",Brazil,https://jobs.lever.co/ciandt/3f6c1e73-efcf-4656-8cb6-c60bc3a310c8,2026-09-04T17:42:02.607000+00:00,2026-09-21T16:33:41-05:00,,no,ubicacion fuera de Colombia/LATAM/remoto global,desarrollo,,,,nueva,
1904,lever:ciandt:b5b7d056-f164-48da-9df6-ff4f38fa2949,ciandt:job31455aiengineersoftwarearchitectbrasil,CI&T,lever,ciandt,b5b7d056-f164-48da-9df6-ff4f38fa2949,"[Job-31455] AI Engineer & Software Architect, Brasil",Brazil,https://jobs.lever.co/ciandt/b5b7d056-f164-48da-9df6-ff4f38fa2949,2026-09-04T17:52:46.226000+00:00,2026-09-21T16:33:41-05:00,,no,ubicacion fuera de Colombia/LATAM/remoto global,desarrollo,,,,nueva,
1905,lever:ciandt:dd0c375a-7384-40ca-a0b8-147dece84b94,ciandt:job31497qaautomationmidlevelbrazil,CI&T,lever,ciandt,dd0c375a-7384-40ca-a0b8-147dece84b94,"[Job-31497] QA Automation , Mid Level | Brazil",Brazil,https://jobs.lever.co/ciandt/dd0c375a-7384-40ca-a0b8-147dece84b94,2026-09-10T14:43:05.191000+00:00,2026-09-21T16:33:41-05:00,2026-09-22,no,ubicacion fuera de Colombia/LATAM/remoto global,automatizacion,,,,nueva,
1906,lever:ciandt:9724fe0e-d741-4158-bbc9-c69b3fef6ef7,ciandt:job31501seniordevopsbrazil,CI&T,lever,ciandt,9724fe0e-d741-4158-bbc9-c69b3fef6ef7,"[Job-31501] Senior DevOps, Brazil",Brazil,https://jobs.lever.co/ciandt/9724fe0e-d741-4158-bbc9-c69b3fef6ef7,2026-09-14T14:15:15.011000+00:00,2026-09-21T16:33:41-05:00,,no,titulo fuera de perfil,desarrollo,,,,nueva,
1907,lever:ciandt:52ebf97f-a71a-4765-8cf7-84adb1c88b24,ciandt:job31510squadleaderbrazil,CI&T,lever,ciandt,52ebf97f-a71a-4765-8cf7-84adb1c88b24,"[Job-31510] Squad Leader, Brazil",Brazil,https://jobs.lever.co/ciandt/52ebf97f-a71a-4765-8cf7-84adb1c88b24,2026-09-03T17:08:46.394000+00:00,2026-09-21T16:33:41-05:00,2026-09-22,no,titulo fuera de perfil,desarrollo,,,,nueva,
1908,lever:ciandt:a552b203-41fe-4e2f-9f1d-b787d33aeff5,ciandt:job31523midleveljavadevelopercopilotiabrazil,CI&T,lever,ciandt,a552b203-41fe-4e2f-9f1d-b787d33aeff5,"[Job-31523] Mid level Java Developer Copilot IA, Brazil",Brazil,https://jobs.lever.co/ciandt/a552b203-41fe-4e2f-9f1d-b787d33aeff5,2026-09-08T19:24:00.768000+00:00,2026-09-21T16:33:41-05:00,,no,ubicacion fuera de Colombia/LATAM/remoto global,desarrollo,,,,nueva,
1909,lever:ciandt:78d2ff0d-0a55-4f7c-a27e-2b6fe74792bb,ciandt:job31524seniorsoftwaredeveloperfullstackkotlinnextjsreacttypescriptbrazil,CI&T,lever,ciandt,78d2ff0d-0a55-4f7c-a27e-2b6fe74792bb,"[Job-31524] Senior Software Developer Fullstack - Kotlin/Next.js (React/TypeScript), Brazil",Brazil,https://jobs.lever.co/ciandt/78d2ff0d-0a55-4f7c-a27e-2b6fe74792bb,2026-09-09T13:03:11.993000+00:00,2026-09-21T16:33:41-05:00,,no,ubicacion fuera de Colombia/LATAM/remoto global,desarrollo,,,,nueva,
1910,lever:ciandt:bf8d1d04-e77b-4a28-9892-44981273e7bc,ciandt:job31532seniordeveloperfullstackangularnodebrasil,CI&T,lever,ciandt,bf8d1d04-e77b-4a28-9892-44981273e7bc,"[Job-31532] Senior Developer Fullstack (Angular/Node), Brasil",Brazil,https://jobs.lever.co/ciandt/bf8d1d04-e77b-4a28-9892-44981273e7bc,2026-09-18T21:10:22.185000+00:00,2026-09-21T16:33:41-05:00,,no,ubicacion fuera de Colombia/LATAM/remoto global,desarrollo,,,,nueva,
1911,lever:ciandt:59494544-d851-4267-b0d2-fd953d4d8a72,ciandt:job31538seniorsoftwarearchitectfrontendangularbrasil,CI&T,lever,ciandt,59494544-d851-4267-b0d2-fd953d4d8a72,"[Job-31538] Senior Software Architect (Frontend Angular), Brasil",Brazil,https://jobs.lever.co/ciandt/59494544-d851-4267-b0d2-fd953d4d8a72,2026-09-10T14:15:08.178000+00:00,2026-09-21T16:33:41-05:00,,no,ubicacion fuera de Colombia/LATAM/remoto global,desarrollo,,,,nueva,
1912,lever:ciandt:2e704a1d-98c7-44bb-a143-65de8425876e,ciandt:job31544seniorqabrazil,CI&T,lever,ciandt,2e704a1d-98c7-44bb-a143-65de8425876e,"[Job-31544] Senior QA, Brazil",Brazil,https://jobs.lever.co/ciandt/2e704a1d-98c7-44bb-a143-65de8425876e,2026-09-11T13:52:56.816000+00:00,2026-09-21T16:33:41-05:00,,no,titulo fuera de perfil,desarrollo,,,,nueva,
1913,lever:ciandt:e425c94c-227b-4c97-ba86-c197d56fa7df,ciandt:job31550seniordatatechleadbrazil,CI&T,lever,ciandt,e425c94c-227b-4c97-ba86-c197d56fa7df,"[Job-31550]  Senior Data Tech Lead, Brazil",Brazil,https://jobs.lever.co/ciandt/e425c94c-227b-4c97-ba86-c197d56fa7df,2026-09-11T18:28:16.564000+00:00,2026-09-21T16:33:41-05:00,,no,ubicacion fuera de Colombia/LATAM/remoto global,desarrollo,,,,nueva,
1914,lever:ciandt:5d5a3052-7612-45ca-be71-7ac7a92c8002,ciandt:job31559dataarchitectbrazil,CI&T,lever,ciandt,5d5a3052-7612-45ca-be71-7ac7a92c8002,"[Job-31559] Data Architect, Brazil",Brazil,https://jobs.lever.co/ciandt/5d5a3052-7612-45ca-be71-7ac7a92c8002,2026-09-08T18:09:45.965000+00:00,2026-09-21T16:33:41-05:00,2026-09-22,no,ubicacion fuera de Colombia/LATAM/remoto global,desarrollo,,,,nueva,
1915,lever:ciandt:8a875f5a-2efa-40c5-80ae-d0eb6177de74,ciandt:job31563seniordatadeveloperdatabrickscampinasbrazilhybrid,CI&T,lever,ciandt,8a875f5a-2efa-40c5-80ae-d0eb6177de74,"[Job-31563] Senior Data Developer (Databricks), Campinas, Brazil (Hybrid)","Campinas, SP",https://jobs.lever.co/ciandt/8a875f5a-2efa-40c5-80ae-d0eb6177de74,2026-09-08T21:52:09.189000+00:00,2026-09-21T16:33:41-05:00,,no,ubicacion fuera de Colombia/LATAM/remoto global,desarrollo,,,,nueva,
1916,lever:ciandt:cc604ddc-f322-496a-b669-7bd550550864,ciandt:job31564dataarchitectdatabricksbrazilhybrid,CI&T,lever,ciandt,cc604ddc-f322-496a-b669-7bd550550864,"[Job-31564] Data Architect (Databricks), Brazil (Hybrid)","Campinas, SP",https://jobs.lever.co/ciandt/cc604ddc-f322-496a-b669-7bd550550864,2026-09-08T21:40:01.512000+00:00,2026-09-21T16:33:41-05:00,,no,ubicacion fuera de Colombia/LATAM/remoto global,desarrollo,,,,nueva,
1917,lever:ciandt:ea29f93f-3c65-44db-8e50-33deb21ba6a1,ciandt:job31569awsipythonapplicationarchitectbrazil,CI&T,lever,ciandt,ea29f93f-3c65-44db-8e50-33deb21ba6a1,"[Job-31569] AWS I Python Application Architect, Brazil",Brazil,https://jobs.lever.co/ciandt/ea29f93f-3c65-44db-8e50-33deb21ba6a1,2026-09-14T14:40:08.832000+00:00,2026-09-21T16:33:41-05:00,,no,ubicacion fuera de Colombia/LATAM/remoto global,desarrollo,,,,nueva,
1918,lever:ciandt:6d00e007-c786-4f28-a616-f389e66dece4,ciandt:job31573aiengineermaster,CI&T,lever,ciandt,6d00e007-c786-4f28-a616-f389e66dece4,[Job-31573] AI Engineer Master,Brazil,https://jobs.lever.co/ciandt/6d00e007-c786-4f28-a616-f389e66dece4,2026-09-16T12:58:19.541000+00:00,2026-09-21T16:33:41-05:00,,no,ubicacion fuera de Colombia/LATAM/remoto global,desarrollo,,,,nueva,
1919,lever:ciandt:49624664-4797-4e92-9dd0-0fc5d03c8ca9,ciandt:job31586seniorsoftwaredevelopersdlcbrazil,CI&T,lever,ciandt,49624664-4797-4e92-9dd0-0fc5d03c8ca9,"[Job-31586] Senior Software Developer - SDLC, Brazil",Brazil,https://jobs.lever.co/ciandt/49624664-4797-4e92-9dd0-0fc5d03c8ca9,2026-09-15T02:25:16.231000+00:00,2026-09-21T16:33:41-05:00,,no,ubicacion fuera de Colombia/LATAM/remoto global,desarrollo,,,,nueva,
1920,lever:ciandt:3d804b35-b7ba-4711-8c27-46130ea385e4,ciandt:job31589midleveljavadeveloperbrazil,CI&T,lever,ciandt,3d804b35-b7ba-4711-8c27-46130ea385e4,"[Job-31589] Mid level Java Developer, Brazil",Brazil,https://jobs.lever.co/ciandt/3d804b35-b7ba-4711-8c27-46130ea385e4,2026-09-21T13:34:43.153000+00:00,2026-09-21T16:33:41-05:00,2026-09-22,no,ubicacion fuera de Colombia/LATAM/remoto global,desarrollo,,,,nueva,
1921,lever:ciandt:8fae8c97-81e5-4a53-859f-23a8b77f7985,ciandt:job31593seniorsoftwarearchitectbrasil,CI&T,lever,ciandt,8fae8c97-81e5-4a53-859f-23a8b77f7985,"[Job-31593] Senior Software Architect, Brasil",Brazil,https://jobs.lever.co/ciandt/8fae8c97-81e5-4a53-859f-23a8b77f7985,2026-09-11T18:33:59.532000+00:00,2026-09-21T16:33:41-05:00,,no,ubicacion fuera de Colombia/LATAM/remoto global,desarrollo,,,,nueva,
1922,lever:ciandt:3646d31b-7adc-4a02-bcb4-cdb6be4fc326,ciandt:job31595designleadexpert,CI&T,lever,ciandt,3646d31b-7adc-4a02-bcb4-cdb6be4fc326,[Job-31595] Design Lead (Expert),Brazil,https://jobs.lever.co/ciandt/3646d31b-7adc-4a02-bcb4-cdb6be4fc326,2026-09-11T20:04:26.599000+00:00,2026-09-21T16:33:41-05:00,,no,titulo fuera de perfil,desarrollo,,,,nueva,
1923,lever:ciandt:d3b06f7e-1a5a-4abf-9953-4c097cd4a955,ciandt:job31614seniormachinelearningengineerbrazil,CI&T,lever,ciandt,d3b06f7e-1a5a-4abf-9953-4c097cd4a955,"[Job-31614]  Senior Machine Learning Engineer, Brazil",Brazil,https://jobs.lever.co/ciandt/d3b06f7e-1a5a-4abf-9953-4c097cd4a955,2026-09-15T12:28:23.623000+00:00,2026-09-21T16:33:41-05:00,,no,ubicacion fuera de Colombia/LATAM/remoto global,desarrollo,,,,nueva,
1924,lever:ciandt:ccdcc3c7-da10-4136-8abb-afa4aee3a555,ciandt:job31623seniorcoboldeveloperbrazil,CI&T,lever,ciandt,ccdcc3c7-da10-4136-8abb-afa4aee3a555,"[Job-31623] Sênior | COBOL Developer, Brazil",Brazil,https://jobs.lever.co/ciandt/ccdcc3c7-da10-4136-8abb-afa4aee3a555,2026-09-11T15:18:05.573000+00:00,2026-09-21T16:33:41-05:00,2026-09-22,no,ubicacion fuera de Colombia/LATAM/remoto global,desarrollo,,,,nueva,
1925,lever:ciandt:69990332-4726-40a7-9549-ac831c9cb52a,ciandt:job31626desenvolvedorafullstackjavaangularmidlevelbrazil,CI&T,lever,ciandt,69990332-4726-40a7-9549-ac831c9cb52a,[Job-31626] Desenvolvedor(a) Fullstack Java + Angular | Mid Level | Brazil,Brazil,https://jobs.lever.co/ciandt/69990332-4726-40a7-9549-ac831c9cb52a,2026-09-11T15:32:31.767000+00:00,2026-09-21T16:33:41-05:00,,no,ubicacion fuera de Colombia/LATAM/remoto global,desarrollo,,,,nueva,
1926,lever:ciandt:8ca7938f-cb20-4d8c-b711-40407825704e,ciandt:job31630midleveldataengineerbrazil,CI&T,lever,ciandt,8ca7938f-cb20-4d8c-b711-40407825704e,"[Job-31630] Mid Level Data Engineer, Brazil",Brazil,https://jobs.lever.co/ciandt/8ca7938f-cb20-4d8c-b711-40407825704e,2026-09-21T11:50:51.100000+00:00,2026-09-21T16:33:41-05:00,2026-09-23,no,ubicacion fuera de Colombia/LATAM/remoto global,desarrollo,,,,nueva,
1927,lever:ciandt:a985cb81-1cf3-4e63-b734-20bdf3b20b2f,ciandt:job31643midlevelcoboldeveloperbrazil,CI&T,lever,ciandt,a985cb81-1cf3-4e63-b734-20bdf3b20b2f,"[Job-31643] Mid Level | COBOL Developer, Brazil",Brazil,https://jobs.lever.co/ciandt/a985cb81-1cf3-4e63-b734-20bdf3b20b2f,2026-09-11T15:15:29.933000+00:00,2026-09-21T16:33:41-05:00,2026-09-22,no,ubicacion fuera de Colombia/LATAM/remoto global,desarrollo,,,,nueva,
1928,lever:ciandt:9cb52013-844e-432c-9b6f-68cb477f95e0,ciandt:job31648seniorclouddevopsbrazil,CI&T,lever,ciandt,9cb52013-844e-432c-9b6f-68cb477f95e0,"[Job-31648] Senior Cloud DevOps, Brazil",Brazil,https://jobs.lever.co/ciandt/9cb52013-844e-432c-9b6f-68cb477f95e0,2026-09-15T02:13:23.227000+00:00,2026-09-21T16:33:41-05:00,,no,titulo fuera de perfil,desarrollo,,,,nueva,
1929,lever:ciandt:72e49bc5-561a-452d-b9a0-0241a1055726,ciandt:job31651techleadfullstacknetreactambevtechlogisticabrazil,CI&T,lever,ciandt,72e49bc5-561a-452d-b9a0-0241a1055726,"[Job-31651] Tech Lead FullStack (.Net/React)  - AmbevTech - Logistica, Brazil",Brazil,https://jobs.lever.co/ciandt/72e49bc5-561a-452d-b9a0-0241a1055726,2026-09-14T20:45:14.929000+00:00,2026-09-21T16:33:41-05:00,,no,ubicacion fuera de Colombia/LATAM/remoto global,desarrollo,,,,nueva,
1930,lever:ciandt:b7d194a8-1722-4a16-bdc6-409d0db931af,ciandt:job31663engenheirodedadosazuredatabricksmidseniorbrazil,CI&T,lever,ciandt,b7d194a8-1722-4a16-bdc6-409d0db931af,"[Job-31663] Engenheiro de Dados (Azure/Databricks) Mid-Sênior , Brazil",Brazil,https://jobs.lever.co/ciandt/b7d194a8-1722-4a16-bdc6-409d0db931af,2026-09-14T14:13:18.076000+00:00,2026-09-21T16:33:41-05:00,,no,ubicacion fuera de Colombia/LATAM/remoto global,desarrollo,,,,nueva,
1931,lever:ciandt:fa2530da-2309-4a66-8128-2632806cd5e7,ciandt:job31682seniordataengineerdatabricks,CI&T,lever,ciandt,fa2530da-2309-4a66-8128-2632806cd5e7,[Job-31682] Senior Data Engineer [Databricks],Brazil,https://jobs.lever.co/ciandt/fa2530da-2309-4a66-8128-2632806cd5e7,2026-09-21T14:04:01.497000+00:00,2026-09-21T16:33:41-05:00,,no,ubicacion fuera de Colombia/LATAM/remoto global,desarrollo,,,,nueva,
1932,lever:ciandt:bd8a8714-710c-4ee9-8070-468d171a060f,ciandt:job31686senioraiengineerdeveloperbrazil,CI&T,lever,ciandt,bd8a8714-710c-4ee9-8070-468d171a060f,"[Job-31686] Senior AI Engineer Developer, Brazil",Brazil,https://jobs.lever.co/ciandt/bd8a8714-710c-4ee9-8070-468d171a060f,2026-09-16T18:39:50.261000+00:00,2026-09-21T16:33:41-05:00,,no,ubicacion fuera de Colombia/LATAM/remoto global,desarrollo,,,,nueva,
1933,lever:ciandt:17241fd5-90c4-426d-8e23-c26d3a8c7ad1,ciandt:job31688midleveldeveloperreactnativebrazil,CI&T,lever,ciandt,17241fd5-90c4-426d-8e23-c26d3a8c7ad1,"[Job-31688] MidLevel Developer React Native, Brazil",Brazil,https://jobs.lever.co/ciandt/17241fd5-90c4-426d-8e23-c26d3a8c7ad1,2026-09-21T12:48:35.524000+00:00,2026-09-21T16:33:41-05:00,,no,ubicacion fuera de Colombia/LATAM/remoto global,desarrollo,,,,nueva,
1934,lever:ciandt:5c7e42da-d53d-4d42-b92b-56d32e7b3f7f,ciandt:job31693seniordatadeveloperbrasil,CI&T,lever,ciandt,5c7e42da-d53d-4d42-b92b-56d32e7b3f7f,"[job-31693] Senior Data Developer, Brasil.",Brazil,https://jobs.lever.co/ciandt/5c7e42da-d53d-4d42-b92b-56d32e7b3f7f,2026-09-16T19:04:44.147000+00:00,2026-09-21T16:33:41-05:00,,no,ubicacion fuera de Colombia/LATAM/remoto global,desarrollo,,,,nueva,
1935,lever:ciandt:1e9253de-a270-4e1f-ab02-c014b8afb23a,ciandt:job31694techleadaiengineeragenticsdlcbrazil,CI&T,lever,ciandt,1e9253de-a270-4e1f-ab02-c014b8afb23a,"[Job-31694] Tech Lead AI Engineer | Agentic SDLC, Brazil",Brazil,https://jobs.lever.co/ciandt/1e9253de-a270-4e1f-ab02-c014b8afb23a,2026-09-18T19:16:57.387000+00:00,2026-09-21T16:33:41-05:00,,no,ubicacion fuera de Colombia/LATAM/remoto global,desarrollo,,,,nueva,
1936,lever:ciandt:8fb7e652-5344-4cda-a742-d477cdeaebbe,ciandt:job31696techleadaiorchestratorandroidbrazil,CI&T,lever,ciandt,8fb7e652-5344-4cda-a742-d477cdeaebbe,"[Job-31696] Tech Lead – AI Orchestrator | Android, Brazil",Brazil,https://jobs.lever.co/ciandt/8fb7e652-5344-4cda-a742-d477cdeaebbe,2026-09-18T19:19:42.963000+00:00,2026-09-21T16:33:41-05:00,,no,ubicacion fuera de Colombia/LATAM/remoto global,desarrollo,,,,nueva,
1937,lever:ciandt:46aab052-8649-4079-9fa6-53a69eeebb3f,ciandt:job31697midleveljavadeveloperaijavareactbrazil,CI&T,lever,ciandt,46aab052-8649-4079-9fa6-53a69eeebb3f,"[Job-31697] Mid-Level Java Developer – AI | Java + React, Brazil",Brazil,https://jobs.lever.co/ciandt/46aab052-8649-4079-9fa6-53a69eeebb3f,2026-09-18T19:10:52.570000+00:00,2026-09-21T16:33:41-05:00,,no,ubicacion fuera de Colombia/LATAM/remoto global,desarrollo,,,,nueva,
1938,lever:ciandt:dc4d877e-cb75-4a42-9dc9-9c3db21bd084,ciandt:job31698seniorjavadeveloperaijavareactbrazil,CI&T,lever,ciandt,dc4d877e-cb75-4a42-9dc9-9c3db21bd084,[Job-31698] Senior Java Developer – AI | Java + React. Brazil,Brazil,https://jobs.lever.co/ciandt/dc4d877e-cb75-4a42-9dc9-9c3db21bd084,2026-09-18T19:13:57.500000+00:00,2026-09-21T16:33:41-05:00,,no,ubicacion fuera de Colombia/LATAM/remoto global,desarrollo,,,,nueva,
1939,lever:ciandt:59d06186-d71c-4d78-ab20-560b8b3f3d3d,ciandt:job31730junioradministrativeanalystbrazilivagaexclusivaparapessoascomdeficiencia,CI&T,lever,ciandt,59d06186-d71c-4d78-ab20-560b8b3f3d3d,"[Job-31730] Junior Administrative Analyst, Brazil I Vaga exclusiva para Pessoas com Deficiência",Brazil,https://jobs.lever.co/ciandt/59d06186-d71c-4d78-ab20-560b8b3f3d3d,2026-09-17T16:59:12.179000+00:00,2026-09-21T16:33:41-05:00,2026-09-22,no,titulo fuera de perfil,desarrollo,,,,nueva,
1940,lever:ciandt:c728777a-8709-4190-b76f-cbb93e101984,ciandt:job31740jrqaautomartion,CI&T,lever,ciandt,c728777a-8709-4190-b76f-cbb93e101984,[Job-31740] Jr QA Automartion,Brazil,https://jobs.lever.co/ciandt/c728777a-8709-4190-b76f-cbb93e101984,2026-09-21T19:44:56.290000+00:00,2026-09-21T16:33:41-05:00,2026-09-21,no,titulo fuera de perfil,desarrollo,,,,nueva,
1941,lever:ciandt:2900ebcf-9beb-4c7d-a01a-0a87abdfb1ea,ciandt:job31742midleveldeveloperjavabrasil,CI&T,lever,ciandt,2900ebcf-9beb-4c7d-a01a-0a87abdfb1ea,"[Job-31742] Mid Level Developer Java, Brasil",Brazil,https://jobs.lever.co/ciandt/2900ebcf-9beb-4c7d-a01a-0a87abdfb1ea,2026-09-18T14:23:08.564000+00:00,2026-09-21T16:33:41-05:00,,no,ubicacion fuera de Colombia/LATAM/remoto global,desarrollo,,,,nueva,
1942,lever:ciandt:74d6d227-3ab5-4f28-8ea1-9897750b282d,ciandt:job31745seniordeveloperjavabrasil,CI&T,lever,ciandt,74d6d227-3ab5-4f28-8ea1-9897750b282d,"[Job-31745] Senior Developer Java, Brasil",Brazil,https://jobs.lever.co/ciandt/74d6d227-3ab5-4f28-8ea1-9897750b282d,2026-09-18T14:27:05.584000+00:00,2026-09-21T16:33:41-05:00,,no,ubicacion fuera de Colombia/LATAM/remoto global,desarrollo,,,,nueva,
1943,lever:ciandt:e3ce1393-065d-4b94-94d6-ef89ff0a78f8,ciandt:job31778scrummastercolombia,CI&T,lever,ciandt,e3ce1393-065d-4b94-94d6-ef89ff0a78f8,"[Job-31778] Scrum Master, Colombia",Colombia,https://jobs.lever.co/ciandt/e3ce1393-065d-4b94-94d6-ef89ff0a78f8,2026-09-20T16:12:34.549000+00:00,2026-09-21T16:33:41-05:00,,no,titulo fuera de perfil,desarrollo,,,,nueva,
1944,lever:ciandt:d5a8978b-e1cf-4448-9b38-38f6195fdff9,ciandt:job31795seniorspecialistdevopspreferablyazurebrazil,CI&T,lever,ciandt,d5a8978b-e1cf-4448-9b38-38f6195fdff9,"[Job-31795] Senior/Specialist DevOps (preferably Azure), Brazil",Brazil,https://jobs.lever.co/ciandt/d5a8978b-e1cf-4448-9b38-38f6195fdff9,2026-09-20T22:17:43.924000+00:00,2026-09-21T16:33:41-05:00,,no,titulo fuera de perfil,desarrollo,,,,nueva,
1945,lever:ciandt:10c545d8-14fb-49b9-aaf6-2cc0781c0cfc,ciandt:chiefofstaffhrprogrammanager,CI&T,lever,ciandt,10c545d8-14fb-49b9-aaf6-2cc0781c0cfc,Chief of Staff / HR Program Manager,"São Paulo, SP / Campinas, SP",https://jobs.lever.co/ciandt/10c545d8-14fb-49b9-aaf6-2cc0781c0cfc,2026-09-14T16:29:37.479000+00:00,2026-09-21T16:33:41-05:00,,no,titulo fuera de perfil,desarrollo,,,,nueva,
1946,lever:ciandt:b3a46faa-6e58-482a-b2fe-41df2ce83bb7,ciandt:presalestechnicalconsultantsolutionarchitect,CI&T,lever,ciandt,b3a46faa-6e58-482a-b2fe-41df2ce83bb7,Presales Technical Consultant / Solution Architect,Singapore,https://jobs.lever.co/ciandt/b3a46faa-6e58-482a-b2fe-41df2ce83bb7,2026-07-15T05:56:56.043000+00:00,2026-09-21T16:33:41-05:00,,no,ubicacion fuera de Colombia/LATAM/remoto global,desarrollo,,,,nueva,
1947,greenhouse:sezzle:8001111003,sezzle:juniorsoftwareengineerwithaccountingexperienceperu,Sezzle,greenhouse,sezzle,8001111003,Junior Software Engineer with Accounting Experience (Peru),Peru,https://job-boards.greenhouse.io/sezzle/jobs/8001111003,2026-09-21T13:11:41-04:00,2026-09-21T21:43:20-05:00,,no,ubicacion fuera de Colombia/LATAM/remoto global,desarrollo,,,,nueva,
1948,greenhouse:remotecom:8000993003,remotecom:strategicalliancesprincipaluki,Remote.com,greenhouse,remotecom,8000993003,Strategic Alliances Principal - UK&I,Remote-UK&I,https://job-boards.greenhouse.io/remotecom/jobs/8000993003,2026-09-21T12:11:59-04:00,2026-09-21T21:43:20-05:00,,no,titulo fuera de perfil,desarrollo,,,,nueva,
1949,greenhouse:clara:5244733007,clara:engineeringdirector,Clara,greenhouse,clara,5244733007,Engineering Director,Sao Paulo / SP / Brazil,https://job-boards.greenhouse.io/clara/jobs/5244733007,2026-09-21T21:12:55-04:00,2026-09-21T21:43:20-05:00,,no,ubicacion fuera de Colombia/LATAM/remoto global,desarrollo,,,,nueva,
1950,greenhouse:clara:5244695007,clara:engineeringdirector,Clara,greenhouse,clara,5244695007,Engineering Director,Mexico City / CMX / Mexico,https://job-boards.greenhouse.io/clara/jobs/5244695007,2026-09-21T20:29:07-04:00,2026-09-21T21:43:20-05:00,,no,ubicacion fuera de Colombia/LATAM/remoto global,desarrollo,,,,nueva,
1951,greenhouse:turing:6203691004,turing:directorofinformationsecurity,Turing,greenhouse,turing,6203691004,Director of Information Security,United States,https://job-boards.greenhouse.io/turing/jobs/6203691004,2026-09-21T16:56:12-04:00,2026-09-21T21:43:20-05:00,,no,titulo fuera de perfil,desarrollo,,,,nueva,
1952,greenhouse:turing:6203731004,turing:seniorgrcanalyst,Turing,greenhouse,turing,6203731004,Senior GRC Analyst,United States,https://job-boards.greenhouse.io/turing/jobs/6203731004,2026-09-21T16:58:44-04:00,2026-09-21T21:43:20-05:00,,no,titulo fuera de perfil,desarrollo,,,,nueva,
1953,greenhouse:turing:6203705004,turing:staffgrcengineer,Turing,greenhouse,turing,6203705004,Staff GRC Engineer,United States,https://job-boards.greenhouse.io/turing/jobs/6203705004,2026-09-21T16:58:13-04:00,2026-09-21T21:43:20-05:00,2026-09-23,no,ubicacion fuera de Colombia/LATAM/remoto global,desarrollo,,,,nueva,
1954,greenhouse:turing:6203706004,turing:staffsecurityanalyst,Turing,greenhouse,turing,6203706004,Staff Security Analyst,United States,https://job-boards.greenhouse.io/turing/jobs/6203706004,2026-09-21T16:57:54-04:00,2026-09-21T21:43:20-05:00,2026-09-22,no,titulo fuera de perfil,desarrollo,,,,nueva,
1955,greenhouse:turing:6203730004,turing:stafftechnicalprogrammanager,Turing,greenhouse,turing,6203730004,Staff Technical Program Manager,United States,https://job-boards.greenhouse.io/turing/jobs/6203730004,2026-09-21T16:58:28-04:00,2026-09-21T21:43:20-05:00,,no,ubicacion fuera de Colombia/LATAM/remoto global,desarrollo,,,,nueva,
1956,lever:ciandt:cbeee469-8475-40bf-8110-a46030d97b55,ciandt:31782aiengineermodernizacao,CI&T,lever,ciandt,cbeee469-8475-40bf-8110-a46030d97b55,[31782] AI  ENGINEER (Modernização),Brazil,https://jobs.lever.co/ciandt/cbeee469-8475-40bf-8110-a46030d97b55,2026-09-21T23:32:54.526000+00:00,2026-09-21T21:43:20-05:00,,no,ubicacion fuera de Colombia/LATAM/remoto global,desarrollo,,,,nueva,
1957,greenhouse:sezzle:7694884003,sezzle:seniorsecurityinfrastructureengineer,Sezzle,greenhouse,sezzle,7694884003,Senior Security Infrastructure Engineer,"Argentina, Remote",https://job-boards.greenhouse.io/sezzle/jobs/7694884003,2026-04-09T10:48:32-04:00,2026-09-22T10:31:10-05:00,,no,ubicacion fuera de Colombia/LATAM/remoto global,desarrollo,,,,nueva,
1958,greenhouse:sezzle:7694883003,sezzle:seniorsecurityinfrastructureengineer,Sezzle,greenhouse,sezzle,7694883003,Senior Security Infrastructure Engineer,Latin America,https://job-boards.greenhouse.io/sezzle/jobs/7694883003,2026-04-09T10:46:23-04:00,2026-09-22T10:31:10-05:00,,si,ubicacion compatible,desarrollo,4.8,"stack 3.8 (bruto 9.5) | seniority 3 (senior, desarrollo) | contexto 10",BRECHA: título 'senior' en rol de desarrollo || BRECHA: piden 6+ años de experiencia,nueva,
1959,greenhouse:sezzle:7694886003,sezzle:seniorsecurityinfrastructureengineer,Sezzle,greenhouse,sezzle,7694886003,Senior Security Infrastructure Engineer,"Chile, Remote",https://job-boards.greenhouse.io/sezzle/jobs/7694886003,2026-04-09T10:51:59-04:00,2026-09-22T10:31:10-05:00,,no,ubicacion fuera de Colombia/LATAM/remoto global,desarrollo,,,,nueva,
1960,greenhouse:sezzle:7694887003,sezzle:seniorsecurityinfrastructureengineer,Sezzle,greenhouse,sezzle,7694887003,Senior Security Infrastructure Engineer,"Mexico, Remote",https://job-boards.greenhouse.io/sezzle/jobs/7694887003,2026-04-09T10:53:00-04:00,2026-09-22T10:31:10-05:00,,no,ubicacion fuera de Colombia/LATAM/remoto global,desarrollo,,,,nueva,
1961,greenhouse:sezzle:7694888003,sezzle:seniorsecurityinfrastructureengineer,Sezzle,greenhouse,sezzle,7694888003,Senior Security Infrastructure Engineer,"Brazil, Remote",https://job-boards.greenhouse.io/sezzle/jobs/7694888003,2026-04-09T10:54:19-04:00,2026-09-22T10:31:10-05:00,,no,ubicacion fuera de Colombia/LATAM/remoto global,desarrollo,,,,nueva,
1962,greenhouse:sezzle:7694885003,sezzle:seniorsecurityinfrastructureengineer,Sezzle,greenhouse,sezzle,7694885003,Senior Security Infrastructure Engineer,"Colombia, Remote",https://job-boards.greenhouse.io/sezzle/jobs/7694885003,2026-04-09T10:50:17-04:00,2026-09-22T10:31:10-05:00,,si,ubicacion compatible,desarrollo,4.8,"stack 3.8 (bruto 9.5) | seniority 3 (senior, desarrollo) | contexto 10",BRECHA: título 'senior' en rol de desarrollo || BRECHA: piden 6+ años de experiencia,nueva,
1963,greenhouse:backblaze:5428000008,backblaze:principalproductmanager,Backblaze,greenhouse,backblaze,5428000008,Principal Product Manager,Remote - US,https://job-boards.greenhouse.io/backblaze/jobs/5428000008,2026-09-22T01:39:33-04:00,2026-09-22T10:31:10-05:00,,no,titulo fuera de perfil,desarrollo,,,,nueva,
1964,greenhouse:twilio:8097524,twilio:fasttrackoperationsspecialist2,Twilio,greenhouse,twilio,8097524,Fast Track Operations Specialist 2,Remote - Colombia,https://job-boards.greenhouse.io/twilio/jobs/8097524,2026-09-22T11:22:34-04:00,2026-09-22T10:31:10-05:00,,no,titulo fuera de perfil,automatizacion,,,,nueva,
1965,greenhouse:twilio:8207721,twilio:staffescalationsmanager,Twilio,greenhouse,twilio,8207721,"Staff, Escalations Manager",Remote - Spain,https://job-boards.greenhouse.io/twilio/jobs/8207721,2026-09-22T05:07:44-04:00,2026-09-22T10:31:10-05:00,,no,titulo fuera de perfil,desarrollo,,,,nueva,
1966,greenhouse:twilio:8204407,twilio:technicalsupportengineer,Twilio,greenhouse,twilio,8204407,Technical Support Engineer,Remote - Ireland,https://job-boards.greenhouse.io/twilio/jobs/8204407,2026-09-22T05:48:04-04:00,2026-09-22T10:31:10-05:00,,no,ubicacion fuera de Colombia/LATAM/remoto global,desarrollo,,,,nueva,
1967,greenhouse:canonical:5127399,canonical:engineeringmanagerappstores,Canonical,greenhouse,canonical,5127399,Engineering Manager - App Stores,Home based - Worldwide,https://job-boards.greenhouse.io/canonical/jobs/5127399,2023-08-11T10:46:13-04:00,2026-09-22T10:31:10-05:00,,si,"remoto sin pais, confirmar elegibilidad",desarrollo,0,"stack 1.6 (bruto 4) | seniority 0 (lead, desarrollo) | contexto 0",KNOCKOUT: stack 1.6 bajo el piso de 2.0 || KNOCKOUT: seniority 'lead' fuera de alcance en rol de desarrollo,nueva,
1968,greenhouse:turing:6194761004,turing:staffcorpsecengineer,Turing,greenhouse,turing,6194761004,Staff CorpSec Engineer,United States,https://job-boards.greenhouse.io/turing/jobs/6194761004,2026-09-22T09:29:14-04:00,2026-09-22T10:31:10-05:00,,no,ubicacion fuera de Colombia/LATAM/remoto global,desarrollo,,,,nueva,
1969,ashby:supabase:8e4ddc16-6308-432a-acea-55709c15ddc7,supabase:awspartnermarketingmanager,Supabase,ashby,supabase,8e4ddc16-6308-432a-acea-55709c15ddc7,AWS Partner Marketing Manager,"Remote, Global",https://jobs.ashbyhq.com/supabase/8e4ddc16-6308-432a-acea-55709c15ddc7,2026-09-22T15:00:43.044+00:00,2026-09-22T10:31:10-05:00,,no,titulo fuera de perfil,desarrollo,,,,nueva,
1970,ashby:n8n:353d6536-bce8-424d-b4d5-8f7f93258fe6,n8n:globaldirectorofrevenueenablementremoteeuropeoreastcoast,n8n,ashby,n8n,353d6536-bce8-424d-b4d5-8f7f93258fe6,Global Director of Revenue Enablement (Remote Europe or East Coast),Berlin Office / Norway / Netherlands / Florida / New York / Hungary / Portugal / Massachusetts / Virginia / Germany / Austria / London Office / New Jersey / Boston / Ireland / Denmark / United Kingdom / Spain,https://jobs.ashbyhq.com/n8n/353d6536-bce8-424d-b4d5-8f7f93258fe6,2026-09-22T13:13:45.181+00:00,2026-09-22T10:31:10-05:00,,no,titulo fuera de perfil,automatizacion,,,,nueva,
1971,lever:yuno:bba42fb4-dc01-449b-8cea-12368f2b5142,yuno:finxgrowthmanagereurope,Yuno,lever,yuno,bba42fb4-dc01-449b-8cea-12368f2b5142,FinX Growth Manager Europe,Europe / Global / Portugal / Amsterdam / Germany,https://jobs.lever.co/yuno/bba42fb4-dc01-449b-8cea-12368f2b5142,2026-09-17T10:02:47.789000+00:00,2026-09-22T10:31:10-05:00,,no,titulo fuera de perfil,desarrollo,,,,nueva,
1972,lever:yuno:3b41588f-639b-491d-928b-3cb3b5a6467a,yuno:finxgrowthmanagerna,Yuno,lever,yuno,3b41588f-639b-491d-928b-3cb3b5a6467a,FinX Growth Manager NA,Americas,https://jobs.lever.co/yuno/3b41588f-639b-491d-928b-3cb3b5a6467a,2026-09-01T12:37:28.413000+00:00,2026-09-22T10:31:10-05:00,,no,titulo fuera de perfil,desarrollo,,,,nueva,
1973,lever:ciandt:3ffe2c8b-3dbb-41ed-9523-bc424b932da0,ciandt:31010seniorclientdirectoremeafinancialservices,CI&T,lever,ciandt,3ffe2c8b-3dbb-41ed-9523-bc424b932da0,"[31010] - Senior Client Director, EMEA - Financial Services",London,https://jobs.lever.co/ciandt/3ffe2c8b-3dbb-41ed-9523-bc424b932da0,2026-09-22T10:33:38.624000+00:00,2026-09-22T10:31:10-05:00,,no,titulo fuera de perfil,desarrollo,,,,nueva,
1974,lever:ciandt:8f284e9e-8433-4791-bc93-fe01c243aa35,ciandt:job31498datamanagerbrazil,CI&T,lever,ciandt,8f284e9e-8433-4791-bc93-fe01c243aa35,"[Job - 31498] Data Manager, Brazil",Brazil,https://jobs.lever.co/ciandt/8f284e9e-8433-4791-bc93-fe01c243aa35,2026-09-22T14:51:41.550000+00:00,2026-09-22T10:31:10-05:00,,no,ubicacion fuera de Colombia/LATAM/remoto global,desarrollo,,,,nueva,
1975,lever:ciandt:57b0f135-f0a6-4149-a086-75e10183d81a,ciandt:job31498datamanagercolombia,CI&T,lever,ciandt,57b0f135-f0a6-4149-a086-75e10183d81a,"[Job - 31498] Data Manager, Colombia",Colombia,https://jobs.lever.co/ciandt/57b0f135-f0a6-4149-a086-75e10183d81a,2026-09-22T14:53:01.285000+00:00,2026-09-22T10:31:10-05:00,,si,ubicacion compatible,desarrollo,0,"stack 0.0 (bruto 0) | seniority 0 (lead, desarrollo) | contexto 4",KNOCKOUT: stack 0.0 bajo el piso de 2.0 || KNOCKOUT: seniority 'lead' fuera de alcance en rol de desarrollo,nueva,
1976,lever:ciandt:13f3f7a1-527f-4a23-b6e1-d7b9a77fdc4a,ciandt:job31192midleveliosmobiledeveloperbrazil,CI&T,lever,ciandt,13f3f7a1-527f-4a23-b6e1-d7b9a77fdc4a,"[Job-31192] Mid-level iOS Mobile Developer, Brazil",Brazil,https://jobs.lever.co/ciandt/13f3f7a1-527f-4a23-b6e1-d7b9a77fdc4a,2026-08-24T12:41:56.204000+00:00,2026-09-22T10:31:10-05:00,,no,ubicacion fuera de Colombia/LATAM/remoto global,desarrollo,,,,nueva,
1977,lever:ciandt:6a334d8e-8810-4a73-85bd-62179d980918,ciandt:job31706datatechleadbrazil,CI&T,lever,ciandt,6a334d8e-8810-4a73-85bd-62179d980918,"[Job-31706] DATA Tech Lead, Brazil",Brazil,https://jobs.lever.co/ciandt/6a334d8e-8810-4a73-85bd-62179d980918,2026-09-22T13:50:47.043000+00:00,2026-09-22T10:31:10-05:00,,no,ubicacion fuera de Colombia/LATAM/remoto global,desarrollo,,,,nueva,
1978,greenhouse:wizeline:8223578,wizeline:leadfullstacksoftwareengineerjavascriptbarcelona,Wizeline,greenhouse,wizeline,8223578,Lead Fullstack Software Engineer (Javascript - Barcelona),"Barcelona, Spain",https://www.wizeline.ai/careers/job?gh_jid=8223578,2026-09-22T12:01:27-04:00,2026-09-22T15:11:34-05:00,,no,ubicacion fuera de Colombia/LATAM/remoto global,desarrollo,,,,nueva,
1979,ashby:nubank:30994369-f227-4404-a0d2-1f49152f9779,nubank:regulatorysolutionsanalystjudicialordersmexico,Nubank,ashby,nubank,30994369-f227-4404-a0d2-1f49152f9779,Regulatory Solutions Analyst (Judicial Orders) - México,Ciudad de México,https://jobs.ashbyhq.com/nubank/30994369-f227-4404-a0d2-1f49152f9779,2026-09-22T19:47:15.305+00:00,2026-09-22T15:11:34-05:00,,no,ubicacion fuera de Colombia/LATAM/remoto global,automatizacion,,,,nueva,
1980,ashby:mural:6b3b4a7a-12d7-460d-928f-087081a7fdf9,mural:managerproductdesigngrowthupperfunnel,Mural,ashby,mural,6b3b4a7a-12d7-460d-928f-087081a7fdf9,"Manager, Product Design, Growth (Upper Funnel)",United States Remote / Canada Remote,https://jobs.ashbyhq.com/mural/6b3b4a7a-12d7-460d-928f-087081a7fdf9,2026-09-22T17:08:47.041+00:00,2026-09-22T15:11:34-05:00,,no,titulo fuera de perfil,desarrollo,,,,nueva,
1981,lever:toptal:1d0d49d0-ca33-4d64-a90b-9d6442cdb985,toptal:directorpartnerships,Toptal,lever,toptal,1d0d49d0-ca33-4d64-a90b-9d6442cdb985,"Director, Partnerships",Canada,https://jobs.lever.co/toptal/1d0d49d0-ca33-4d64-a90b-9d6442cdb985,2026-08-12T16:10:25.671000+00:00,2026-09-22T15:11:34-05:00,,no,titulo fuera de perfil,desarrollo,,,,nueva,
1982,lever:toptal:5c1ea6ba-7d5d-48c8-84ef-7c3bfc4c1ba0,toptal:directorpartnershipsusbased,Toptal,lever,toptal,5c1ea6ba-7d5d-48c8-84ef-7c3bfc4c1ba0,"Director, Partnerships - US-Based",Anywhere,https://jobs.lever.co/toptal/5c1ea6ba-7d5d-48c8-84ef-7c3bfc4c1ba0,2026-08-12T16:17:21.504000+00:00,2026-09-22T15:11:34-05:00,,no,titulo fuera de perfil,desarrollo,,,,nueva,
1983,lever:ciandt:1ac7bc75-60e2-48dc-a9d5-427b45c1286c,ciandt:job31488seniordatadeveloperbrazil,CI&T,lever,ciandt,1ac7bc75-60e2-48dc-a9d5-427b45c1286c,"[Job-31488] Senior Data Developer, Brazil",Brazil,https://jobs.lever.co/ciandt/1ac7bc75-60e2-48dc-a9d5-427b45c1286c,2026-09-22T18:13:46.430000+00:00,2026-09-22T15:11:34-05:00,,no,ubicacion fuera de Colombia/LATAM/remoto global,desarrollo,,,,nueva,
1984,lever:ciandt:cfba04a5-e3eb-47be-85c3-312a1856032e,ciandt:job31490midleveldatadeveloperbrazil,CI&T,lever,ciandt,cfba04a5-e3eb-47be-85c3-312a1856032e,"[Job-31490] Mid-level Data Developer, Brazil",Brazil,https://jobs.lever.co/ciandt/cfba04a5-e3eb-47be-85c3-312a1856032e,2026-09-22T18:18:01.829000+00:00,2026-09-22T15:11:34-05:00,,no,ubicacion fuera de Colombia/LATAM/remoto global,desarrollo,,,,nueva,
1985,lever:ciandt:96c7fbac-560b-42f6-8651-1371ceb4a5d5,ciandt:job31812seniordatadeveloperanalyticsbrazil,CI&T,lever,ciandt,96c7fbac-560b-42f6-8651-1371ceb4a5d5,"[Job-31812] Senior Data Developer (Analytics), Brazil",Brazil,https://jobs.lever.co/ciandt/96c7fbac-560b-42f6-8651-1371ceb4a5d5,2026-09-22T16:47:40.464000+00:00,2026-09-22T15:11:34-05:00,,no,ubicacion fuera de Colombia/LATAM/remoto global,desarrollo,,,,nueva,
1986,lever:ciandt:b2eb71c1-29d1-4843-83c1-5bbc099e0a55,ciandt:job31836seniordatadeveloperbrazil,CI&T,lever,ciandt,b2eb71c1-29d1-4843-83c1-5bbc099e0a55,"[Job-31836] Senior Data Developer, Brazil",Brazil,https://jobs.lever.co/ciandt/b2eb71c1-29d1-4843-83c1-5bbc099e0a55,2026-09-22T16:45:33.056000+00:00,2026-09-22T15:11:34-05:00,,no,ubicacion fuera de Colombia/LATAM/remoto global,desarrollo,,,,nueva,
1987,lever:ciandt:743277c8-e955-494a-ac31-f39ba32982a1,ciandt:job31837masterdataopsdeveloperbrazil,CI&T,lever,ciandt,743277c8-e955-494a-ac31-f39ba32982a1,"[Job-31837] Master DataOps Developer, Brazil",Brazil,https://jobs.lever.co/ciandt/743277c8-e955-494a-ac31-f39ba32982a1,2026-09-22T16:44:06.693000+00:00,2026-09-22T15:11:34-05:00,,no,ubicacion fuera de Colombia/LATAM/remoto global,desarrollo,,,,nueva,
1988,lever:ciandt:087ac21a-a796-40d7-8d0b-ddd40681a4c5,ciandt:job31838seniordataanalystdataqualityreportingbrazil,CI&T,lever,ciandt,087ac21a-a796-40d7-8d0b-ddd40681a4c5,"[Job-31838] Senior Data Analyst (Data Quality & Reporting), Brazil",Brazil,https://jobs.lever.co/ciandt/087ac21a-a796-40d7-8d0b-ddd40681a4c5,2026-09-22T16:42:32.798000+00:00,2026-09-22T15:11:34-05:00,,no,ubicacion fuera de Colombia/LATAM/remoto global,desarrollo,,,,nueva,
1989,greenhouse:backblaze:5416194008,backblaze:directorenterprisesystemsarchitecturelatam,Backblaze,greenhouse,backblaze,5416194008,"Director, Enterprise Systems & Architecture (LATAM)",Remote - Argentina; Remote - Colombia ; Remote - Costa Rica ; Remote - Mexico,https://job-boards.greenhouse.io/backblaze/jobs/5416194008,2026-09-22T17:16:38-04:00,2026-09-22T17:55:54-05:00,,no,titulo fuera de perfil,desarrollo,,,,nueva,
1990,greenhouse:gitlab:8828009002,gitlab:staffenterprisearchitect,GitLab,greenhouse,gitlab,8828009002,Staff Enterprise Architect,"Remote, United States",https://job-boards.greenhouse.io/gitlab/jobs/8828009002,2026-09-22T18:09:29-04:00,2026-09-22T17:55:54-05:00,,no,titulo fuera de perfil,desarrollo,,,,nueva,
1991,ashby:nubank:bb938e14-8fad-46a8-89c3-32eb1ee8bfc6,nubank:headoftotalrewards,Nubank,ashby,nubank,bb938e14-8fad-46a8-89c3-32eb1ee8bfc6,Head of Total Rewards,Palo Alto,https://jobs.ashbyhq.com/nubank/bb938e14-8fad-46a8-89c3-32eb1ee8bfc6,2026-09-04T12:49:15.856+00:00,2026-09-22T17:55:54-05:00,,no,titulo fuera de perfil,desarrollo,,,,nueva,
1992,ashby:nubank:d5b511c4-6d8f-4fa9-9824-279082d2cbdf,nubank:copyofcustomerexcellencesenioranalystbogotagermanspeaker,Nubank,ashby,nubank,d5b511c4-6d8f-4fa9-9824-279082d2cbdf,Copy of Customer Excellence Senior Analyst - Bogotá (German Speaker),Bogota,https://jobs.ashbyhq.com/nubank/d5b511c4-6d8f-4fa9-9824-279082d2cbdf,2026-09-22T22:51:24.226+00:00,2026-09-22T17:55:54-05:00,,no,titulo fuera de perfil,desarrollo,,,,nueva,
1993,ashby:zapier:45b2c110-f8e0-497a-914c-72fddf447ed0,zapier:automationstrategistcustomersuccess,Zapier,ashby,zapier,45b2c110-f8e0-497a-914c-72fddf447ed0,"Automation Strategist, Customer Success",HQ / NAMER,https://jobs.ashbyhq.com/zapier/45b2c110-f8e0-497a-914c-72fddf447ed0,2026-09-22T22:08:20.467+00:00,2026-09-22T17:55:54-05:00,,no,ubicacion fuera de Colombia/LATAM/remoto global,automatizacion,,,,nueva,
1994,greenhouse:turing:6198751004,turing:forwarddeployedaiengineerintraining,Turing,greenhouse,turing,6198751004,Forward Deployed AI Engineer (In Training),"New York, New York, United States",https://job-boards.greenhouse.io/turing/jobs/6198751004,2026-09-17T18:35:57-04:00,2026-09-22T20:30:02-05:00,,no,ubicacion fuera de Colombia/LATAM/remoto global,automatizacion,,,,nueva,
1995,lever:yuno:fff9e530-0bbd-40ed-8ffd-1d7ac1f12cf1,yuno:keyaccountmanagerna,Yuno,lever,yuno,fff9e530-0bbd-40ed-8ffd-1d7ac1f12cf1,Key Account Manager NA,Americas,https://jobs.lever.co/yuno/fff9e530-0bbd-40ed-8ffd-1d7ac1f12cf1,2026-09-23T00:42:00.261000+00:00,2026-09-22T20:30:02-05:00,,no,titulo fuera de perfil,desarrollo,,,,nueva,
1996,lever:yuno:615b33e6-e166-4c89-8153-293d466b513e,yuno:solutionsengineer,Yuno,lever,yuno,615b33e6-e166-4c89-8153-293d466b513e,Solutions Engineer,Colombia / Mexico / Europe,https://jobs.lever.co/yuno/615b33e6-e166-4c89-8153-293d466b513e,2026-09-23T00:45:03.411000+00:00,2026-09-22T20:30:02-05:00,,si,ubicacion compatible,automatizacion,0,"stack 0.0 (bruto 0) | seniority 10 (sin_marca, automatizacion) | contexto 0",KNOCKOUT: stack 0.0 bajo el piso de 2.0,nueva,
1997,lever:yuno:c59fa4ff-62f0-4ea1-96c6-a0828dc017f7,yuno:technicalaccountmanager,Yuno,lever,yuno,c59fa4ff-62f0-4ea1-96c6-a0828dc017f7,Technical Account Manager,Brazil,https://jobs.lever.co/yuno/c59fa4ff-62f0-4ea1-96c6-a0828dc017f7,2026-09-23T01:00:06.754000+00:00,2026-09-22T20:30:02-05:00,,no,ubicacion fuera de Colombia/LATAM/remoto global,desarrollo,,,,nueva,
1998,lever:ciandt:69dc678f-f4d6-4bea-a4e7-3922e83090d7,ciandt:job31811midlevelqualityengineerbrazil,CI&T,lever,ciandt,69dc678f-f4d6-4bea-a4e7-3922e83090d7,"[Job - 31811]  Mid-Level Quality Engineer, Brazil",Brazil,https://jobs.lever.co/ciandt/69dc678f-f4d6-4bea-a4e7-3922e83090d7,2026-09-21T14:59:16.994000+00:00,2026-09-22T20:30:02-05:00,,no,ubicacion fuera de Colombia/LATAM/remoto global,desarrollo,,,,nueva,
1999,lever:ciandt:b71fcdf0-b37f-43c3-bcf9-ba0601322530,ciandt:job31847developeriosmidlevelbrazil,CI&T,lever,ciandt,b71fcdf0-b37f-43c3-bcf9-ba0601322530,"[Job - 31847] Developer iOS Mid-Level, Brazil",Brazil,https://jobs.lever.co/ciandt/b71fcdf0-b37f-43c3-bcf9-ba0601322530,2026-09-22T14:49:38.519000+00:00,2026-09-22T20:30:02-05:00,,no,ubicacion fuera de Colombia/LATAM/remoto global,desarrollo,,,,nueva,
2000,lever:ciandt:ebb6c5db-eb8a-43a1-a6c6-8e9bc5d4dc82,ciandt:job31850developerfullstackjrnodejsreactbrazil,CI&T,lever,ciandt,ebb6c5db-eb8a-43a1-a6c6-8e9bc5d4dc82,"[Job - 31850] Developer FullStack JR - NodeJS + React, Brazil",Brazil,https://jobs.lever.co/ciandt/ebb6c5db-eb8a-43a1-a6c6-8e9bc5d4dc82,2026-09-22T14:53:10.142000+00:00,2026-09-22T20:30:02-05:00,2026-09-23,no,ubicacion fuera de Colombia/LATAM/remoto global,desarrollo,,,,nueva,
2001,lever:ciandt:6fc4e1e5-c325-4ce4-bdd1-bf30b3eccf88,ciandt:job31493juniordatadeveloperbrazil,CI&T,lever,ciandt,6fc4e1e5-c325-4ce4-bdd1-bf30b3eccf88,"[Job-31493] Junior Data Developer, Brazil",Brazil,https://jobs.lever.co/ciandt/6fc4e1e5-c325-4ce4-bdd1-bf30b3eccf88,2026-09-22T18:19:26.057000+00:00,2026-09-22T20:30:02-05:00,,no,ubicacion fuera de Colombia/LATAM/remoto global,desarrollo,,,,nueva,
2002,greenhouse:remotecom:8003173003,remotecom:teamleadersre,Remote.com,greenhouse,remotecom,8003173003,"Team Leader, SRE",Remote-EMEA,https://job-boards.greenhouse.io/remotecom/jobs/8003173003,2026-09-23T04:58:09-04:00,2026-09-23T10:26:44-05:00,,no,titulo fuera de perfil,desarrollo,,,,nueva,
2003,greenhouse:twilio:8213730,twilio:personalizedsupportengineer,Twilio,greenhouse,twilio,8213730,Personalized Support Engineer,Remote - India,https://job-boards.greenhouse.io/twilio/jobs/8213730,2026-09-23T09:59:26-04:00,2026-09-23T10:26:44-05:00,,no,ubicacion fuera de Colombia/LATAM/remoto global,desarrollo,,,,nueva,
2004,greenhouse:gitlab:8530337002,gitlab:salesdevelopmentrepresentative,GitLab,greenhouse,gitlab,8530337002,Sales Development Representative,"Remote, North America",https://job-boards.greenhouse.io/gitlab/jobs/8530337002,2026-05-01T11:16:59-04:00,2026-09-23T10:26:44-05:00,,no,titulo fuera de perfil,desarrollo,,,,nueva,
2005,ashby:nubank:3f013854-6e4c-463c-a390-3ef4e3a1b2d5,nubank:seniorsecurityengineerincidentresponse,Nubank,ashby,nubank,3f013854-6e4c-463c-a390-3ef4e3a1b2d5,Senior Security Engineer (Incident Response),São Paulo,https://jobs.ashbyhq.com/nubank/3f013854-6e4c-463c-a390-3ef4e3a1b2d5,2026-09-23T11:56:41.108+00:00,2026-09-23T10:26:44-05:00,,no,ubicacion fuera de Colombia/LATAM/remoto global,desarrollo,,,,nueva,
2006,ashby:supabase:ab8d1463-bc97-417f-97b1-bfc1fe619b3e,supabase:databasesupportengineer,Supabase,ashby,supabase,ab8d1463-bc97-417f-97b1-bfc1fe619b3e,Database Support Engineer,"Remote, APAC",https://jobs.ashbyhq.com/supabase/ab8d1463-bc97-417f-97b1-bfc1fe619b3e,2026-09-23T13:58:42.792+00:00,2026-09-23T10:26:44-05:00,,no,ubicacion fuera de Colombia/LATAM/remoto global,desarrollo,,,,nueva,
2007,ashby:n8n:5d1a70e5-d4f2-4d11-81a6-ee49a333f3d4,n8n:strategiccustomerexperiencesuccessprogramsmanager,n8n,ashby,n8n,5d1a70e5-d4f2-4d11-81a6-ee49a333f3d4,Strategic Customer Experience & Success Programs Manager,Germany / Slovenia / Netherlands / Berlin Office / Portugal / Finland / Slovakia / Ireland / Bulgaria / United Kingdom / Spain / Greece,https://jobs.ashbyhq.com/n8n/5d1a70e5-d4f2-4d11-81a6-ee49a333f3d4,2026-09-23T09:13:24.400+00:00,2026-09-23T10:26:44-05:00,,no,titulo fuera de perfil,desarrollo,,,,nueva,
2008,ashby:n8n:dbc78a40-2efd-43ca-bb33-fb7cb0583cb8,n8n:salesdevelopmentrepresentativegermanspeakingberlinhybrid,n8n,ashby,n8n,dbc78a40-2efd-43ca-bb33-fb7cb0583cb8,Sales Development Representative - german-speaking (Berlin Hybrid),Berlin Office,https://jobs.ashbyhq.com/n8n/dbc78a40-2efd-43ca-bb33-fb7cb0583cb8,2026-09-23T13:17:56.917+00:00,2026-09-23T10:26:44-05:00,,no,titulo fuera de perfil,desarrollo,,,,nueva,
2009,lever:toptal:ce33342a-6e28-4108-b8f4-4799e05fcfc3,toptal:dataanalyticsengineer,Toptal,lever,toptal,ce33342a-6e28-4108-b8f4-4799e05fcfc3,Data Analytics Engineer,"Canada, Central America, South America",https://jobs.lever.co/toptal/ce33342a-6e28-4108-b8f4-4799e05fcfc3,2026-09-23T13:35:33.570000+00:00,2026-09-23T10:26:44-05:00,,si,ubicacion compatible,desarrollo,5,"stack 4.8 (bruto 12) | seniority 6 (sin_marca, desarrollo) | contexto 4",BRECHA: piden 4+ años de experiencia,nueva,2026-09-23T10:26:44-05:00
2010,lever:ciandt:7dea11bf-8c74-4779-a8a6-7783a2c9d744,ciandt:31893aiengineersreapp,CI&T,lever,ciandt,7dea11bf-8c74-4779-a8a6-7783a2c9d744,[31893]  AI ENGINEER SRE (APP),Brazil,https://jobs.lever.co/ciandt/7dea11bf-8c74-4779-a8a6-7783a2c9d744,2026-09-23T14:35:23.868000+00:00,2026-09-23T10:26:44-05:00,,no,ubicacion fuera de Colombia/LATAM/remoto global,desarrollo,,,,nueva,
2011,lever:ciandt:040d4541-0471-4a8c-ab6c-799926f8791d,ciandt:job31860productmanagercampinasbrazil,CI&T,lever,ciandt,040d4541-0471-4a8c-ab6c-799926f8791d,"[Job - 31860]Product Manager (Campinas),  Brazil","Campinas, SP / Brazil",https://jobs.lever.co/ciandt/040d4541-0471-4a8c-ab6c-799926f8791d,2026-09-23T10:28:06.805000+00:00,2026-09-23T10:26:44-05:00,,no,titulo fuera de perfil,desarrollo,,,,nueva,
2012,lever:ciandt:21e5ab0a-7880-4d41-807b-e233058244ad,ciandt:job31519seniorbusinessanalystcolombia,CI&T,lever,ciandt,21e5ab0a-7880-4d41-807b-e233058244ad,"[Job-31519] Senior Business Analyst, Colombia",Brazil / Colombia,https://jobs.lever.co/ciandt/21e5ab0a-7880-4d41-807b-e233058244ad,2026-09-09T13:29:09.365000+00:00,2026-09-23T10:26:44-05:00,,no,titulo fuera de perfil,desarrollo,,,,nueva,
2013,lever:ciandt:53498bff-667d-4526-8b8b-a43ff0fe4ced,ciandt:job31711aiengineeragenticsdlcbrazil,CI&T,lever,ciandt,53498bff-667d-4526-8b8b-a43ff0fe4ced,"[Job-31711] AI Engineer Agentic SDLC, Brazil",Brazil,https://jobs.lever.co/ciandt/53498bff-667d-4526-8b8b-a43ff0fe4ced,2026-09-23T14:06:30.301000+00:00,2026-09-23T10:26:44-05:00,,no,ubicacion fuera de Colombia/LATAM/remoto global,desarrollo,,,,nueva,
2014,greenhouse:sezzle:8003784003,sezzle:graphicdesignintern,Sezzle,greenhouse,sezzle,8003784003,Graphic Design Intern,"Bogota, Colombia",https://job-boards.greenhouse.io/sezzle/jobs/8003784003,2026-09-23T16:06:02-04:00,2026-09-23T15:20:40-05:00,,no,titulo fuera de perfil,desarrollo,,,,nueva,
2015,greenhouse:sezzle:7695762003,sezzle:productintern,Sezzle,greenhouse,sezzle,7695762003,Product Intern,"Bogota, Colombia",https://job-boards.greenhouse.io/sezzle/jobs/7695762003,2026-04-09T18:12:22-04:00,2026-09-23T15:20:40-05:00,,no,titulo fuera de perfil,desarrollo,,,,nueva,
2016,greenhouse:ninjatrader:4716071006,ninjatrader:creativedirector,NinjaTrader,greenhouse,ninjatrader,4716071006,Creative Director,Chicago or Remote*,https://job-boards.greenhouse.io/ninjatrader/jobs/4716071006,2026-09-23T15:48:56-04:00,2026-09-23T15:20:40-05:00,,no,titulo fuera de perfil,desarrollo,,,,nueva,
2017,greenhouse:twilio:7983662,twilio:compensationmanager,Twilio,greenhouse,twilio,7983662,Compensation Manager,Remote - US,https://job-boards.greenhouse.io/twilio/jobs/7983662,2026-07-22T13:05:58-04:00,2026-09-23T15:20:40-05:00,,no,titulo fuera de perfil,desarrollo,,,,nueva,
2018,greenhouse:twilio:8028956,twilio:technicalaccountmanager3,Twilio,greenhouse,twilio,8028956,Technical Account Manager 3,Remote - Colombia,https://job-boards.greenhouse.io/twilio/jobs/8028956,2026-07-06T18:16:15-04:00,2026-09-23T15:20:40-05:00,,si,ubicacion compatible,desarrollo,0,"stack 2.4 (bruto 6) | seniority 0 (lead, desarrollo) | contexto 4",KNOCKOUT: seniority 'lead' fuera de alcance en rol de desarrollo || BRECHA: piden 4+ años de experiencia,nueva,
2019,greenhouse:gitlab:8623592002,gitlab:principalsitereliabilityengineerplatformengineeringdedicated,GitLab,greenhouse,gitlab,8623592002,"Principal Site Reliability Engineer, Platform Engineering: Dedicated","Remote, Canada; Remote, United Kingdom; Remote, United States",https://job-boards.greenhouse.io/gitlab/jobs/8623592002,2026-09-23T11:37:50-04:00,2026-09-23T15:20:40-05:00,,no,ubicacion fuera de Colombia/LATAM/remoto global,desarrollo,,,,nueva,
2020,greenhouse:gitlab:8811842002,gitlab:seniorcontractsmanagercommercialemea,GitLab,greenhouse,gitlab,8811842002,"Senior Contracts Manager, Commercial (EMEA)","Remote Ireland; Remote, United Kingdom",https://job-boards.greenhouse.io/gitlab/jobs/8811842002,2026-09-23T12:27:56-04:00,2026-09-23T15:20:40-05:00,,no,titulo fuera de perfil,desarrollo,,,,nueva,
2021,greenhouse:gitlab:8838202002,gitlab:seniordeveloperadvocate,GitLab,greenhouse,gitlab,8838202002,Senior Developer Advocate,"Remote, Canada; Remote, United States",https://job-boards.greenhouse.io/gitlab/jobs/8838202002,2026-09-23T16:17:55-04:00,2026-09-23T15:20:40-05:00,,no,ubicacion fuera de Colombia/LATAM/remoto global,desarrollo,,,,nueva,
2022,greenhouse:gitlab:8691770002,gitlab:staffprofessionalservicesoperationsmanager,GitLab,greenhouse,gitlab,8691770002,Staff Professional Services Operations Manager,"Remote, Canada; Remote, United States",https://job-boards.greenhouse.io/gitlab/jobs/8691770002,2026-09-23T13:59:56-04:00,2026-09-23T15:20:40-05:00,,no,titulo fuera de perfil,automatizacion,,,,nueva,
2023,greenhouse:gitlab:8691382002,gitlab:strategicaccountexecutivesanfrancisco,GitLab,greenhouse,gitlab,8691382002,Strategic Account Executive - San Francisco,Remote,https://job-boards.greenhouse.io/gitlab/jobs/8691382002,2026-09-23T15:14:40-04:00,2026-09-23T15:20:40-05:00,,no,titulo fuera de perfil,desarrollo,,,,nueva,
2024,greenhouse:turing:6205748004,turing:executiveassistant,Turing,greenhouse,turing,6205748004,Executive Assistant,"Brazil; Colombia, Huila, Colombia; São Paulo, Brazil",https://job-boards.greenhouse.io/turing/jobs/6205748004,2026-09-23T13:53:31-04:00,2026-09-23T15:20:40-05:00,,no,titulo fuera de perfil,desarrollo,,,,nueva,
2025,greenhouse:turing:6174327004,turing:seniordevopsinfrastructureengineer,Turing,greenhouse,turing,6174327004,Senior DevOps & Infrastructure Engineer,"Colombia, Huila, Colombia; São Paulo, Brazil",https://job-boards.greenhouse.io/turing/jobs/6174327004,2026-08-29T21:22:54-04:00,2026-09-23T15:20:40-05:00,,si,ubicacion compatible,desarrollo,0,"stack 1.8 (bruto 4.5) | seniority 3 (senior, desarrollo) | contexto 0",KNOCKOUT: stack 1.8 bajo el piso de 2.0 || BRECHA: título 'senior' en rol de desarrollo || BRECHA: piden 5+ años de experiencia,nueva,
2026,greenhouse:turing:6191482004,turing:senioritengineer,Turing,greenhouse,turing,6191482004,Senior IT Engineer,Global - Remote,https://job-boards.greenhouse.io/turing/jobs/6191482004,2026-09-14T10:54:27-04:00,2026-09-23T15:20:40-05:00,,si,"remoto sin pais, confirmar elegibilidad",desarrollo,2.5,"stack 3.2 (bruto 8) | seniority 3 (senior, desarrollo) | contexto 0",BRECHA: título 'senior' en rol de desarrollo || BRECHA: piden 5+ años de experiencia,nueva,
2027,ashby:supabase:c9f78e74-fb9d-4cd0-af0b-b1cec4632331,supabase:orioledbdeploymentengineeramer,Supabase,ashby,supabase,c9f78e74-fb9d-4cd0-af0b-b1cec4632331,OrioleDB Deployment Engineer (AMER),"Remote, AMER",https://jobs.ashbyhq.com/supabase/c9f78e74-fb9d-4cd0-af0b-b1cec4632331,2026-09-23T19:21:08.593+00:00,2026-09-23T15:20:40-05:00,,si,"remoto sin pais, confirmar elegibilidad",desarrollo,3.7,"stack 2.2 (bruto 5.5) | seniority 6 (sin_marca, desarrollo) | contexto 4",BRECHA: piden 3+ años de experiencia,nueva,
2028,ashby:n8n:bf5c14d9-3371-416b-9832-2d3c38de3796,n8n:enterprisesalesdevelopmentrepresentativeushybrid,n8n,ashby,n8n,bf5c14d9-3371-416b-9832-2d3c38de3796,Enterprise Sales Development Representative US (Hybrid),Boston,https://jobs.ashbyhq.com/n8n/bf5c14d9-3371-416b-9832-2d3c38de3796,2026-09-23T15:30:45.047+00:00,2026-09-23T15:20:40-05:00,,no,titulo fuera de perfil,desarrollo,,,,nueva,
2029,ashby:n8n:1fbf28aa-39c9-4ce4-a29a-238a725d8014,n8n:midmarketaccountexecutiveus,n8n,ashby,n8n,1fbf28aa-39c9-4ce4-a29a-238a725d8014,Mid-Market Account Executive (US),Boston / Florida / New York / Virginia / Georgia / New Jersey / Texas,https://jobs.ashbyhq.com/n8n/1fbf28aa-39c9-4ce4-a29a-238a725d8014,2026-09-23T15:40:08.332+00:00,2026-09-23T15:20:40-05:00,,no,titulo fuera de perfil,desarrollo,,,,nueva,
2030,ashby:prefect:5d1181d6-f772-4a6e-93d1-16d555e2fb8d,prefect:seniorsalesengineer,Prefect,ashby,prefect,5d1181d6-f772-4a6e-93d1-16d555e2fb8d,Senior Sales Engineer,Remote,https://jobs.ashbyhq.com/prefect/5d1181d6-f772-4a6e-93d1-16d555e2fb8d,2026-09-23T19:13:02.638+00:00,2026-09-23T15:20:40-05:00,,si,"remoto sin pais, confirmar elegibilidad",desarrollo,3.9,"stack 4.4 (bruto 11) | seniority 3 (senior, desarrollo) | contexto 4",BRECHA: título 'senior' en rol de desarrollo,nueva,
2031,lever:ciandt:ce1a3e27-aa5f-4e70-945e-6575d0c05d55,ciandt:job31343dataproductmanagerbrazil,CI&T,lever,ciandt,ce1a3e27-aa5f-4e70-945e-6575d0c05d55,"[Job - 31343] Data Product Manager, Brazil",Brazil,https://jobs.lever.co/ciandt/ce1a3e27-aa5f-4e70-945e-6575d0c05d55,2026-09-23T17:42:12.276000+00:00,2026-09-23T15:20:40-05:00,,no,ubicacion fuera de Colombia/LATAM/remoto global,desarrollo,,,,nueva,
2032,lever:ciandt:2fee42ea-7501-4f7f-bb44-779b0e92f072,ciandt:job31343dataproductmanagercolombia,CI&T,lever,ciandt,2fee42ea-7501-4f7f-bb44-779b0e92f072,"[Job - 31343] Data Product Manager, Colombia",Colombia,https://jobs.lever.co/ciandt/2fee42ea-7501-4f7f-bb44-779b0e92f072,2026-09-23T17:43:59.960000+00:00,2026-09-23T15:20:40-05:00,,si,ubicacion compatible,desarrollo,0,"stack 0.0 (bruto 0) | seniority 0 (lead, desarrollo) | contexto 4",KNOCKOUT: stack 0.0 bajo el piso de 2.0 || KNOCKOUT: seniority 'lead' fuera de alcance en rol de desarrollo,nueva,
2033,lever:ciandt:5e290254-c637-4c8d-8d55-6b11b7a21795,ciandt:job31821masterdataarchitectdatabrickscolombia,CI&T,lever,ciandt,5e290254-c637-4c8d-8d55-6b11b7a21795,"[Job -31821] Master Data Architect (Databricks), Colombia",Colombia,https://jobs.lever.co/ciandt/5e290254-c637-4c8d-8d55-6b11b7a21795,2026-09-23T16:59:10.745000+00:00,2026-09-23T15:20:40-05:00,,si,ubicacion compatible,desarrollo,0,"stack 0.0 (bruto 0) | seniority 0 (lead, desarrollo) | contexto 4",KNOCKOUT: stack 0.0 bajo el piso de 2.0 || KNOCKOUT: seniority 'lead' fuera de alcance en rol de desarrollo,nueva,
2034,lever:ciandt:caa8c6fe-23e4-447d-b0e0-7a8e4819b96d,ciandt:job31821masterdataarchitectdatabricksmexico,CI&T,lever,ciandt,caa8c6fe-23e4-447d-b0e0-7a8e4819b96d,"[Job -31821] Master Data Architect (Databricks), Mexico",Mexico City,https://jobs.lever.co/ciandt/caa8c6fe-23e4-447d-b0e0-7a8e4819b96d,2026-09-23T17:02:50.803000+00:00,2026-09-23T15:20:40-05:00,,no,ubicacion fuera de Colombia/LATAM/remoto global,desarrollo,,,,nueva,
2035,lever:ciandt:e41894d3-625f-44df-b3cf-2d8be808529e,ciandt:job31840developerbackendjavaplenofocoemia,CI&T,lever,ciandt,e41894d3-625f-44df-b3cf-2d8be808529e,[Job 31840] Developer  Backend Java Pleno (Foco em IA)),Brazil,https://jobs.lever.co/ciandt/e41894d3-625f-44df-b3cf-2d8be808529e,2026-09-23T17:04:23.354000+00:00,2026-09-23T15:20:40-05:00,,no,ubicacion fuera de Colombia/LATAM/remoto global,desarrollo,,,,nueva,
2036,lever:ciandt:637d3472-811c-4382-93c9-56657812f9bc,ciandt:job31894aiorchestratorappsre,CI&T,lever,ciandt,637d3472-811c-4382-93c9-56657812f9bc,[Job 31894] AI ORCHESTRATOR (APP SRE),Brazil,https://jobs.lever.co/ciandt/637d3472-811c-4382-93c9-56657812f9bc,2026-09-23T19:10:26.581000+00:00,2026-09-23T15:20:40-05:00,,no,ubicacion fuera de Colombia/LATAM/remoto global,desarrollo,,,,nueva,
2037,lever:ciandt:fba2f6df-732e-4432-9e27-becc18ee5efe,ciandt:job31895aiengineerarquiteturaappsre,CI&T,lever,ciandt,fba2f6df-732e-4432-9e27-becc18ee5efe,[Job 31895] AI ENGINEER ( Arquitetura APP SRE ),Brazil,https://jobs.lever.co/ciandt/fba2f6df-732e-4432-9e27-becc18ee5efe,2026-09-23T18:32:13.676000+00:00,2026-09-23T15:20:40-05:00,,no,ubicacion fuera de Colombia/LATAM/remoto global,desarrollo,,,,nueva,
2038,lever:ciandt:552108b0-0598-4f0f-b757-293f0088e8a4,ciandt:job31488seniordatadevelopercolombia,CI&T,lever,ciandt,552108b0-0598-4f0f-b757-293f0088e8a4,"[Job-31488] Senior Data Developer, Colombia",Colombia,https://jobs.lever.co/ciandt/552108b0-0598-4f0f-b757-293f0088e8a4,2026-09-23T19:55:04.124000+00:00,2026-09-23T15:20:40-05:00,,si,ubicacion compatible,desarrollo,3.9,"stack 4.4 (bruto 11) | seniority 3 (senior, desarrollo) | contexto 4",BRECHA: título 'senior' en rol de desarrollo,nueva,
2039,lever:ciandt:69c9587c-0656-4628-8260-aed3aaaf5751,ciandt:job31657seniordatadeveloperbrazil,CI&T,lever,ciandt,69c9587c-0656-4628-8260-aed3aaaf5751,"[Job-31657] Senior Data Developer, Brazil",Brazil,https://jobs.lever.co/ciandt/69c9587c-0656-4628-8260-aed3aaaf5751,2026-09-23T19:02:23.147000+00:00,2026-09-23T15:20:40-05:00,,no,ubicacion fuera de Colombia/LATAM/remoto global,desarrollo,,,,nueva,
2040,lever:ciandt:7c6eaf30-6826-4b3c-a18c-2d53b3eaf10c,ciandt:job31657seniordatadevelopercolombia,CI&T,lever,ciandt,7c6eaf30-6826-4b3c-a18c-2d53b3eaf10c,"[Job-31657] Senior Data Developer, Colombia",Colombia,https://jobs.lever.co/ciandt/7c6eaf30-6826-4b3c-a18c-2d53b3eaf10c,2026-09-23T19:53:09.264000+00:00,2026-09-23T15:20:40-05:00,,si,ubicacion compatible,desarrollo,2.7,"stack 2.0 (bruto 5) | seniority 3 (senior, desarrollo) | contexto 4",BRECHA: título 'senior' en rol de desarrollo || RIESGO: exigen inglés alto,nueva,
2041,lever:ciandt:4d7bc941-0565-42dc-a15b-a37b66ff8d69,ciandt:job31658seniordataanalyticsspecialistbrazil,CI&T,lever,ciandt,4d7bc941-0565-42dc-a15b-a37b66ff8d69,"[Job-31658] Senior Data & Analytics Specialist, Brazil",Brazil,https://jobs.lever.co/ciandt/4d7bc941-0565-42dc-a15b-a37b66ff8d69,2026-09-23T18:59:48.081000+00:00,2026-09-23T15:20:40-05:00,,no,ubicacion fuera de Colombia/LATAM/remoto global,desarrollo,,,,nueva,
2042,lever:ciandt:bb0d9d3e-497c-4205-822c-daec510ed584,ciandt:job31658seniordataanalyticsspecialistcolombia,CI&T,lever,ciandt,bb0d9d3e-497c-4205-822c-daec510ed584,"[Job-31658] Senior Data & Analytics Specialist, Colombia",Colombia,https://jobs.lever.co/ciandt/bb0d9d3e-497c-4205-822c-daec510ed584,2026-09-23T19:53:38.894000+00:00,2026-09-23T15:20:40-05:00,,si,ubicacion compatible,desarrollo,2.7,"stack 2.0 (bruto 5) | seniority 3 (senior, desarrollo) | contexto 4",BRECHA: título 'senior' en rol de desarrollo || RIESGO: exigen inglés alto,nueva,
2043,lever:ciandt:20902aad-10cb-4000-bcfc-42ff30476ebc,ciandt:job31836seniordatadevelopercolombia,CI&T,lever,ciandt,20902aad-10cb-4000-bcfc-42ff30476ebc,"[Job-31836] Senior Data Developer, Colombia",Colombia,https://jobs.lever.co/ciandt/20902aad-10cb-4000-bcfc-42ff30476ebc,2026-09-23T19:56:30.783000+00:00,2026-09-23T15:20:40-05:00,,si,ubicacion compatible,desarrollo,2.7,"stack 2.0 (bruto 5) | seniority 3 (senior, desarrollo) | contexto 4",BRECHA: título 'senior' en rol de desarrollo || RIESGO: exigen inglés alto,nueva,
2044,lever:ciandt:c65b97b9-63d6-4827-861e-db23d86da2f9,ciandt:job31837masterdataopsdevelopercolombia,CI&T,lever,ciandt,c65b97b9-63d6-4827-861e-db23d86da2f9,"[Job-31837] Master DataOps Developer, Colombia",Colombia,https://jobs.lever.co/ciandt/c65b97b9-63d6-4827-861e-db23d86da2f9,2026-09-23T19:57:06.292000+00:00,2026-09-23T15:20:40-05:00,,si,ubicacion compatible,desarrollo,3.6,"stack 2.0 (bruto 5) | seniority 6 (sin_marca, desarrollo) | contexto 4",RIESGO: exigen inglés alto,nueva,
2045,lever:ciandt:f262ea97-6efb-4cb3-a195-d727a7bc8324,ciandt:job31838seniordataanalystdataqualityreportingcolombia,CI&T,lever,ciandt,f262ea97-6efb-4cb3-a195-d727a7bc8324,"[Job-31838] Senior Data Analyst (Data Quality & Reporting), Colombia",Colombia,https://jobs.lever.co/ciandt/f262ea97-6efb-4cb3-a195-d727a7bc8324,2026-09-23T19:57:40.538000+00:00,2026-09-23T15:20:40-05:00,,si,ubicacion compatible,desarrollo,2.7,"stack 2.0 (bruto 5) | seniority 3 (senior, desarrollo) | contexto 4",BRECHA: título 'senior' en rol de desarrollo || RIESGO: exigen inglés alto,nueva,
2046,greenhouse:sezzle:8003978003,sezzle:directorcpgpartnerships,Sezzle,greenhouse,sezzle,8003978003,"Director, CPG Partnerships","United States, Remote",https://job-boards.greenhouse.io/sezzle/jobs/8003978003,2026-09-23T17:29:02-04:00,2026-09-23T20:23:14-05:00,,no,titulo fuera de perfil,desarrollo,,,,nueva,
2047,greenhouse:sezzle:8003948003,sezzle:productmanagementintern,Sezzle,greenhouse,sezzle,8003948003,Product Management Intern,"Brazil, Remote",https://job-boards.greenhouse.io/sezzle/jobs/8003948003,2026-09-23T17:07:23-04:00,2026-09-23T20:23:14-05:00,,no,titulo fuera de perfil,desarrollo,,,,nueva,
2048,greenhouse:sezzle:8003977003,sezzle:productmanagementintern,Sezzle,greenhouse,sezzle,8003977003,Product Management Intern,"Mexico, Remote",https://job-boards.greenhouse.io/sezzle/jobs/8003977003,2026-09-23T17:27:01-04:00,2026-09-23T20:23:14-05:00,,no,titulo fuera de perfil,desarrollo,,,,nueva,
2049,greenhouse:sezzle:8004009003,sezzle:productmanagementintern,Sezzle,greenhouse,sezzle,8004009003,Product Management Intern,"Argentina, Remote",https://job-boards.greenhouse.io/sezzle/jobs/8004009003,2026-09-23T18:23:37-04:00,2026-09-23T20:23:14-05:00,,no,titulo fuera de perfil,desarrollo,,,,nueva,
2050,greenhouse:ninjatrader:4716113006,ninjatrader:clientservicesrepresentative,NinjaTrader,greenhouse,ninjatrader,4716113006,Client Services Representative,"Chicago, IL",https://job-boards.greenhouse.io/ninjatrader/jobs/4716113006,2026-09-23T16:34:55-04:00,2026-09-23T20:23:14-05:00,,no,titulo fuera de perfil,desarrollo,,,,nueva,
2051,greenhouse:ninjatrader:4716106006,ninjatrader:executiveassistant,NinjaTrader,greenhouse,ninjatrader,4716106006,Executive Assistant,"Chicago, IL",https://job-boards.greenhouse.io/ninjatrader/jobs/4716106006,2026-09-23T16:25:35-04:00,2026-09-23T20:23:14-05:00,,no,titulo fuera de perfil,desarrollo,,,,nueva,
2052,greenhouse:twilio:8227365,twilio:seniormanagerdeveloperevangelismamericas,Twilio,greenhouse,twilio,8227365,"Senior Manager, Developer Evangelism Americas",Remote - US,https://job-boards.greenhouse.io/twilio/jobs/8227365,2026-09-23T16:50:48-04:00,2026-09-23T20:23:14-05:00,,no,ubicacion fuera de Colombia/LATAM/remoto global,desarrollo,,,,nueva,
2053,lever:ciandt:8a0777f7-0439-49fb-a06d-5dfa0734dbca,ciandt:31868aifullstackjavaangulardesenvolvedor,CI&T,lever,ciandt,8a0777f7-0439-49fb-a06d-5dfa0734dbca,[31868]  AI Fullstack Java/Angular Desenvolvedor,Brazil,https://jobs.lever.co/ciandt/8a0777f7-0439-49fb-a06d-5dfa0734dbca,2026-09-23T22:15:53.419000+00:00,2026-09-23T20:23:14-05:00,,no,ubicacion fuera de Colombia/LATAM/remoto global,desarrollo,,,,nueva,
2054,lever:ciandt:8ad6115c-1252-47a5-82b4-4c0209377a20,ciandt:job31491specialistawscloudapplicationgolangbrasil,CI&T,lever,ciandt,8ad6115c-1252-47a5-82b4-4c0209377a20,"[Job - 31491] Specialist, AWS Cloud Application - GoLang, Brasil",Brazil,https://jobs.lever.co/ciandt/8ad6115c-1252-47a5-82b4-4c0209377a20,2026-09-23T20:56:03.721000+00:00,2026-09-23T20:23:14-05:00,,no,titulo fuera de perfil,desarrollo,,,,nueva,
